Start,-80.0094893220899,40.4915855241028,-80.008887253372,40.4869745617861,MC KNIGHT RD RAMP,1566.71842843,65.0207031597355
Trans,-80.0074063091892,40.4767068490662,-80.008887253372,40.4869745617861,I-279,3924.95936059,28.7230632840405
Trans,-80.0051719622571,40.474636986069,-80.0074063091892,40.4767068490662,I-279 RAMP,1080.27063651,24.9293139738064
Trans,-80.0045442063298,40.472729680492,-80.0051719622571,40.474636986069,SCHRAUDER PL,147.1284703,28.2353366198479
Trans,-80.0044526968336,40.472510705269,-80.0045442063298,40.472729680492,EAST ST,83.73694073,23.359150137523
Trans,-80.0014217883686,40.4689467427693,-80.0044526968336,40.472510705269,EAST ST,1580.70192572,24.5768413634504
Trans,-79.9997466232597,40.4659781128226,-80.0014217883686,40.4689467427693,EAST ST,1178.08834936,23.3300826036592
Trans,-79.9996633485942,40.4657633943647,-79.9997466232597,40.4659781128226,EAST ST,81.58165997,25.8365580084536
Trans,-79.9988940497497,40.4624187997069,-79.9996633485942,40.4657633943647,EAST ST,1242.00275381,36.2864659094738
Trans,-79.9984155976068,40.4588420025037,-79.9988940497497,40.4624187997069,EAST ST,1326.3409679,11.2716155739512
Trans,-79.9983412390784,40.4586828901265,-79.9984155976068,40.4588420025037,EAST ST,61.54700646,32.2011974324194
Trans,-79.9982495047053,40.458439006243,-79.9983412390784,40.4586828901265,MADISON AVE,194.54083391,30.8142132273596
Trans,-79.9981444177852,40.4581704934686,-79.9982495047053,40.458439006243,MADISON AVE,194.54083391,45.1509897863822
Trans,-79.9979542247161,40.4576142047893,-79.9981444177852,40.4581704934686,MADISON AVE,209.51863554,34.8006538631596
Trans,-79.9978497457838,40.4572567841107,-79.9979542247161,40.4576142047893,MADISON AVE,133.42951851,33.305624444086
Trans,-79.997624518213,40.4565794137058,-79.9978497457838,40.4572567841107,MADISON AVE,254.60338069,38.7467552950315
Trans,-79.9974813818853,40.4561674837146,-79.997624518213,40.4565794137058,MADISON AVE,155.2649664,20.7751732755891
Trans,-79.997351829956,40.4557586352816,-79.9974813818853,40.4561674837146,MADISON AVE,153.24470377,19.4130546251482
Trans,-79.9972161564041,40.4553413257713,-79.997351829956,40.4557586352816,MADISON AVE,156.64412643,17.9881048635332
Trans,-79.9970464348057,40.45481913309,-79.9972161564041,40.4553413257713,MADISON AVE,196.01113636,13.6726166964141
Trans,-79.9968277007334,40.4541608560298,-79.9970464348057,40.45481913309,MADISON AVE,247.42115761,55.2911656321132
Trans,-79.9968277007334,40.4541608560298,-79.994517148852,40.4549550973842,EAST OHIO ST,717.00721146,32.0760875884042
Trans,-79.9902019105031,40.4565162767842,-79.994517148852,40.4549550973842,EAST OHIO ST,1341.94325787,32.3601989318046
Trans,-79.9902019105031,40.4565162767842,-79.9887397472419,40.4571803847748,EAST OHIO ST,474.23085042,34.3622956072071
Trans,-79.9887397472419,40.4571803847748,-79.979833939892,40.4647756106821,ALLEQUIPPA ST,63.49490754,22.6281816280279
Trans,-79.979833939892,40.4647756106821,-79.97942123021,40.4645937635711,31ST ST BRG,132.57351916,30.9975682424015
Trans,-79.97942123021,40.4645937635711,-79.9746014247983,40.4624650538394,31ST ST BRG,1549.25884163,35.283209584244
Trans,-79.9746014247983,40.4624650538394,-79.9713670515473,40.459794711228,31ST ST BRG,1327.29382478,14.3636428118033
Trans,-79.9713670515473,40.459794711228,-79.9712749696591,40.4598569651379,PENN AVE,34.21823086,17.1251812695512
Trans,-79.9712749696591,40.4598569651379,-79.9699490292631,40.4607719970544,PENN AVE,497.24683688,18.0822204216451
Trans,-79.9699490292631,40.4607719970544,-79.9687745941606,40.4615838923595,PENN AVE,440.77039774,16.6419644359486
Trans,-79.9687745941606,40.4615838923595,-79.9684187895226,40.4612999190752,33RD ST,143.19319459,16.373128898258
Trans,-79.9684187895226,40.4612999190752,-79.9680740947411,40.4610120407004,33RD ST,142.12011811,18.3409660251838
Trans,-79.9680740947411,40.4610120407004,-79.9670912099711,40.4615686545326,LIBERTY AVE,320.42492161,18.2012196132072
Trans,-79.9670912099711,40.4615686545326,-79.9660258702111,40.4616677680081,LIBERTY AVE,298.66653619,20.2065772645494
Trans,-79.9660258702111,40.4616677680081,-79.9653385987001,40.4617304530136,LIBERTY AVE,192.59594153,24.8725397089158
Trans,-79.9653385987001,40.4617304530136,-79.963942102906,40.4618579463959,LIBERTY AVE,391.34856658,19.5874375257645
Trans,-79.963942102906,40.4618579463959,-79.9619979888688,40.4620454138371,LIBERTY AVE,545.2901632,27.6403228743916
Trans,-79.9619979888688,40.4620454138371,-79.9608116761662,40.4622243638009,LIBERTY AVE,336.53099271,20.2616165481475
Trans,-79.9608116761662,40.4622243638009,-79.959837847764,40.4623876563113,LIBERTY AVE,277.42426533,23.1151948968192
Trans,-79.959837847764,40.4623876563113,-79.9593592112742,40.4624682827214,LIBERTY AVE,136.38227974,24.1536987528187
Trans,-79.9593592112742,40.4624682827214,-79.9572846292046,40.4628167368605,LIBERTY AVE,591.08135633,21.451362427816
Trans,-79.9572846292046,40.4628167368605,-79.9566481094383,40.4629235421844,LIBERTY AVE,181.34207333,26.4878861428057
Trans,-79.9566481094383,40.4629235421844,-79.9559969251824,40.4630290644147,LIBERTY AVE,185.22782353,20.1665734439953
Trans,-79.9559969251824,40.4630290644147,-79.9551083741504,40.4631761015134,LIBERTY AVE,252.97721395,17.6375789623914
Trans,-79.9551083741504,40.4631761015134,-79.9540109979473,40.4633777635809,LIBERTY AVE,314.26151061,21.3800349509245
Trans,-79.9540109979473,40.4633777635809,-79.9528271869621,40.4636423840418,LIBERTY AVE,345.52383426,21.4023502593357
Trans,-79.9528271869621,40.4636423840418,-79.9518116510469,40.4631456687153,LIBERTY AVE,337.62944746,30.2607307195543
Trans,-79.9518116510469,40.4631456687153,-79.9508841383633,40.4626362161521,LIBERTY AVE,317.89129945,19.668948755547
Trans,-79.9508841383633,40.4626362161521,-79.9503466501259,40.4623457795619,LIBERTY AVE,183.31121619,21.3084366390427
Trans,-79.9503466501259,40.4623457795619,-79.9498773356147,40.462092570414,LIBERTY AVE,159.88317461,21.2814016473354
Trans,-79.9498773356147,40.462092570414,-79.9493958265285,40.4618373599991,LIBERTY AVE,163.08097627,21.2237836144202
Trans,-79.9493958265285,40.4618373599991,-79.9489444360956,40.4615961614847,LIBERTY AVE,153.28640337,21.0003599628378
Trans,-79.9489444360956,40.4615961614847,-79.9484802688743,40.4613488558736,LIBERTY AVE,157.47585119,21.6866736065365
Trans,-79.9484802688743,40.4613488558736,-79.9480659343265,40.4611276294877,LIBERTY AVE,140.66769948,20.7626131753444
Trans,-79.9480659343265,40.4611276294877,-79.9470930032597,40.4606154066817,LIBERTY AVE,328.81498317,22.5603562732931
Trans,-79.9470930032597,40.4606154066817,-79.9459627169364,40.4600036264261,LIBERTY AVE,385.48769739,22.6994390866637
Trans,-79.9459627169364,40.4600036264261,-79.9449320387665,40.4594556719228,WINTERBURN AVE,117.9033739,26.0655657655772
Trans,-79.9449320387665,40.4594556719228,-79.9451941968632,40.4591024875435,GROSS ST,151.2553527,25.9683557776958
End,-79.9451941968632,40.4591024875435,-79.9454836890288,40.4587884258094,GROSS ST,139.92689993,26.3862911868159
Start,-79.9690727761987,40.4286254051275,-79.9683815144182,40.4284529096625,SIDNEY ST,202.44223115,21.3250192807689
Trans,-79.9694058898256,40.428701753797,-79.9690727761987,40.4286254051275,SIDNEY ST,96.81721553,23.9566102088329
Trans,-79.9694058898256,40.428701753797,-79.9696085637372,40.4282681318061,S 25TH ST,167.74198447,14.3145282226435
Trans,-79.9696085637372,40.4282681318061,-79.9698064511069,40.427839234538,S 25TH ST,165.6767104,14.5387034096278
Trans,-79.9711674691763,40.4282110565828,-79.9698064511069,40.427839234538,E CARSON ST,402.38896658,14.0779536512396
Trans,-79.9730368160275,40.4283201203986,-79.9711674691763,40.4282110565828,E CARSON ST,521.9366148,14.6826220935628
Trans,-79.9736072798972,40.4283624304508,-79.9730368160275,40.4283201203986,E CARSON ST,159.56475655,26.3929390802638
Trans,-79.9746388294416,40.4284125925229,-79.9736072798972,40.4283624304508,E CARSON ST,287.82746082,25.0600921610672
Trans,-79.9762651254185,40.4285057754976,-79.9746388294416,40.4284125925229,E CARSON ST,454.0274333,20.3364777174098
Trans,-79.977635495065,40.428587909538,-79.9762651254185,40.4285057754976,E CARSON ST,382.67615606,25.6674623837135
Trans,-79.9791352297007,40.4286701927452,-79.977635495065,40.428587909538,E CARSON ST,418.58943118,7.59690526527893
Trans,-79.9805619636028,40.4287587558828,-79.9791352297007,40.4286701927452,E CARSON ST,398.50490716,11.6595413104583
Trans,-79.9820471348428,40.4288350178983,-79.9805619636028,40.4287587558828,E CARSON ST,414.42918045,28.5204835021155
Trans,-79.9827117768552,40.4288319576931,-79.9820471348428,40.4288350178983,E CARSON ST,185.06214762,27.3257281614903
Trans,-79.982828465619,40.4288291882868,-79.9827117768552,40.4288319576931,E CARSON ST,32.50050826,26.00151198669
Trans,-79.9834244755355,40.4288151803566,-79.982828465619,40.4288291882868,E CARSON ST,166.00247814,21.9567842781488
Trans,-79.9841461839963,40.4287992531994,-79.9834244755355,40.4288151803566,E CARSON ST,201.00168677,9.10515752190423
Trans,-79.9853270945679,40.428774867925,-79.9841461839963,40.4287992531994,E CARSON ST,328.87835798,22.5056747404511
Trans,-79.9864221975677,40.4287499000661,-79.9853270945679,40.428774867925,E CARSON ST,305.0031095,33.8896850327401
Trans,-79.9875177884176,40.4287261132372,-79.9864221975677,40.4287499000661,FORMOSA WAY,500.16735085,7.4789243958562
Trans,-79.9885734086844,40.4287024904679,-79.9875177884176,40.4287261132372,E CARSON ST,294.00249857,24.194439035192
Trans,-79.9898085257721,40.428673919942,-79.9885734086844,40.4287024904679,E CARSON ST,344.00531025,23.3211283699174
Trans,-79.9910212654017,40.4286477431664,-79.9898085257721,40.428673919942,E CARSON ST,337.7528228,22.5258493223106
Trans,-79.9910383119872,40.429025744048,-79.9910212654017,40.4286477431664,S 8TH ST,137.7897489,48.5019645214427
Trans,-79.992252402875,40.4289995282579,-79.9910383119872,40.429025744048,CABOT WAY,338.13048072,15.6042404575927
Trans,-79.9936108443321,40.4289650049068,-79.992252402875,40.4289995282579,CABOT WAY,378.38739019,55.2400511223898
Trans,-79.9948813210134,40.4291080833418,-79.9936108443321,40.4289650049068,CABOT WAY,357.85574188,33.4593114759513
Trans,-79.9961686592122,40.4295550997666,-79.9948813210134,40.4291080833418,CABOT WAY,393.83285634,28.3348675139469
Trans,-79.9975597519291,40.4300419577399,-79.9961686592122,40.4295550997666,MC KEAN ST,197.01187006,16.3462541967967
Trans,-79.9975597519291,40.4300419577399,-79.9977867921145,40.4296708787958,S 3RD ST,149.22969108,25.4063102202075
Trans,-79.999142319895,40.4301279483788,-79.9977867921145,40.4296708787958,E CARSON ST,412.46540968,17.58281940225
Trans,-80.0004845352097,40.4305758213447,-79.999142319895,40.4301279483788,E CARSON ST,407.72419549,23.790257695577
Trans,-80.0013224681651,40.4308791363594,-80.0004845352097,40.4305758213447,E CARSON ST,258.20310855,26.6239024208134
Trans,-80.0016356882526,40.4310047498777,-80.0013224681651,40.4308791363594,E CARSON ST,98.47336047,19.1748262705821
Trans,-80.003962049183,40.432164496017,-80.0016356882526,40.4310047498777,E CARSON ST,773.33600739,27.7798408109727
Trans,-80.003962049183,40.432164496017,-80.0050672226621,40.4327886463367,W CARSON ST,383.18558772,25.8907713956065
Trans,-80.0050672226621,40.4327886463367,-80.0067752748076,40.4338305736246,W CARSON ST,608.41119396,24.7654387429257
Trans,-80.0067752748076,40.4338305736246,-80.0081235793174,40.4345371287456,W CARSON ST,456.12374088,24.1315711330961
Trans,-80.0081235793174,40.4345371287456,-80.0169876050877,40.4396997937826,W CARSON ST,3110.69708165,26.5598383969961
Trans,-80.0169876050877,40.4396997937826,-80.018878456957,40.4406917121188,W CARSON ST,650.17541183,28.3828438478374
Trans,-80.018878456957,40.4406917121188,-80.0246823277918,40.4427737351423,W CARSON ST,1774.18525927,22.5246147489649
Trans,-80.0246823277918,40.4427737351423,-80.0274857520419,40.4437747503356,WEST END CIR RAMP,861.38906197,25.9629377947969
Trans,-80.0274857520419,40.4437747503356,-80.028157188782,40.4435559154858,S MAIN ST,203.17850132,36.2821665307839
Trans,-80.028157188782,40.4435559154858,-80.0287913203028,40.4433366969772,S MAIN ST,193.72535665,24.0000184740838
Trans,-80.0287913203028,40.4433366969772,-80.029069503389,40.4432597320135,S MAIN ST,82.3477348,25.6835294089795
Trans,-80.029069503389,40.4432597320135,-80.0329074904388,40.4416139151316,S MAIN ST,1232.03459897,25.5192940187519
Trans,-80.0329074904388,40.4416139151316,-80.0340530773121,40.4412030742414,S MAIN ST,352.26564914,28.64821312643
Trans,-80.0340530773121,40.4412030742414,-80.0348048818369,40.4409179111736,S MAIN ST,233.63198028,34.6546037179268
Trans,-80.0348048818369,40.4409179111736,-80.0353884173371,40.4407049764826,S MAIN ST,179.99753009,26.8847140078449
Trans,-80.0353884173371,40.4407049764826,-80.0357106981243,40.440577610128,S MAIN ST,100.99389997,24.5341604697901
Trans,-80.0357106981243,40.440577610128,-80.0371234096647,40.4407112525974,S MAIN ST,396.25851029,27.5072455829027
Trans,-80.0371234096647,40.4407112525974,-80.0386559419716,40.4407908190175,S MAIN ST,427.81977628,39.5342008287076
Trans,-80.0386559419716,40.4407908190175,-80.0412005455005,40.4413497306328,NEIDEL ST,783.30701721,22.7517839572673
Trans,-80.0412005455005,40.4413497306328,-80.0421031949263,40.4419879336033,NEIDEL ST,342.31756828,16.371346214578
Trans,-80.0421031949263,40.4419879336033,-80.0428489721845,40.4426098426281,NEIDEL ST,307.3124244,22.6180299603647
Trans,-80.0428489721845,40.4426098426281,-80.0435425772038,40.4432033630202,NEIDEL ST,289.86357754,22.8984696625835
Trans,-80.0435425772038,40.4432033630202,-80.0440442920548,40.4430814227703,STEUBEN ST,146.88645291,24.9969216073214
Trans,-80.0440442920548,40.4430814227703,-80.0444814410739,40.4427123415059,STEUBEN ST,182.0103655,23.9445104932851
Trans,-80.0444814410739,40.4427123415059,-80.0448257046429,40.4423597767723,STEUBEN ST,160.24447315,28.04558059599
Trans,-80.0448257046429,40.4423597767723,-80.0451133874236,40.4421004949873,STEUBEN ST,123.91219604,19.8006892550982
Trans,-80.0451133874236,40.4421004949873,-80.0453059024042,40.4419489917532,STEUBEN ST,76.92485125,14.6185764137219
Trans,-80.0453059024042,40.4419489917532,-80.0468006020667,40.4410985546773,STEUBEN ST,532.01730146,25.4229700498387
Trans,-80.0468006020667,40.4410985546773,-80.0470348898955,40.4410983770312,STEUBEN ST,65.51036274,24.5584785268115
Trans,-80.0470348898955,40.4410983770312,-80.0474565597941,40.4412125256736,STEUBEN ST,125.66603744,24.5584785268115
Trans,-80.0474565597941,40.4412125256736,-80.0488544350536,40.4418840056057,STEUBEN ST,461.13176919,25.1332751740672
Trans,-80.0488544350536,40.4418840056057,-80.0496250005703,40.4420685523351,STEUBEN ST,224.90632147,24.5886715060752
Trans,-80.0496250005703,40.4420685523351,-80.0505397156214,40.4422937897834,STEUBEN ST,267.52116717,25.0455807644929
Trans,-80.0505397156214,40.4422937897834,-80.0507280280898,40.4423487348336,STEUBEN ST,56.10626257,26.2654607102428
Trans,-80.0507280280898,40.4423487348336,-80.051375014962,40.4425613617019,STEUBEN ST,196.03501622,25.6698297942261
Trans,-80.051375014962,40.4425613617019,-80.0520715803518,40.442778574816,STEUBEN ST,209.43214766,23.5859234880357
Trans,-80.0520715803518,40.442778574816,-80.0526562594495,40.44299500882,STEUBEN ST,180.85941162,23.4377772124843
Trans,-80.0526562594495,40.44299500882,-80.0532200495529,40.4432179499112,STEUBEN ST,176.6931983,22.91284232974
Trans,-80.0532200495529,40.4432179499112,-80.0540357233231,40.4435415846956,STEUBEN ST,255.81644293,23.7861913471552
Trans,-80.0540357233231,40.4435415846956,-80.0545918568631,40.4437111263828,STEUBEN ST,166.6746323,23.0162767500095
End,-80.0547564827746,40.443374984542,-80.0545918568631,40.4437111263828,ARNOLD ST,130.74782622,26.7863464220638
Start,-79.9834356529358,40.4285558214735,-79.9834695409345,40.4276256859311,S 15TH ST,338.98290888,20.9690280291772
Trans,-79.9840686475304,40.4276377004227,-79.9834695409345,40.4276256859311,SARAH ST,166.84655912,24.959745447965
Trans,-79.9847418808671,40.4276502518728,-79.9840686475304,40.4276377004227,SARAH ST,187.48144991,21.4347058988056
Trans,-79.9852896592324,40.4276584466564,-79.9847418808671,40.4276502518728,SARAH ST,152.52999676,24.4623025900165
Trans,-79.9858384035676,40.4276551231442,-79.9852896592324,40.4276584466564,SARAH ST,152.79036437,18.5997595033489
Trans,-79.9863594792774,40.4277384835941,-79.9858384035676,40.4276551231442,SARAH ST,157.64327558,36.2397769311166
Trans,-79.987500731812,40.4277106380556,-79.9863594792774,40.4277384835941,SARAH ST,318.02498968,27.5422145579965
Trans,-79.9885478108142,40.427687267105,-79.987500731812,40.4277106380556,SARAH ST,291.6288225,19.2655486683378
Trans,-79.9885478108142,40.427687267105,-79.9885452524351,40.4275966161796,S 10TH ST,33.03153276,17.9231862241882
Trans,-79.989763844125,40.4275714541321,-79.9885452524351,40.4275966161796,SELBY WAY,339.37624235,18.1526134869513
Trans,-79.989763844125,40.4275714541321,-79.9897649453549,40.4271986795492,S 9TH ST,135.80362445,28.9380035607975
Trans,-79.9934501564723,40.4277255249728,-79.9897649453549,40.4271986795492,P J MC ARDLE RDWY,1069.86231738,19.109651096188
Trans,-79.9946091270698,40.4279570223102,-79.9934501564723,40.4277255249728,P J MC ARDLE RDWY,335.16931748,38.1519019691419
Trans,-79.9979884870318,40.4292153682028,-79.9946091270698,40.4279570223102,P J MC ARDLE RDWY,1052.47822366,23.9423760340085
Trans,-79.9983610458865,40.4289903082903,-79.9979884870318,40.4292153682028,P J MC ARDLE RDWY,138.38895552,17.2784579017123
Trans,-79.9983610458865,40.4289903082903,-79.9967858546487,40.428194351801,ARLINGTON AVE,534.17000729,41.4865660039528
Trans,-79.9967858546487,40.428194351801,-80.0011631704317,40.4288779959375,WILLIAM ST,1392.35304521,38.0909412102008
Trans,-80.0011631704317,40.4288779959375,-80.0022035392572,40.4285546843832,WILLIAM ST,371.9386403,31.0791444817925
Trans,-80.0022035392572,40.4285546843832,-80.0030768755296,40.4281803424881,WATERSIDE PL,226.89290262,57.1963113937301
Trans,-80.0030768755296,40.4281803424881,-80.0044201244657,40.4275543032295,WILLIAM ST,659.33279078,22.1203935272015
Trans,-80.0044201244657,40.4275543032295,-80.0054585774346,40.4271040527942,WILLIAM ST,368.79286333,30.4222736739142
Trans,-80.0054585774346,40.4271040527942,-80.0055255500138,40.4270213117823,WILLIAM ST,58.67466508,43.9774759134631
Trans,-80.0055255500138,40.4270213117823,-80.0051702871785,40.4270163047526,BAILEY AVE,122.66571083,42.3384772711438
Trans,-80.0051702871785,40.4270163047526,-80.004442815131,40.4269936039395,BAILEY AVE,202.6991434,28.0034057742873
Trans,-80.004442815131,40.4269936039395,-80.0041964078144,40.4269893111395,BAILEY AVE,52.34889386,35.3586766458279
Trans,-80.0041964078144,40.4269893111395,-80.0040183518213,40.4269859140216,BAILEY AVE,49.58660624,38.6657295347003
Trans,-80.0040183518213,40.4269859140216,-80.0035821030462,40.426975556993,BAILEY AVE,121.50977904,37.7716771970531
Trans,-80.0035821030462,40.426975556993,-80.003243583867,40.426966628332,BAILEY AVE,94.29950995,39.1281431090885
Trans,-80.003243583867,40.426966628332,-80.0031554908984,40.4269642275197,BAILEY AVE,24.54062246,44.8172724743347
Trans,-80.0031554908984,40.4269642275197,-80.0027732993232,40.4269566824974,BAILEY AVE,106.43729845,48.6253428468582
Trans,-80.0027732993232,40.4269566824974,-80.0025932325921,40.4269527953771,BAILEY AVE,50.15042979,42.9557994324755
Trans,-80.0025932325921,40.4269527953771,-80.0024052793518,40.4269485536306,WHITE HILL DR,126.01383061,30.0755711249719
End,-80.0024052793518,40.4269485536306,-80.0020866832297,40.4269418187071,BAILEY AVE,88.73084,19.3256280346867
Start,-79.9356712479999,40.4885407864477,-79.9354703710228,40.4882101086476,LIVONIA ST,132.79605947,21.1191696973859
Trans,-79.93586668526,40.4888838372933,-79.9356712479999,40.4885407864477,LIVONIA ST,136.28484769,23.8451121640156
Trans,-79.9364899634275,40.4886546203303,-79.93586668526,40.4888838372933,WOODBINE ST,90.599816,20.7682087394535
Trans,-79.9371556186231,40.48842923155,-79.9364899634275,40.4886546203303,BUTLER ST,202.54418196,30.0329497741113
Trans,-79.9377041981304,40.4882355937109,-79.9371556186231,40.48842923155,BUTLER ST,168.10416343,33.7261221726994
Trans,-79.9422160629441,40.4866301461755,-79.9377041981304,40.4882355937109,WELLINGTON WAY,438.61639011,20.5630018090814
Trans,-79.9424831834628,40.4865364438573,-79.9422160629441,40.4866301461755,BUTLER ST,81.76699421,19.9103743174912
Trans,-79.943211245418,40.4862793898271,-79.9424831834628,40.4865364438573,BUTLER ST,223.11733069,22.7835528314899
Trans,-79.9462984079691,40.4851582349516,-79.943211245418,40.4862793898271,BUTLER ST,950.93421399,24.9943930238023
Trans,-79.9472380125335,40.4847476455847,-79.9462984079691,40.4851582349516,BUTLER ST,301.15607088,21.4880870762763
Trans,-79.9480510261019,40.4843978042903,-79.9472380125335,40.4847476455847,BUTLER ST,259.58855171,22.0844020604751
Trans,-79.9499308136034,40.4835821562992,-79.9480510261019,40.4843978042903,BUTLER ST,601.42320694,35.3605406144671
Trans,-79.9499308136034,40.4835821562992,-79.9495830763938,40.4833123010829,55TH ST,137.91692294,21.3178626372658
Trans,-79.9508526280143,40.4825728559204,-79.9495830763938,40.4833123010829,DRESDEN WAY,444.26193809,18.8759370981002
Trans,-79.9521145337439,40.4818616018246,-79.9508526280143,40.4825728559204,GREENFIELD AVE,117.23600565,21.3770510887797
Trans,-79.9530668455117,40.4813196090349,-79.9521145337439,40.4818616018246,DRESDEN WAY,330.46455952,21.56846789914
Trans,-79.9540376349735,40.4801195420487,-79.9530668455117,40.4813196090349,DRESDEN WAY,514.51987356,18.8351616036913
Trans,-79.9552620231447,40.4780713159763,-79.9540376349735,40.4801195420487,DRESDEN WAY,820.29762851,24.3510028647536
Trans,-79.9556994015255,40.4783472529758,-79.9552620231447,40.4780713159763,STANTON AVE,157.83188291,21.1989017722565
Trans,-79.9561063434177,40.4779126839449,-79.9556994015255,40.4783472529758,BUTLER ST,194.69660154,21.2336436597318
Trans,-79.9569466423412,40.477013432823,-79.9561063434177,40.4779126839449,BUTLER ST,402.50435369,21.4667672707981
Trans,-79.957641747635,40.4758535178227,-79.9569466423412,40.477013432823,BUTLER ST,474.47413956,24.4194710940014
Trans,-79.9577631057947,40.4742888192338,-79.957641747635,40.4758535178227,BUTLER ST,571.16313996,22.5026437861834
Trans,-79.9579778152291,40.4739554758552,-79.9577631057947,40.4742888192338,BUTLER ST,135.89422845,20.9168181967996
Trans,-79.9583222437649,40.4734797880513,-79.9579778152291,40.4739554758552,BUTLER ST,198.02326733,21.5669880142409
Trans,-79.9588075242324,40.472817522911,-79.9583222437649,40.4734797880513,BUTLER ST,276.47364024,22.7120071528317
Trans,-79.9592912201235,40.4721483355834,-79.9588075242324,40.472817522911,BUTLER ST,278.47478936,18.9713743688044
Trans,-79.9597949884004,40.4714610855428,-79.9592912201235,40.4721483355834,BUTLER ST,286.94996396,23.0392350383703
Trans,-79.9603386243011,40.4706330331527,-79.9597949884004,40.4714610855428,BUTLER ST,337.45418203,24.3650363487816
Trans,-79.9605676589022,40.4702838110182,-79.9603386243011,40.4706330331527,BUTLER ST,142.28820133,23.9973080034555
Trans,-79.9606249440776,40.4701976226445,-79.9605676589022,40.4702838110182,BUTLER ST,35.21216266,23.0793396929485
Trans,-79.9609102586578,40.4697957760672,-79.9606249440776,40.4701976226445,BUTLER ST,166.55992917,17.1218303467008
Trans,-79.9612935321496,40.4694917231886,-79.9609102586578,40.4697957760672,BUTLER ST,153.75785717,21.7796096039918
Trans,-79.9615471306901,40.469290028625,-79.9612935321496,40.4694917231886,BUTLER ST,101.8687048,21.8399739960907
Trans,-79.9617324544809,40.4691443005922,-79.9615471306901,40.469290028625,BUTLER ST,74.00718969,21.8399739960907
Trans,-79.9622902158894,40.4687069929587,-79.9617324544809,40.4691443005922,BUTLER ST,222.40091611,26.3448760245737
Trans,-79.9637529801949,40.4675682977016,-79.9622902158894,40.4687069929587,BUTLER ST,581.13836533,24.8286565423213
Trans,-79.9640700327216,40.4678213647127,-79.9637529801949,40.4675682977016,39TH ST,127.59773728,18.1169633847709
Trans,-79.9644485800206,40.4675384139194,-79.9640700327216,40.4678213647127,MINERAL WAY,147.37255684,19.5905356534234
Trans,-79.9647727562362,40.4672557314273,-79.9644485800206,40.4675384139194,MINERAL WAY,136.90246398,23.0095296794629
Trans,-79.9647727562362,40.4672557314273,-79.9646269612974,40.4671405388798,38TH ST,58.36576861,21.8781407543182
Trans,-79.9651480306841,40.466421869814,-79.9646269612974,40.4671405388798,MULBERRY WAY,299.37873263,26.7638677087316
Trans,-79.9657508800388,40.4655663969674,-79.9651480306841,40.466421869814,MULBERRY WAY,353.92876695,27.388837578017
Trans,-79.966751112759,40.464141002871,-79.9657508800388,40.4655663969674,MOUNTFORD AVE,178.10752464,19.8742207803804
Trans,-79.9677168834749,40.4628714868962,-79.966751112759,40.464141002871,MULBERRY WAY,538.89976172,24.5296701359592
Trans,-79.9683835774207,40.4623878665284,-79.9677168834749,40.4628714868962,MULBERRY WAY,255.84206693,21.3610799275432
Trans,-79.9691530495746,40.4619142821333,-79.9683835774207,40.4623878665284,MULBERRY WAY,278.09793338,16.9460122000956
Trans,-79.9691530495746,40.4619142821333,-79.9687745941606,40.4615838923595,33RD ST,159.94081416,16.5561313346949
Trans,-79.9699490292631,40.4607719970544,-79.9687745941606,40.4615838923595,PENN AVE,440.77039774,16.6419644359486
Trans,-79.9712749696591,40.4598569651379,-79.9699490292631,40.4607719970544,PENN AVE,497.24683688,18.0822204216451
Trans,-79.9713670515473,40.459794711228,-79.9712749696591,40.4598569651379,PENN AVE,34.21823086,17.1251812695512
Trans,-79.9746014247983,40.4624650538394,-79.9713670515473,40.459794711228,31ST ST BRG,1327.29382478,14.3636428118033
Trans,-79.97942123021,40.4645937635711,-79.9746014247983,40.4624650538394,31ST ST BRG,1549.25884163,35.283209584244
Trans,-79.979833939892,40.4647756106821,-79.97942123021,40.4645937635711,31ST ST BRG,132.57351916,30.9975682424015
Trans,-79.9887397472419,40.4571803847748,-79.979833939892,40.4647756106821,ALLEQUIPPA ST,63.49490754,22.6281816280279
Trans,-79.9902019105031,40.4565162767842,-79.9887397472419,40.4571803847748,EAST OHIO ST,474.23085042,34.3622956072071
Trans,-79.9902019105031,40.4565162767842,-79.9939136638851,40.4549521657745,PA RT 28 RAMP,1441.83508811,32.3601989318046
Trans,-79.9939136638851,40.4549521657745,-80.0009167605951,40.4494838951894,PA RT 28,2761.80309738,38.5148885526984
Trans,-80.0009167605951,40.4494838951894,-80.0020331507225,40.4495735469239,PA RT 28 RAMP,313.06210932,37.112627879132
Trans,-80.0025581772866,40.4494869449858,-80.0020331507225,40.4495735469239,LACOCK ST,149.49577821,38.3525470834915
Trans,-80.0045265038133,40.4491368209507,-80.0025581772866,40.4494869449858,CHANCERY LN,150.139277,42.9138899830252
Trans,-80.0078912959664,40.4484326874606,-80.0045265038133,40.4491368209507,LACOCK ST,1060.79945483,41.9428159644054
Trans,-80.0090161447529,40.4482345667274,-80.0078912959664,40.4484326874606,REEDSDALE ST,235.29266646,24.8850543573487
Trans,-80.0104652138363,40.4482651068643,-80.0090161447529,40.4482345667274,REEDSDALE ST,415.34056837,17.0768123923328
Trans,-80.0104652138363,40.4482651068643,-80.0116991344437,40.4483242785841,REEDSDALE ST,332.89912464,29.968099682929
Trans,-80.0134910270279,40.448395428959,-80.0116991344437,40.4483242785841,REEDSDALE ST,499.41066417,17.8314085630419
Trans,-80.0167460416329,40.4482197377917,-80.0134910270279,40.448395428959,REEDSDALE ST,913.00608771,25.1716815994106
Trans,-80.0167460416329,40.4482197377917,-80.0178258197543,40.448036975712,REEDSDALE ST,307.84311761,17.2491342609728
Trans,-80.0178258197543,40.448036975712,-80.0189684986923,40.4478282996224,REEDSDALE ST,327.26611587,13.3713386432328
Trans,-80.0189684986923,40.4478282996224,-80.0197237514766,40.4477713918316,REEDSDALE ST,211.21806037,16.0653499304948
Trans,-80.0197237514766,40.4477713918316,-80.0202143438134,40.4477337681021,REEDSDALE ST,137.22927779,21.6561943578118
Trans,-80.0202143438134,40.4477337681021,-80.02079270305,40.4479085724229,REEDSDALE ST,173.29316097,28.2010264753618
Trans,-80.02079270305,40.4479085724229,-80.0210438489677,40.4477455115666,REEDSDALE ST,99.90392429,30.9668481482329
Trans,-80.0211864833022,40.4480470057226,-80.0210438489677,40.4477455115666,CASINO DR RAMP,117.20876631,22.5396176710402
Trans,-80.0213379835163,40.4482199890876,-80.0211864833022,40.4480470057226,CASINO DR RAMP,76.03903486,19.6049807582285
Trans,-80.0215371314171,40.4483682208855,-80.0213379835163,40.4482199890876,CASINO DR RAMP,77.59677428,24.4253747398873
Trans,-80.0248714366943,40.4489409190515,-80.0215371314171,40.4483682208855,CASINO DR RAMP,958.2800929,28.2720869892178
Trans,-80.0259997145711,40.4481585188543,-80.0248714366943,40.4489409190515,WEST END BRG RAMP,429.87603827,26.0181292184459
Trans,-80.0282028692209,40.4442566805771,-80.0259997145711,40.4481585188543,WEST END BRG,1553.4424753,31.076407637881
Trans,-80.0274857520419,40.4437747503356,-80.0282028692209,40.4442566805771,WEST END CIR,265.92835606,36.3122013086397
Trans,-80.0274857520419,40.4437747503356,-80.028157188782,40.4435559154858,S MAIN ST,203.17850132,36.2821665307839
End,-80.028157188782,40.4435559154858,-80.0287913203028,40.4433366969772,S MAIN ST,193.72535665,24.0000184740838
Start,-79.985346261291,40.3973989438662,-79.9851430599507,40.3970109002367,LEOLYN ST,152.27148664,22.4919585056688
Trans,-79.9854668989749,40.3976255472801,-79.985346261291,40.3973989438662,LEOLYN ST,89.12704746,4.38040745760578
Trans,-79.9857404069245,40.3981436896738,-79.9854668989749,40.3976255472801,LEOLYN ST,203.54922533,4.97682446201143
Trans,-79.9859387279537,40.3985197270509,-79.9857404069245,40.3981436896738,LEOLYN ST,147.70609442,19.2855707074343
Trans,-79.9861600436232,40.3989664552539,-79.9859387279537,40.3985197270509,LEOLYN ST,174.05179903,34.8790261629427
Trans,-79.9863589284576,40.3995626684365,-79.9861600436232,40.3989664552539,LEOLYN ST,224.29921918,34.869478804236
Trans,-79.986492452324,40.3998392202832,-79.9863589284576,40.3995626684365,LEOLYN ST,115.2011406,35.2756746849225
Trans,-79.986945137642,40.3997619767857,-79.986492452324,40.3998392202832,SOUTH WAY,129.18706578,35.2756746849225
Trans,-79.9874323491455,40.3996699043219,-79.986945137642,40.3997619767857,SOUTH WAY,139.77795465,27.1171496988667
Trans,-79.9880863025904,40.3995832659195,-79.9874323491455,40.3996699043219,SOUTH WAY,187.89286672,19.0165807257893
Trans,-79.9881901254272,40.3999793224862,-79.9880863025904,40.3995832659195,AMANDA ST,148.63069798,6.95624505842529
Trans,-79.9882779599914,40.4006379223172,-79.9881901254272,40.3999793224862,AMANDA ST,241.17706155,7.44828275526726
Trans,-79.9883477508306,40.4011720202139,-79.9882779599914,40.4006379223172,AMANDA ST,195.53843531,23.1721516110471
Trans,-79.9884190631449,40.4017210495153,-79.9883477508306,40.4011720202139,AMANDA ST,200.99358189,28.5924907373166
Trans,-79.9884874086944,40.4022559158167,-79.9884190631449,40.4017210495153,AMANDA ST,195.77759889,23.5393260387177
Trans,-79.9886957797642,40.4027852670637,-79.9884874086944,40.4022559158167,AMANDA ST,201.59129037,35.629006757485
Trans,-79.9888998704111,40.4032396177691,-79.9886957797642,40.4027852670637,AMANDA ST,175.01223311,8.30948613479237
Trans,-79.9891087449582,40.4037027139478,-79.9888998704111,40.4032396177691,AMANDA ST,178.48956385,48.6757774489192
Trans,-79.9893221427155,40.404189816176,-79.9891087449582,40.4037027139478,AMANDA ST,187.87833041,30.9661765851855
Trans,-79.9893221427155,40.404189816176,-79.9887378161411,40.4042421793098,LAUGHLIN AVE,160.16321376,22.6345263850676
Trans,-79.9887130528873,40.4050252396312,-79.9887378161411,40.4042421793098,JACK WAY,285.34979597,37.5589546249743
Trans,-79.9886887515828,40.4054456245213,-79.9887130528873,40.4050252396312,JACK WAY,153.29675061,20.2237625092101
Trans,-79.9892586852442,40.4055020584917,-79.9886887515828,40.4054456245213,WYNOKA ST,160.04537613,7.83992394321595
Trans,-79.9891985543929,40.4060173929831,-79.9892586852442,40.4055020584917,AMANDA ST,188.50252206,27.0559430545683
Trans,-79.9890363124473,40.4064188642803,-79.9891985543929,40.4060173929831,AMANDA ST,153.17700169,32.1770198705026
Trans,-79.9888415282497,40.4068545185406,-79.9890363124473,40.4064188642803,HAYS AVE,167.72176532,22.4319264986601
Trans,-79.9886547118364,40.4072597258035,-79.9888415282497,40.4068545185406,HAYS AVE,156.51618319,6.66966920658804
Trans,-79.98846594074,40.4076602526587,-79.9886547118364,40.4072597258035,HAYS AVE,155.09691169,26.7449133544075
Trans,-79.9882894222505,40.4080376295698,-79.98846594074,40.4076602526587,HAYS AVE,146.00575868,35.2544211449306
Trans,-79.9881181158948,40.4084097566148,-79.9882894222505,40.4080376295698,HAYS AVE,143.71459486,31.0679084532232
Trans,-79.9879452061179,40.4087877503251,-79.9881181158948,40.4084097566148,HAYS AVE,145.87829288,6.26164894834324
Trans,-79.9877739601865,40.4091618494019,-79.9879452061179,40.4087877503251,HAYS AVE,144.38695619,19.9925282791593
Trans,-79.9875892296814,40.4095626385508,-79.9877739601865,40.4091618494019,HAYS AVE,154.81104723,25.7676228003421
Trans,-79.9874444922285,40.4102488256859,-79.9875892296814,40.4095626385508,HAYS AVE,260.21954582,29.7454947713656
Trans,-79.9876959154083,40.4115701207652,-79.9874444922285,40.4102488256859,HAYS AVE,486.50492697,25.7677198366877
Trans,-79.9877402949167,40.4125749577845,-79.9876959154083,40.4115701207652,S MILLVALE AVE,281.3616945,15.3500918635702
Trans,-79.987773677047,40.4132837809498,-79.9877402949167,40.4125749577845,HAYS AVE,258.39610487,49.9958477827383
Trans,-79.9878065374506,40.4139399540583,-79.987773677047,40.4132837809498,HAYS AVE,238.6788617,26.1313480396971
Trans,-79.9879622320639,40.4144522018848,-79.9878065374506,40.4139399540583,HAYS AVE,175.52363381,16.1207219287282
Trans,-79.9880708353948,40.4151761202421,-79.9879622320639,40.4144522018848,E AMANDA AVE,270.51069645,26.5957138897903
Trans,-79.988106504279,40.4159131296943,-79.9880708353948,40.4151761202421,E AMANDA AVE,268.67448236,17.8712334987991
Trans,-79.9881167798413,40.4161211790626,-79.988106504279,40.4159131296943,E AMANDA AVE,75.84583247,16.0818223239245
Trans,-79.9881295589723,40.4163709168121,-79.9881167798413,40.4161211790626,E AMANDA AVE,91.04840615,13.2260356933855
Trans,-79.9881434475057,40.4166478828906,-79.9881295589723,40.4163709168121,E AMANDA AVE,100.9723862,7.83918244374869
Trans,-79.9879997387964,40.4166341918583,-79.9881434475057,40.4166478828906,CHARLES ST,40.32395528,6.14566118039445
Trans,-79.9873858191931,40.418122943017,-79.9879997387964,40.4166341918583,JOHN ST,568.65653951,19.3484304488059
Trans,-79.9881069644167,40.4184880063521,-79.9873858191931,40.418122943017,ARLINGTON AVE,241.1720876,20.4733478701724
Trans,-79.9880561196115,40.4190175360088,-79.9881069644167,40.4184880063521,AMANDA AVE,181.20723799,23.315283089295
Trans,-79.9881059470369,40.4192543723852,-79.9880561196115,40.4190175360088,AMANDA AVE,103.85461794,7.39652067738565
Trans,-79.9881133263783,40.4196664334034,-79.9881059470369,40.4192543723852,AMANDA AVE,150.13391161,12.2165717628624
Trans,-79.9881175990429,40.4197952575499,-79.9881133263783,40.4196664334034,AMANDA AVE,46.94567419,16.578589419251
Trans,-79.9871417218984,40.4213124705764,-79.9881175990429,40.4197952575499,MT OLIVER ST,615.89205449,28.2797435734721
Trans,-79.9868790391575,40.4217066145311,-79.9871417218984,40.4213124705764,MT OLIVER ST,161.13946209,22.8516091464991
Trans,-79.9868790391575,40.4217066145311,-79.9853594011554,40.4217919768633,SHARON ST,424.24947842,35.0244125274327
Trans,-79.9854063261616,40.4221917104948,-79.9853594011554,40.4217919768633,ST THOMAS ST,146.20909105,23.7096905214158
Trans,-79.9854500957178,40.4225775181034,-79.9854063261616,40.4221917104948,ST THOMAS ST,141.07631923,18.646893388812
Trans,-79.9849812840595,40.4226064106817,-79.9854500957178,40.4225775181034,ST MARTIN ST,130.95008775,16.3851350917752
Trans,-79.9845024493657,40.4226039176143,-79.9849812840595,40.4226064106817,ST MARTIN ST,136.56379196,39.3257847651871
Trans,-79.9845754134259,40.423167917601,-79.9845024493657,40.4226039176143,MONASTERY AVE,207.9612364,7.34473833622118
Trans,-79.985526672902,40.4234384161349,-79.9845754134259,40.423167917601,MONASTERY ST,281.06928262,19.2128028313107
Trans,-79.9853684010123,40.4238396310202,-79.985526672902,40.4234384161349,ST THOMAS ST,152.66190235,19.47737044066
Trans,-79.985559352241,40.4238624211004,-79.9853684010123,40.4238396310202,ST JOSEPH WAY,298.51892999,29.3577223597685
Trans,-79.9857358866078,40.4238834908144,-79.985559352241,40.4238624211004,ST JOSEPH WAY,298.51892999,43.8676481904124
Trans,-79.9864208762498,40.4239943982592,-79.9857358866078,40.4238834908144,ST JOSEPH WAY,298.51892999,26.015857190155
Trans,-79.9852907283862,40.4247216193165,-79.9864208762498,40.4239943982592,BROSVILLE ST,438.40474827,16.9850757344212
Trans,-79.9852907283862,40.4247216193165,-79.9846182416671,40.4248392296019,BROSVILLE ST,197.37926928,21.7880758696024
Trans,-79.9856354427407,40.4254471554773,-79.9846182416671,40.4248392296019,BROSVILLE ST,361.14838444,12.7874286088643
Trans,-79.9855925500092,40.4257251614712,-79.9856354427407,40.4254471554773,S 12TH ST,102.25864344,19.7955730262945
Trans,-79.9862487208897,40.4259008857788,-79.9855925500092,40.4257251614712,S 12TH ST,228.29970674,22.1461200212835
Trans,-79.9862725477859,40.4259828865108,-79.9862487208897,40.4259008857788,S 12TH ST,30.60051255,20.401745816236
Trans,-79.9862849959547,40.4261552079611,-79.9862725477859,40.4259828865108,S 12TH ST,62.87173932,20.401745816236
Trans,-79.9863019943328,40.4266409858094,-79.9862849959547,40.4261552079611,S 12TH ST,177.03573068,14.0066771988931
Trans,-79.9863240818485,40.4271854447319,-79.9863019943328,40.4266409858094,S 12TH ST,198.44074319,4.92003760418446
Trans,-79.9863594792774,40.4277384835941,-79.9863240818485,40.4271854447319,S 12TH ST,201.94911032,35.1223628780021
Trans,-79.987500731812,40.4277106380556,-79.9863594792774,40.4277384835941,SARAH ST,318.02498968,27.5422145579965
Trans,-79.9875177884176,40.4287261132372,-79.987500731812,40.4277106380556,S 11TH ST,369.98729958,20.7972332947527
Trans,-79.9875246575223,40.4293937446811,-79.9875177884176,40.4287261132372,S 11TH ST,243.37858661,29.0152123322841
Trans,-79.9886091628178,40.4294146117413,-79.9875246575223,40.4293937446811,BINGHAM ST,304.71860667,32.8149533231995
Trans,-79.9886430349599,40.4300293772109,-79.9886091628178,40.4294146117413,S 10TH ST,224.15937936,20.5620377347052
Trans,-79.9886983152917,40.4307478126265,-79.9886430349599,40.4300293772109,S 10TH ST,262.35103324,27.5450968783981
Trans,-79.9886983152917,40.4307478126265,-79.9898189304022,40.4344805751812,10TH ST BRG,1395.18254562,41.037973038977
Trans,-79.9898189304022,40.4344805751812,-79.9920515017368,40.4379707143341,ARMSTRONG TUNL,1441.42525716,22.6978403775337
Trans,-79.9933211727428,40.4380170363615,-79.9920515017368,40.4379707143341,FORBES AVE,353.82997829,21.9998312289933
Trans,-79.9939337126808,40.4380248786553,-79.9933211727428,40.4380170363615,FORBES AVE,170.52920015,32.6914319397112
Trans,-79.9942849895089,40.4380381363846,-79.9939337126808,40.4380248786553,FORBES AVE,97.89844567,26.2113889441437
Trans,-79.9944749880488,40.438307575449,-79.9942849895089,40.4380381363846,6TH AVE,111.49747465,21.7315090307192
Trans,-79.9948265746871,40.4389510912556,-79.9944749880488,40.438307575449,6TH AVE,254.13453822,19.4183162858762
Trans,-79.9955980289364,40.438995824972,-79.9948265746871,40.4389510912556,5TH AVE,215.48187658,25.2849058377716
Trans,-79.9968026100721,40.4393935602654,-79.9955980289364,40.438995824972,5TH AVE,367.12651791,17.2704925872372
Trans,-79.9972911850742,40.4395769586883,-79.9968026100721,40.4393935602654,5TH AVE,151.51936771,17.201358731495
Trans,-79.9977175569493,40.4397404547246,-79.9972911850742,40.4395769586883,5TH AVE,132.78804431,16.9877766540231
Trans,-79.99864637146,40.4400852713935,-79.9977175569493,40.4397404547246,5TH AVE,287.44351527,11.5442024417435
Trans,-79.99864637146,40.4400852713935,-79.9981599092273,40.4408012873055,NEUMAN WAY,179.71321876,20.7796944541513
Trans,-79.9981599092273,40.4408012873055,-79.9977316067919,40.4414564467525,SMITHFIELD ST,266.79233755,29.4582933730913
Trans,-79.9989194328793,40.4418888959057,-79.9977316067919,40.4414564467525,6TH AVE,366.23366634,18.5383701437011
Trans,-79.9984667667867,40.4425813438266,-79.9989194328793,40.4418888959057,WIGHTMAN ST,226.29379164,17.0852989090293
Trans,-79.9987965212849,40.4427163411013,-79.9984667667867,40.4425813438266,STRAWBERRY WAY,104.12731402,19.3153770877731
Trans,-79.9989529262831,40.4426779432942,-79.9987965212849,40.4427163411013,LIBERTY AVE,45.72513288,20.6197713577715
Trans,-79.9991516889737,40.4431014891177,-79.9989529262831,40.4426779432942,TITO WAY,163.9165455,21.989529306361
Trans,-79.9993367555539,40.4434780212505,-79.9991516889737,40.4431014891177,TITO WAY,146.68514375,33.7818007823847
Trans,-79.9999575022951,40.4448213752303,-79.9993367555539,40.4434780212505,WHARTON ST,169.78555096,28.6235784129991
Trans,-79.9999575022951,40.4448213752303,-79.9989951903498,40.4451449000834,FORT DUQUESNE BLVD,292.62911752,37.8934527287155
Trans,-79.9990444835323,40.4452437311623,-79.9989951903498,40.4451449000834,9TH ST,46.42708631,21.4840004769277
Trans,-80.0004196676137,40.4480091875861,-79.9990444835323,40.4452437311623,9TH ST BRG,1069.87949858,37.1862289177313
Trans,-80.0004196676137,40.4480091875861,-80.0005025850847,40.4482186624215,ANDERSON ST,79.72486433,30.1987093392671
Trans,-80.0005025850847,40.4482186624215,-80.0007410355425,40.4489421930022,ANDERSON ST,271.85466503,22.7012772090753
Trans,-80.0007410355425,40.4489421930022,-79.9990277952861,40.4493314236166,GENERAL ROBINSON ST E,502.13432087,43.2893146981304
Trans,-79.9990277952861,40.4493314236166,-79.9986935486285,40.4491927635644,RIVER AVE,176.58144778,40.502749613645
Trans,-79.9986935486285,40.4491927635644,-79.9984344495584,40.4490788192415,RIVER AVE,176.58144778,34.575964035288
Trans,-79.9984344495584,40.4490788192415,-79.996814456383,40.4493662069661,N ST CLAIR ST,229.53334369,31.6686262182915
Trans,-79.996814456383,40.4493662069661,-79.9958555643468,40.4498083099804,RIVER AVE,311.7570818,23.186922514737
Trans,-79.9958555643468,40.4498083099804,-79.9954366442122,40.4500323449953,RIVER AVE,142.40565252,42.9310891498774
Trans,-79.9954366442122,40.4500323449953,-79.9957007766643,40.4507190030243,PROGRESS WAY,260.82625171,25.5765792248511
Trans,-79.9957007766643,40.4507190030243,-79.9958126762513,40.4510435886055,PROGRESS WAY,122.31234005,29.6943221845202
Trans,-79.9958126762513,40.4510435886055,-79.9945314489244,40.451872590345,PROGRESS ST,467.63249364,42.4772180899168
End,-79.9945314489244,40.451872590345,-79.9935252980486,40.4525568858642,PROGRESS ST,374.91458113,35.5770824320422
