Taxi,103.888680615561,1.38210403016198,103.889922904093,1.3810149843085,PIONEER ROAD,264.781958056,63.3333333333333
Trans,103.889922904093,1.3810149843085,103.891114021995,1.38021897407304,SERVICE ROAD,74.9143708806,50.0
Trans,103.892836119999,1.38003452582168,103.891114021995,1.38021897407304,SOO CHOW VIEW,118.877878835,40.0
Trans,103.892836119999,1.38003452582168,103.89281969086,1.37853342369429,TAMPINES AVENUE 3,242.030279393,50.0
Trans,103.892811538763,1.37676581686558,103.89281969086,1.37853342369429,WARINGIN PARK,93.9953129885,40.0
Trans,103.892811538763,1.37676581686558,103.892779944931,1.37520547230459,SUNSET DRIVE,81.9877499609,50.0
Trans,103.892756794673,1.37302101046199,103.892779944931,1.37520547230459,CRAWFORD STREET,189.429417499,60.0
Trans,103.892756794673,1.37302101046199,103.891197106374,1.3729954016939,CHOA CHU KANG LOOP,199.011000477,50.0
Trans,103.89004989335,1.37190673069552,103.891197106374,1.3729954016939,BUKIT MERAH LANE 1,79.8271954206,50.0
Trans,103.888967471126,1.37058242840804,103.89004989335,1.37190673069552,COLEMAN LANE,97.8613333345,50.0
Trans,103.886767632992,1.36782932674518,103.888967471126,1.37058242840804,WESTLAKE AVENUE,61.2475265294,50.0
Trans,103.885405394046,1.36810985099873,103.886767632992,1.36782932674518,BAYFRONT AVENUE,187.172536313,50.0
Trans,103.885405394046,1.36810985099873,103.882927073061,1.36862199991169,KEW CRESCENT,66.2937267205,50.0
Trans,103.882927073061,1.36862199991169,103.87995257489,1.36928705017339,HAIG ROAD,137.312161819,50.0
Trans,103.87995257489,1.36928705017339,103.879211362701,1.3694304201813,FUSIONOPOLIS WALK,150.127574439,50.0
Trans,103.879211362701,1.3694304201813,103.876373991927,1.36966218112204,SEAGULL WALK,149.656662011,50.0
Trans,103.876373991927,1.36966218112204,103.871673020161,1.37117247876737,RAFFLES QUAY,101.190936556,60.0
Trans,103.871673020161,1.37117247876737,103.868287788554,1.37190591379668,GREENFIELD DRIVE,247.190972638,40.0
Trans,103.868287788554,1.37190591379668,103.866309383368,1.37155617205587,CHIN CHENG AVENUE,125.139534685,50.0
Trans,103.866309383368,1.37155617205587,103.863939334955,1.37037265250015,HOUGANG AVENUE 3,264.300986332,65.0
Trans,103.86085770868,1.36937193461632,103.863939334955,1.37037265250015,SUNSHINE TERRACE,58.1977089696,50.0
Trans,103.856833209871,1.36911457202623,103.86085770868,1.36937193461632,SUNRISE DRIVE,115.130757237,50.0
Trans,103.856833209871,1.36911457202623,103.85543872715,1.3694737520919,KIAN TECK DRIVE,92.659973256,50.0
Trans,103.854092454443,1.36982424079541,103.85543872715,1.3694737520919,HOUGANG AVENUE 8,193.538209088,50.0
Start,103.854092454443,1.36982424079541,103.85543872715,1.3694737520919,HOUGANG AVENUE 8,193.538209088,50.0
Trans,103.856833209871,1.36911457202623,103.85543872715,1.3694737520919,KIAN TECK DRIVE,92.659973256,50.0
Trans,103.856833209871,1.36911457202623,103.86085770868,1.36937193461632,SUNRISE DRIVE,115.130757237,50.0
Trans,103.86085770868,1.36937193461632,103.859969142972,1.36539216175148,LEEDON ROAD,96.7222231817,40.0
Trans,103.859969142972,1.36539216175148,103.858958855246,1.36256709436358,KUNG CHONG ROAD,172.955863633,50.0
Trans,103.858958855246,1.36256709436358,103.85776586789,1.35921583666618,NAMLY AVENUE,103.055563329,40.0
Trans,103.85776586789,1.35921583666618,103.856854778546,1.35539906312666,EDGEFIELD PLAINS,358.356834821,50.0
Trans,103.8606452476,1.35462368391653,103.856854778546,1.35539906312666,JALAN SIANTAN,184.913503045,50.0
Trans,103.8606452476,1.35462368391653,103.862699128434,1.35411082159687,YUK TONG AVENUE,62.9264275188,40.0
Trans,103.862699128434,1.35411082159687,103.86459183353,1.35400340466298,LORONG SARINA,69.7361775427,50.0
Trans,103.86459183353,1.35400340466298,103.865443596574,1.35435553029642,SIAN TUAN AVENUE,66.892623999,40.0
Trans,103.865443596574,1.35435553029642,103.866441448444,1.35483486517192,DEVONSHIRE ROAD,126.86543433,50.0
Trans,103.866441448444,1.35483486517192,103.867782334629,1.35530405593148,LORONG 3 GEYLANG,56.3456068214,50.0
Trans,103.870390230342,1.35559994919405,103.867782334629,1.35530405593148,DEFU LANE 4,126.70150564,50.0
Trans,103.870390230342,1.35559994919405,103.870453026996,1.35459878867308,TUAS VIEW PLACE,73.1798842536,50.0
Trans,103.870453026996,1.35459878867308,103.870501819944,1.3536994049063,SEMBAWANG WALK,117.548707371,50.0
Trans,103.870501819944,1.3536994049063,103.869864280202,1.35148269776097,TUAS BASIN LINK,162.686396721,50.0
Trans,103.869864280202,1.35148269776097,103.872519946058,1.34826401269944,EAST COAST PARK SERVICE ROAD,404.26792703,50.0
Trans,103.872519946058,1.34826401269944,103.871529680833,1.3461557546136,TOA PAYOH NORTH,28.9564812979,50.0
Trans,103.871529680833,1.3461557546136,103.870798552731,1.3442535277478,JALAN HAJI ALIAS,84.479703906,40.0
Trans,103.870801013445,1.343349693299,103.870798552731,1.3442535277478,MOULMEIN ROAD,139.6696085,60.0
Trans,103.870801013445,1.343349693299,103.870738335948,1.33944626697967,THRIFT DRIVE,53.7518207189,40.0
Trans,103.870738335948,1.33944626697967,103.870335385346,1.33573816739287,COMMONWEALTH AVENUE,524.881872992,60.0
Trans,103.869819633728,1.33378192195093,103.870335385346,1.33573816739287,TAGORE AVENUE,77.1533046901,40.0
Trans,103.869439603101,1.33229195203017,103.869819633728,1.33378192195093,WATTEN PARK,218.75034294,40.0
Trans,103.869439603101,1.33229195203017,103.869011517612,1.33055098628904,SERVICE ROAD,122.497501775,50.0
Trans,103.868432601958,1.32824888193989,103.869011517612,1.33055098628904,JALAN DATOH,240.761995506,50.0
Trans,103.868432601958,1.32824888193989,103.868121139598,1.32548521585417,JAMBOL PLACE,192.176918147,50.0
Trans,103.867945141879,1.32493747724225,103.868121139598,1.32548521585417,LORONG MARICAN,77.7803946313,40.0
Trans,103.867945141879,1.32493747724225,103.869904403713,1.32328560596477,SEA BREEZE AVENUE,44.8076315302,50.0
Trans,103.871289615319,1.3210426907179,103.869904403713,1.32328560596477,PASIR RIS DRIVE 4,210.85675223,50.0
Trans,103.871289615319,1.3210426907179,103.867463539403,1.31861940277457,PENJURU ROAD,132.91715215,60.0
Trans,103.867463539403,1.31861940277457,103.866259082134,1.3176881004779,TANJONG PENJURU,145.516653334,50.0
Trans,103.866259082134,1.3176881004779,103.867840022132,1.31505835645929,SENGKANG EAST AVENUE,230.453569164,50.0
Trans,103.867840022132,1.31505835645929,103.866232111163,1.31389732958964,CLOVER RISE,33.9595765452,50.0
Trans,103.865519227921,1.31310379427331,103.866232111163,1.31389732958964,RANGOON ROAD,76.6354150069,50.0
Trans,103.864252343602,1.31169358462461,103.865519227921,1.31310379427331,ANG MO KIO AVENUE 9,101.359738391,50.0
Trans,103.862740780767,1.31320617049712,103.864252343602,1.31169358462461,LORONG SARINA,54.6049382673,50.0
Trans,103.861816383692,1.31196785513471,103.862740780767,1.31320617049712,WESTWOOD ROAD,114.830476424,50.0
Trans,103.861816383692,1.31196785513471,103.862229587107,1.31141002362133,CHANG CHARN ROAD,246.532003108,50.0
Trans,103.862229587107,1.31141002362133,103.862731152015,1.31072934189259,AIDA STREET,36.0382863312,40.0
Trans,103.862996447775,1.31037061337632,103.862731152015,1.31072934189259,WOOLLERTON PARK,32.8916800068,50.0
Trans,103.863356265214,1.30987806602066,103.862996447775,1.31037061337632,ASHWOOD GROVE,75.1476346915,40.0
Trans,103.863757516447,1.30933007259026,103.863356265214,1.30987806602066,SIANG KUANG AVENUE,203.36462382,40.0
Trans,103.863757516447,1.30933007259026,103.864019192702,1.30865395086878,MARINE PARADE ROAD,310.240085158,60.0
Trans,103.864422729399,1.30700330390303,103.864019192702,1.30865395086878,WOODLANDS ROAD,117.065776884,60.0
Trans,103.864422729399,1.30700330390303,103.864959091996,1.30617447877637,TUAS SOUTH AVENUE 5,351.303745559,70.0
Trans,103.864959091996,1.30617447877637,103.866221017107,1.30426107774439,KHEAM HOCK ROAD,28.3651875405,40.0
Trans,103.866221017107,1.30426107774439,103.866960427546,1.30332542131482,SERVICE ROAD,44.4915322525,50.0
Trans,103.863328568927,1.30076936573879,103.866960427546,1.30332542131482,INTERNATIONAL BUSINESS PARK,131.234204426,50.0
Trans,103.863328568927,1.30076936573879,103.862497354763,1.30015232334893,THIRD STREET,44.2819968475,50.0
Trans,103.860348534623,1.29858352182727,103.862497354763,1.30015232334893,LORNIE ROAD,96.465097499,70.0
Trans,103.860348534623,1.29858352182727,103.858944177546,1.29731073144337,TAO CHING ROAD,197.075822008,50.0
Trans,103.857321112098,1.29542920963581,103.858944177546,1.29731073144337,LENGKOK MERAK,74.876867252,50.0
Trans,103.855890108702,1.29309200510032,103.857321112098,1.29542920963581,CHANGI ROAD,128.424535764,60.0
Trans,103.855890108702,1.29309200510032,103.854624609466,1.29390486698682,PIONEER PLACE,75.5372388433,50.0
Trans,103.855549472029,1.2953653727007,103.854624609466,1.29390486698682,SUNRISE DRIVE,74.0612058013,50.0
Trans,103.855919055347,1.29590968397105,103.855549472029,1.2953653727007,BEACH ROAD,72.9012331537,50.0
Trans,103.856364261516,1.29655925059113,103.855919055347,1.29590968397105,VANDA ROAD,49.4452909273,50.0
Trans,103.857027313727,1.29738825730716,103.856364261516,1.29655925059113,SERVICE ROAD,47.7971240108,50.0
Trans,103.857027313727,1.29738825730716,103.857970408026,1.29834056892287,FIGARO STREET,71.5533137847,40.0
Trans,103.857970408026,1.29834056892287,103.85907664123,1.29717325596969,SOUTH BUONA VISTA ROAD,142.295926423,40.0
Trans,103.85907664123,1.29717325596969,103.861745895653,1.29234408248244,.,76.8177959422,50.0
Trans,103.861525882844,1.28509565062514,103.861745895653,1.29234408248244,CHIN BEE AVENUE,114.501864998,50.0
Trans,103.861525882844,1.28509565062514,103.859984487955,1.28042843807694,PENANG LANE,121.134721635,50.0
Trans,103.858426185742,1.2780426087204,103.859984487955,1.28042843807694,MAS KUNING TERRACE,97.5632261856,50.0
Trans,103.858426185742,1.2780426087204,103.857423040422,1.27644912729932,PASIR RIS DRIVE 12,304.857438407,60.0
Trans,103.857423040422,1.27644912729932,103.860992711001,1.27419254261402,SERVICE ROAD,99.4930958366,50.0
Trans,103.860992711001,1.27419254261402,103.863197188813,1.2726142979257,SIGLAP ROAD,137.13942894,50.0
Trans,103.863197188813,1.2726142979257,103.857558375196,1.27036775940644,LAVENDER STREET,49.4484135069,60.0
Trans,103.857558375196,1.27036775940644,103.852465252007,1.27341830446245,TUAS SOUTH AVENUE 3,353.247426902,70.0
Trans,103.848166703774,1.27603671205685,103.852465252007,1.27341830446245,CHATSWORTH PARK,160.329937844,50.0
Trans,103.847444464243,1.27499273999215,103.848166703774,1.27603671205685,KISMIS GREEN,76.9325066196,50.0
Trans,103.847444464243,1.27499273999215,103.84668393267,1.27406154839088,QUEEN STREET,97.4811061995,50.0
Trans,103.845725451325,1.27484951681298,103.84668393267,1.27406154839088,BARKER ROAD,47.3968598037,50.0
Trans,103.845192486843,1.27423115963385,103.845725451325,1.27484951681298,ANSON ROAD,90.5334562195,50.0
Trans,103.845013603583,1.27402965687678,103.845192486843,1.27423115963385,SEA BREEZE GROVE,46.5941944156,50.0
Trans,103.844559980874,1.27345771839639,103.845013603583,1.27402965687678,SHELFORD ROAD,134.199693155,50.0
Trans,103.844559980874,1.27345771839639,103.843865157011,1.2727434496624,LOYANG RISE,145.908181222,50.0
Trans,103.843027430702,1.27272736162142,103.843865157011,1.2727434496624,PANDAN ROAD,243.041162714,50.0
Trans,103.842132685775,1.27269306251119,103.843027430702,1.27272736162142,SERVICE ROAD,259.292945501,50.0
Trans,103.842132685775,1.27269306251119,103.839758797027,1.27261210064642,MALACCA STREET,108.419950217,50.0
Trans,103.839758797027,1.27261210064642,103.837207991702,1.27252430107785,KEE CHOE AVENUE,160.986186007,40.0
Trans,103.837207991702,1.27252430107785,103.832436628249,1.27241691064474,MING TECK PARK,59.7720788276,50.0
Trans,103.832436628249,1.27241691064474,103.830268439998,1.2706425871321,LINDEN DRIVE,226.228421976,50.0
Trans,103.827709463695,1.26828164263197,103.830268439998,1.2706425871321,CHANGI SOUTH STREET 3,129.932897166,50.0
Trans,103.827709463695,1.26828164263197,103.826403416452,1.26703525821809,.,183.710899252,50.0
Trans,103.82522241285,1.27058358043291,103.826403416452,1.26703525821809,ORCHARD TURN,113.823943023,50.0
Trans,103.824364570358,1.27207450807533,103.82522241285,1.27058358043291,CHESTNUT CRESCENT,66.3644077509,50.0
Trans,103.824364570358,1.27207450807533,103.82303467771,1.27402966256821,AYER RAJAH AVENUE,139.272439003,50.0
Trans,103.82303467771,1.27402966256821,103.822950701088,1.27460432231614,JALAN SAYANG,104.29134096,40.0
Trans,103.820251053653,1.27511006567596,103.822950701088,1.27460432231614,NICOLL HIGHWAY,295.445775814,70.0
Trans,103.819891638445,1.27527415662138,103.820251053653,1.27511006567596,RIVERSIDE ROAD,393.878849521,60.0
Trans,103.817800684509,1.27762973250281,103.819891638445,1.27527415662138,THOMSON TERRACE,86.2098984216,50.0
Trans,103.816762623066,1.27847822173914,103.817800684509,1.27762973250281,WEST COAST AVENUE,71.1142506035,50.0
End,103.816762623066,1.27847822173914,103.815213823824,1.27570205822343,AYER RAJAH EXPRESSWAY,79.7986934622,84.0
Taxi,103.86111350576,1.38697956786705,103.860648160003,1.38706997440467,JALAN SERENGAM,111.885271063,50.0
Trans,103.860648160003,1.38706997440467,103.860713984735,1.38650124863329,NAMLY AVENUE,85.7459161092,40.0
Trans,103.860713984735,1.38650124863329,103.860791847797,1.38582972206457,SIN MING DRIVE,201.408569491,50.0
Trans,103.860791847797,1.38582972206457,103.861847641396,1.38595921737816,LORONG MEGA,82.6635292856,40.0
Trans,103.862028908466,1.38658234315133,103.861847641396,1.38595921737816,JALAN RAYA,95.6244657548,50.0
Trans,103.862028908466,1.38658234315133,103.862356913105,1.38712686528675,KASAI ROAD,191.374737583,50.0
Trans,103.862874764272,1.38802217908179,103.862356913105,1.38712686528675,SERVICE ROAD,45.3572705556,50.0
Trans,103.863290435516,1.38875121133158,103.862874764272,1.38802217908179,SERVICE ROAD,70.4444295038,50.0
Trans,103.863980911308,1.38955587442682,103.863290435516,1.38875121133158,OWEN ROAD,125.872381308,50.0
Trans,103.862092956784,1.39007781541514,103.863980911308,1.38955587442682,TUAS SOUTH STREET 1,326.670745109,50.0
Trans,103.862092956784,1.39007781541514,103.858111477958,1.39111169737493,YIO CHU KANG ROAD,198.994545846,56.6666666666667
Trans,103.855040030839,1.39175460325773,103.858111477958,1.39111169737493,HOLLAND GROVE ROAD,326.486388561,50.0
Trans,103.854102000828,1.39195851779013,103.855040030839,1.39175460325773,EVERGREEN GARDENS,70.4050638333,50.0
Trans,103.854102000828,1.39195851779013,103.851500847238,1.39238157686703,GUAN CHUAN STREET,99.5782162275,50.0
Trans,103.850420218332,1.39237847609231,103.851500847238,1.39238157686703,JALAN KUALA,100.68727207,50.0
Trans,103.849731120579,1.39235679055275,103.850420218332,1.39237847609231,PAYA LEBAR STREET,68.9889952431,50.0
Trans,103.848528409981,1.39212657443898,103.849731120579,1.39235679055275,MANDAI AVENUE,216.748323732,70.0
Trans,103.848528409981,1.39212657443898,103.848644740725,1.38775414981581,SERVICE ROAD,33.8928873327,50.0
Trans,103.848644740725,1.38775414981581,103.846318684182,1.38726821689119,LUTHERAN ROAD,73.5144022936,50.0
Trans,103.846318684182,1.38726821689119,103.845138986875,1.39033733061337,SIMS DRIVE,183.844280674,50.0
Trans,103.845138986875,1.39033733061337,103.841626695927,1.38773910065319,WATTEN ESTATE ROAD,63.7687924226,40.0
Trans,103.840429664433,1.38990053476655,103.841626695927,1.38773910065319,WARNA ROAD,259.302461245,50.0
Trans,103.837502462717,1.39199022334129,103.840429664433,1.38990053476655,SERVICE ROAD,28.9296838581,50.0
Trans,103.833444738951,1.39429424561761,103.837502462717,1.39199022334129,BINCHANG RISE,71.7286532744,50.0
Trans,103.827372126535,1.39294778570841,103.833444738951,1.39429424561761,SHIPYARD ROAD,136.709631321,50.0
Trans,103.818822489484,1.39434085759894,103.827372126535,1.39294778570841,DUKU PLACE,77.6612603929,50.0
Trans,103.815634014844,1.39557161871575,103.818822489484,1.39434085759894,JURONG WEST STREET 64,256.442251444,50.0
Trans,103.814114750885,1.39734546723827,103.815634014844,1.39557161871575,RIFLE RANGE ROAD,84.5541109136,50.0
Trans,103.812995886732,1.40035642458724,103.814114750885,1.39734546723827,YISHUN AVENUE 4,141.173464655,50.0
Trans,103.811808683911,1.40272644815698,103.812995886732,1.40035642458724,OLD CHOA CHU KANG ROAD,241.411715182,50.0
Trans,103.810045578449,1.40506527193612,103.811808683911,1.40272644815698,WOODLANDS AVENUE 1,283.214574062,50.0
Trans,103.808021055817,1.40568587026344,103.810045578449,1.40506527193612,FABER DRIVE,71.284233097,40.0
Trans,103.80600931711,1.41083946469866,103.808021055817,1.40568587026344,COMPASSVALE ROAD,197.487551461,50.0
Trans,103.804798082315,1.41485527012871,103.80600931711,1.41083946469866,JALAN RINDU,37.0332663708,50.0
Trans,103.804798082315,1.41485527012871,103.803195334122,1.41608313536515,JALAN KILANG,105.820331102,50.0
Trans,103.803195334122,1.41608313536515,103.801311283585,1.41606579989233,MANDALAY ROAD,93.6602248544,50.0
Trans,103.801311283585,1.41606579989233,103.798070833387,1.41530721745044,TAI SENG STREET,291.756210419,50.0
Trans,103.794679331401,1.4143417196649,103.798070833387,1.41530721745044,LINCOLN ROAD,44.6559598099,50.0
Trans,103.790769379761,1.41296892552411,103.794679331401,1.4143417196649,SERVICE ROAD,82.5167100307,50.0
Trans,103.790452033327,1.41285862973301,103.790769379761,1.41296892552411,LEEDON PARK,72.8297462718,50.0
Trans,103.790452033327,1.41285862973301,103.78733856665,1.41222795279124,CENTRAL EXPRESSWAY,179.872572865,82.0
Trans,103.783220543508,1.41090311576703,103.78733856665,1.41222795279124,.,509.610287848,50.0
Trans,103.778476698369,1.41082528931703,103.783220543508,1.41090311576703,SERANGOON AVENUE 1,166.649808436,50.0
Trans,103.77595551787,1.41078241217903,103.778476698369,1.41082528931703,PASIR PANJANG DRIVE,43.0115503571,50.0
Trans,103.771683383031,1.40999018619883,103.77595551787,1.41078241217903,SERVICE ROAD,76.9751364064,50.0
Trans,103.772667514072,1.40559064596553,103.771683383031,1.40999018619883,EASTWOOD GREEN,72.1237719804,50.0
Trans,103.772667514072,1.40559064596553,103.773615768628,1.40130854444609,JALAN BINCHANG,71.0627467895,40.0
Trans,103.773615768628,1.40130854444609,103.773900076157,1.39680036993776,GUILLEMARD ROAD,131.879898453,60.0
Trans,103.773900076157,1.39680036993776,103.773935662053,1.39494762668409,TUAS SOUTH AVENUE 5,794.200179977,70.0
Trans,103.773935662053,1.39494762668409,103.774432327148,1.39043020161889,NIM GREEN,188.300796681,50.0
Trans,103.774432327148,1.39043020161889,103.77498781487,1.38607100581794,MOUNT ROSIE TERRACE,51.716469385,50.0
Trans,103.77498781487,1.38607100581794,103.775359338686,1.38311409896437,PIONEER ROAD,131.291014009,63.3333333333333
Trans,103.775976678742,1.37982834152734,103.775359338686,1.38311409896437,.,572.733696362,50.0
Trans,103.777093349585,1.37548445049301,103.775976678742,1.37982834152734,JALAN BAHASA,69.5432168397,40.0
Trans,103.778128220933,1.37209601139266,103.777093349585,1.37548445049301,MARINE PARADE ROAD,168.059125387,60.0
Trans,103.779175147885,1.36799259046728,103.778128220933,1.37209601139266,GHIM MOH ROAD,157.294532511,50.0
Trans,103.779175147885,1.36799259046728,103.779618225194,1.36538382858254,JALAN NAGA SARI,173.918903645,50.0
Trans,103.779618225194,1.36538382858254,103.780257683469,1.36215639405514,AYER RAJAH EXPRESSWAY,72.11423745,84.0
Trans,103.781230188346,1.35974879351628,103.780257683469,1.36215639405514,SERVICE ROAD,57.6210066437,50.0
Trans,103.783151737009,1.35703252779984,103.781230188346,1.35974879351628,SERVICE ROAD,45.1422191546,50.0
Trans,103.783151737009,1.35703252779984,103.785083020741,1.3552561278166,DEFU LANE 5,75.4480262118,50.0
Trans,103.785083020741,1.3552561278166,103.787396819066,1.3536992537139,WOODLANDS DRIVE 63,136.568076045,50.0
Trans,103.787396819066,1.3536992537139,103.787769955747,1.35346151191621,JALAN SENANG,173.861442649,40.0
Trans,103.787769955747,1.35346151191621,103.791334947958,1.34951312954048,CARLISLE ROAD,120.139024635,50.0
Trans,103.789001770121,1.34712321391265,103.791334947958,1.34951312954048,WATTEN DRIVE,64.8678996336,40.0
Trans,103.785713763082,1.3439319824995,103.789001770121,1.34712321391265,YUNNAN WALK 1,78.4536206597,50.0
Trans,103.785713763082,1.3439319824995,103.781130595834,1.34227068433127,BUKIT BATOK EAST AVENUE 3,236.681133543,60.0
Trans,103.781130595834,1.34227068433127,103.779739823863,1.3416932739952,JALAN WANGI,41.551703645,40.0
Trans,103.779739823863,1.3416932739952,103.778783688059,1.34066648161142,CANBERRA LINK,409.883473829,65.0
Trans,103.778783688059,1.34066648161142,103.777598182623,1.33812064483128,LIM TECK BOO ROAD,87.7896613261,50.0
Trans,103.777598182623,1.33812064483128,103.778869513836,1.33755198099566,JALAN ASAS,129.099563906,50.0
Trans,103.778869513836,1.33755198099566,103.777871960596,1.33310332769784,TUAS WEST DRIVE,102.313442536,60.0
Trans,103.777711729955,1.32996132978382,103.777871960596,1.33310332769784,MAUDE ROAD,95.9733353895,50.0
Trans,103.772781060756,1.32440265918162,103.777711729955,1.32996132978382,JALAN GAHARU,70.4175419497,50.0
Trans,103.772781060756,1.32440265918162,103.772194651715,1.32358666807826,GUL STREET 2,105.0790131,50.0
Trans,103.771283603392,1.32217294058394,103.772194651715,1.32358666807826,DUKU ROAD,61.2105307097,50.0
Trans,103.770782701755,1.32051995521521,103.771283603392,1.32217294058394,GREENWOOD AVENUE,58.0464061848,40.0
Trans,103.770782701755,1.32051995521521,103.771081678879,1.3191906886723,CONWAY CIRCLE,67.106089053,40.0
Trans,103.771081678879,1.3191906886723,103.77172113593,1.31658564153565,TANNERY ROAD,92.4720629587,50.0
Trans,103.772097347279,1.31386393849109,103.77172113593,1.31658564153565,LORONG HANDALAN,107.719650399,50.0
Trans,103.77225763604,1.31214914794738,103.772097347279,1.31386393849109,THOMSON HILL,75.3602912461,50.0
Trans,103.77225763604,1.31214914794738,103.774744862945,1.31244023356485,.,297.074034154,50.0
Trans,103.774744862945,1.31244023356485,103.778168131259,1.31172462342504,HILLVIEW TERRACE,76.7695186246,50.0
Trans,103.780701265075,1.3101210565577,103.778168131259,1.31172462342504,HIGHLAND ROAD,50.3659774434,40.0
Trans,103.783081322976,1.30870457437503,103.780701265075,1.3101210565577,TAMPINES AVENUE 10,492.223116124,70.0
Trans,103.785307371154,1.30770458908752,103.783081322976,1.30870457437503,CLOVER WAY,248.961539502,50.0
Trans,103.785307371154,1.30770458908752,103.789521004829,1.30827037137007,ALEXANDRA VIEW,316.855115187,50.0
Trans,103.789521004829,1.30827037137007,103.790771219369,1.30799565689133,SERVICE ROAD,59.2069921165,50.0
Trans,103.790771219369,1.30799565689133,103.79119127552,1.30782708487422,LORONG AH SOO,230.847414188,50.0
Trans,103.79119127552,1.30782708487422,103.793491893169,1.30655403538913,FARRER ROAD,207.171505507,70.0
Trans,103.793491893169,1.30655403538913,103.797318749615,1.30332653638815,UPPER EAST COAST ROAD,204.09459427,50.0
Trans,103.797318749615,1.30332653638815,103.800863080008,1.3001980837226,SIGLAP VIEW,127.392009646,40.0
Trans,103.800863080008,1.3001980837226,103.801126291304,1.30151372577968,JALAN MENGKUDU,148.390643186,40.0
Trans,103.801721403562,1.30561728782481,103.801126291304,1.30151372577968,VERDE WALK,91.2911258514,50.0
Trans,103.800837787695,1.30590798031131,103.801721403562,1.30561728782481,JALAN KELULUT,108.220415507,40.0
Trans,103.800837787695,1.30590798031131,103.799899311433,1.30618447034425,TOA PAYOH NORTH,28.6288986822,50.0
Start,103.800837787695,1.30590798031131,103.799899311433,1.30618447034425,TOA PAYOH NORTH,28.6288986822,50.0
Trans,103.800837787695,1.30590798031131,103.801721403562,1.30561728782481,JALAN KELULUT,108.220415507,40.0
Trans,103.801721403562,1.30561728782481,103.801126291304,1.30151372577968,VERDE WALK,91.2911258514,50.0
Trans,103.800863080008,1.3001980837226,103.801126291304,1.30151372577968,JALAN MENGKUDU,148.390643186,40.0
Trans,103.797318749615,1.30332653638815,103.800863080008,1.3001980837226,SIGLAP VIEW,127.392009646,40.0
Trans,103.793491893169,1.30655403538913,103.797318749615,1.30332653638815,UPPER EAST COAST ROAD,204.09459427,50.0
Trans,103.79119127552,1.30782708487422,103.793491893169,1.30655403538913,FARRER ROAD,207.171505507,70.0
Trans,103.790771219369,1.30799565689133,103.79119127552,1.30782708487422,LORONG AH SOO,230.847414188,50.0
Trans,103.789521004829,1.30827037137007,103.790771219369,1.30799565689133,SERVICE ROAD,59.2069921165,50.0
Trans,103.789521004829,1.30827037137007,103.788613493501,1.31199819156179,JALAN HAJI ALIAS,51.391048632,40.0
Trans,103.788613493501,1.31199819156179,103.786006095867,1.31245343427203,MOUNT SINAI DRIVE,62.2745943763,50.0
Trans,103.786006095867,1.31245343427203,103.785353079147,1.3137150099534,SAGO STREET,46.6747929471,50.0
Trans,103.785353079147,1.3137150099534,103.784955585744,1.31322671603865,JOO SENG ROAD,143.293251876,50.0
Trans,103.784955585744,1.31322671603865,103.784525708689,1.31386421392496,.,86.5369163275,50.0
Trans,103.78404656959,1.31447705272781,103.784525708689,1.31386421392496,ELITE TERRACE,66.2631953979,50.0
Trans,103.78404656959,1.31447705272781,103.783298521501,1.31475103172236,RACE COURSE ROAD,220.888739938,50.0
Trans,103.783531254514,1.31537939313915,103.783298521501,1.31475103172236,WEST COAST ROAD,76.9746508106,65.0
Trans,103.783531254514,1.31537939313915,103.783106774161,1.31553556413064,MARYLAND DRIVE,45.7073984504,40.0
Trans,103.78416307833,1.31828820888526,103.783106774161,1.31553556413064,VICTORIA PARK ROAD,103.257150716,40.0
Trans,103.785103400678,1.31815130085018,103.78416307833,1.31828820888526,.,54.0111752557,50.0
Trans,103.786226399423,1.31800422203009,103.785103400678,1.31815130085018,ANG MO KIO AVENUE 3,210.283554448,60.0
Trans,103.786551300636,1.31794173511851,103.786226399423,1.31800422203009,PEEL ROAD,43.0823434432,50.0
Trans,103.786551300636,1.31794173511851,103.787511040594,1.31738405014988,CRESCENT ROAD,101.589249242,50.0
Trans,103.787511040594,1.31738405014988,103.78840383284,1.31653682530541,TUAS VIEW WALK 2,104.876207037,50.0
Trans,103.78840383284,1.31653682530541,103.788932493747,1.31609440283688,MEYER ROAD,59.7843384241,50.0
End,103.788932493747,1.31609440283688,103.790160528421,1.31484389342228,CHESTNUT GARDENS,50.518398001,50.0
Taxi,103.917290067695,1.32927847115719,103.917150960234,1.32802949989914,HILLVIEW AVENUE,90.5484311271,50.0
Trans,103.917290067695,1.32927847115719,103.918855872818,1.3293864106525,WEST COAST CRESCENT,404.947598699,50.0
Trans,103.919008739781,1.32756372396507,103.918855872818,1.3293864106525,CHINA STREET,122.713950087,50.0
Trans,103.919008739781,1.32756372396507,103.918359476892,1.32690168878462,TAMPINES STREET 21,218.412910513,50.0
Trans,103.918359476892,1.32690168878462,103.919526378923,1.32416612488457,SERVICE ROAD,70.5049461511,50.0
Trans,103.91948179875,1.32304616398464,103.919526378923,1.32416612488457,HAPPY AVENUE WEST,67.6899732435,50.0
Trans,103.9195604703,1.32240763111698,103.91948179875,1.32304616398464,DUNEARN ROAD,126.804408116,70.0
Trans,103.9195604703,1.32240763111698,103.918737108111,1.32259704619789,TUAS VIEW CIRCUIT,130.001157528,50.0
Trans,103.918352788903,1.32222220782879,103.918737108111,1.32259704619789,MENG SUAN ROAD,63.5073614667,50.0
Trans,103.918352788903,1.32222220782879,103.918122984281,1.32304741214772,WARINGIN WALK,96.6118521258,40.0
Trans,103.918122984281,1.32304741214772,103.917346049051,1.32294580385653,JALAN KRIAN,87.1823637464,40.0
Trans,103.917346049051,1.32294580385653,103.916569500365,1.32285917391608,SIMS AVENUE EAST,144.635791062,60.0
Trans,103.915785228797,1.32273979590958,103.916569500365,1.32285917391608,JALAN LAPANG,88.277929965,40.0
Trans,103.915785228797,1.32273979590958,103.915014962778,1.32264178982527,ZION ROAD,197.539923832,60.0
Trans,103.91515581735,1.32154845908426,103.915014962778,1.32264178982527,BUKIT TUNGGAL ROAD,243.702030415,50.0
Trans,103.915206348041,1.3211561896576,103.91515581735,1.32154845908426,HOLLAND GROVE VIEW,37.7524220996,50.0
Trans,103.915858304504,1.32055699166513,103.915206348041,1.3211561896576,FLORA DRIVE,231.029329782,50.0
Start,103.915858304504,1.32055699166513,103.915206348041,1.3211561896576,FLORA DRIVE,231.029329782,50.0
Trans,103.915206348041,1.3211561896576,103.91515581735,1.32154845908426,HOLLAND GROVE VIEW,37.7524220996,50.0
Trans,103.91515581735,1.32154845908426,103.915014962778,1.32264178982527,BUKIT TUNGGAL ROAD,243.702030415,50.0
Trans,103.915014962778,1.32264178982527,103.914373899319,1.32255875786831,TUAS WEST DRIVE,216.447608985,60.0
Trans,103.914373899319,1.32255875786831,103.914032553333,1.32251471670198,LIM CHU KANG LANE 1,529.682191479,50.0
Trans,103.913737130605,1.32177851780678,103.914032553333,1.32251471670198,DUNBAR WALK,34.0076598952,40.0
Trans,103.913846931133,1.32095833399078,103.913737130605,1.32177851780678,LOYANG WAY,262.021544037,50.0
Trans,103.913846931133,1.32095833399078,103.912252939379,1.32062603188552,JALAN SEMPADAN,136.634390301,50.0
Trans,103.910500752415,1.32025519209184,103.912252939379,1.32062603188552,EUNOS LINK,451.270740104,50.0
Trans,103.910500752415,1.32025519209184,103.909366850686,1.32002072845739,SERVICE ROAD,88.4438979977,50.0
Trans,103.909366850686,1.32002072845739,103.908843756948,1.31990897078402,PETAIN ROAD,36.326753103,50.0
Trans,103.908690254691,1.32069326372611,103.908843756948,1.31990897078402,CLIVE STREET,109.597763481,50.0
Trans,103.908545736318,1.32142986550428,103.908690254691,1.32069326372611,JERVOIS ROAD,76.1705484767,50.0
Trans,103.908392476742,1.32211616226643,103.908545736318,1.32142986550428,SERVICE ROAD,116.770911829,50.0
Trans,103.908392476742,1.32211616226643,103.908137055658,1.32326799740395,SENGKANG EAST ROAD,208.854081848,60.0
Trans,103.908137055658,1.32326799740395,103.907821998705,1.32320731573223,SERVICE ROAD,68.0424593679,50.0
Trans,103.906971738711,1.32304356671626,103.907821998705,1.32320731573223,HOLLAND PLAIN,163.362134084,50.0
Trans,103.906121724366,1.32288002919046,103.906971738711,1.32304356671626,FORD AVENUE,117.998026672,40.0
Trans,103.906121724366,1.32288002919046,103.905347876779,1.32273111436581,BURGUNDY RISE,49.3943814144,50.0
Trans,103.905347876779,1.32273111436581,103.905843678532,1.32611379529805,JUPITER ROAD,75.1237552357,40.0
Trans,103.899811548456,1.32474446896049,103.905843678532,1.32611379529805,JALAN SEH CHUAN,36.2442859059,40.0
Trans,103.897721524611,1.32434780576058,103.899811548456,1.32474446896049,NIM CRESCENT,131.674454484,50.0
Trans,103.897721524611,1.32434780576058,103.890958849533,1.3229362352542,JALAN BERINGIN,86.6893104921,50.0
Trans,103.88511797214,1.32219656367865,103.890958849533,1.3229362352542,JALAN KOLAM AYER,333.64261796,50.0
Trans,103.88511797214,1.32219656367865,103.881668136079,1.32086047050612,CLEANTECH LOOP,139.705421948,50.0
Trans,103.881422049435,1.32254506614859,103.881668136079,1.32086047050612,DUNEARN ROAD,297.304289393,70.0
Trans,103.881422049435,1.32254506614859,103.881131628253,1.32405433559886,DEFU LANE 1,76.0885513603,50.0
Trans,103.881131628253,1.32405433559886,103.880786027207,1.32541996769216,BOURNEMOUTH ROAD,63.2807282552,50.0
Trans,103.880569124632,1.32615600416689,103.880786027207,1.32541996769216,TEO KIM ENG ROAD,89.3387166369,40.0
Trans,103.880055223882,1.32777189413894,103.880569124632,1.32615600416689,DUCHESS AVENUE,131.442763685,50.0
Trans,103.880055223882,1.32777189413894,103.879210634589,1.33058490692371,LENGKOK BAHRU,123.566275554,50.0
Trans,103.879210634589,1.33058490692371,103.879027285623,1.33126247705667,JALAN MULIA,61.8673792225,40.0
Trans,103.879027285623,1.33126247705667,103.878424316308,1.33379654503083,KAKI BUKIT AVENUE 2,185.952351781,50.0
Trans,103.87800248538,1.33569783735804,103.878424316308,1.33379654503083,CHESTNUT AVENUE,183.409060382,50.0
Trans,103.875698188999,1.33846911919307,103.87800248538,1.33569783735804,LENGKONG DUA,457.431581931,40.0
Trans,103.870738335948,1.33944626697967,103.875698188999,1.33846911919307,STEVENS ROAD,257.83637399,60.0
Trans,103.870801013445,1.343349693299,103.870738335948,1.33944626697967,THRIFT DRIVE,53.7518207189,40.0
Trans,103.870099323488,1.34297746625867,103.870801013445,1.343349693299,CLAYMORE HILL,293.706241591,50.0
Trans,103.870099323488,1.34297746625867,103.868198398911,1.34327600514299,KALIDASA AVENUE,62.9876698933,40.0
Trans,103.865478423989,1.3442801696802,103.868198398911,1.34327600514299,RIVER VALLEY ROAD,114.596447228,50.0
Trans,103.864265242985,1.34419236314739,103.865478423989,1.3442801696802,BUKIT BATOK WEST AVENUE 7,237.569283595,50.0
Trans,103.864265242985,1.34419236314739,103.863180051261,1.34384504434216,JALAN BESAR,90.2280100755,50.0
Trans,103.862164218342,1.34358650020838,103.863180051261,1.34384504434216,JALAN KILANG,135.668547233,50.0
Trans,103.860444665956,1.34338219013958,103.862164218342,1.34358650020838,MERRYN ROAD,65.3767752465,40.0
Trans,103.860444665956,1.34338219013958,103.861494332977,1.34039247674096,INTERNATIONAL ROAD,144.818144057,60.0
Trans,103.861494332977,1.34039247674096,103.862192823335,1.33595430046113,WEST COAST PARK,96.5332429611,50.0
Trans,103.862192823335,1.33595430046113,103.862249800147,1.33378202316729,PASIR RIS DRIVE 3,187.508367754,60.0
Trans,103.862249800147,1.33378202316729,103.862547899332,1.33048800401019,ANCHORVALE STREET,350.113118771,50.0
Trans,103.862547899332,1.33048800401019,103.85767634732,1.32935694002499,JOO CHIAT TERRACE,149.89532329,50.0
Trans,103.855484344042,1.32913309515047,103.85767634732,1.32935694002499,SERVICE ROAD,71.9213084943,50.0
Trans,103.852600088315,1.32939019217358,103.855484344042,1.32913309515047,UPPER THOMSON ROAD,386.2263951,63.3333333333333
Trans,103.849730696913,1.32962792668135,103.852600088315,1.32939019217358,GREENLEAF ROAD,131.780674499,40.0
Trans,103.846147566051,1.32978775490105,103.849730696913,1.32962792668135,NAMLY PLACE,75.5299737939,40.0
Trans,103.846147566051,1.32978775490105,103.840445727059,1.32909045429047,WOODLANDS CRESCENT,211.999463192,50.0
Trans,103.837249405044,1.32717743279987,103.840445727059,1.32909045429047,ANDREWS TERRACE,37.3702571404,50.0
Trans,103.834526450241,1.32637188008896,103.837249405044,1.32717743279987,LYNDHURST ROAD,104.738692925,50.0
Trans,103.827267484501,1.32651064070624,103.834526450241,1.32637188008896,BUROH CRESCENT,669.95408926,50.0
Trans,103.824488572697,1.32825739387868,103.827267484501,1.32651064070624,COTSWOLD CLOSE,69.7409267272,40.0
Trans,103.821620788289,1.32981603307545,103.824488572697,1.32825739387868,JALAN GEMALA,233.427107073,50.0
Trans,103.820250768373,1.3304200428215,103.821620788289,1.32981603307545,TOH TUCK PLACE,71.5787203376,50.0
Trans,103.819715933245,1.33070410206603,103.820250768373,1.3304200428215,JURONG WEST STREET 91,295.940674925,50.0
Trans,103.816568675161,1.3325980944777,103.819715933245,1.33070410206603,BROADRICK ROAD,123.412684768,50.0
Trans,103.810241912785,1.33570919409656,103.816568675161,1.3325980944777,.,66.9152989869,50.0
Trans,103.806489591115,1.33900703615722,103.810241912785,1.33570919409656,WEST COAST GROVE,40.0939973575,50.0
Trans,103.803725663501,1.34184555423763,103.806489591115,1.33900703615722,TANJONG KATONG ROAD,182.350773726,50.0
Trans,103.801363471325,1.34434969496763,103.803725663501,1.34184555423763,GUL DRIVE,209.4342184,50.0
Trans,103.799663605152,1.34612978596243,103.801363471325,1.34434969496763,JALAN ANGKLONG,71.4335790153,50.0
Trans,103.791334947958,1.34951312954048,103.799663605152,1.34612978596243,GUL LANE,473.55358299,50.0
Trans,103.787769955747,1.35346151191621,103.791334947958,1.34951312954048,CARLISLE ROAD,120.139024635,50.0
Trans,103.787396819066,1.3536992537139,103.787769955747,1.35346151191621,JALAN SENANG,173.861442649,40.0
Trans,103.785083020741,1.3552561278166,103.787396819066,1.3536992537139,WOODLANDS DRIVE 63,136.568076045,50.0
Trans,103.783151737009,1.35703252779984,103.785083020741,1.3552561278166,DEFU LANE 5,75.4480262118,50.0
Trans,103.783151737009,1.35703252779984,103.781230188346,1.35974879351628,SERVICE ROAD,45.1422191546,50.0
Trans,103.781230188346,1.35974879351628,103.780257683469,1.36215639405514,SERVICE ROAD,57.6210066437,50.0
Trans,103.779618225194,1.36538382858254,103.780257683469,1.36215639405514,AYER RAJAH EXPRESSWAY,72.11423745,84.0
Trans,103.779175147885,1.36799259046728,103.779618225194,1.36538382858254,JALAN NAGA SARI,173.918903645,50.0
Trans,103.779175147885,1.36799259046728,103.778128220933,1.37209601139266,GHIM MOH ROAD,157.294532511,50.0
Trans,103.778128220933,1.37209601139266,103.777093349585,1.37548445049301,MARINE PARADE ROAD,168.059125387,60.0
Trans,103.777093349585,1.37548445049301,103.773356086822,1.37647089679978,JALAN LAPANG,86.4101451187,40.0
Trans,103.773356086822,1.37647089679978,103.77183756345,1.37740383637633,JALAN JELITA,61.5204697605,50.0
Trans,103.77183756345,1.37740383637633,103.770374200084,1.37830900924303,YISHUN INDUSTRIAL PARK A,214.609158944,50.0
Trans,103.769197629095,1.37904140624353,103.770374200084,1.37830900924303,SIGLAP DRIVE,71.797585503,40.0
Trans,103.767597140768,1.38004707830375,103.769197629095,1.37904140624353,SELETAR CLOSE,71.3425792304,40.0
Trans,103.767597140768,1.38004707830375,103.766230616148,1.37784180578891,.,96.0949428371,50.0
Trans,103.764716968219,1.37815857232407,103.766230616148,1.37784180578891,LOTUS AVENUE,65.2989556468,50.0
Trans,103.763628720253,1.37788447588716,103.764716968219,1.37815857232407,CHANGI ROAD,72.6074076786,60.0
Trans,103.762161443792,1.37748071869067,103.763628720253,1.37788447588716,JALAN BELIBAS,101.51036802,50.0
Trans,103.761234391771,1.37966667154314,103.762161443792,1.37748071869067,SERANGOON AVENUE 3,221.153415906,50.0
Trans,103.761234391771,1.37966667154314,103.759281584524,1.38330148114462,CASHEW ROAD,137.02607948,50.0
Trans,103.757795713585,1.38476321721376,103.759281584524,1.38330148114462,JALAN PARI BURONG,90.8260406806,50.0
Trans,103.755161723282,1.38876859862697,103.757795713585,1.38476321721376,UPPER EAST COAST ROAD,244.275471589,50.0
Trans,103.750963382125,1.38937764287043,103.755161723282,1.38876859862697,TOA PAYOH WEST,339.24219485,50.0
Trans,103.745579982283,1.38940148977097,103.750963382125,1.38937764287043,SUNGEI KADUT STREET 6,124.705716047,50.0
Trans,103.745579982283,1.38940148977097,103.741554568918,1.38667397924363,UPPER CHANGI ROAD,164.366930949,50.0
Trans,103.707326869664,1.36468060378374,103.741554568918,1.38667397924363,SERVICE ROAD,78.8757370873,50.0
Trans,103.697882854184,1.3550743300599,103.707326869664,1.36468060378374,TUAS VIEW SQUARE,159.53273049,50.0
Trans,103.690463030012,1.34604183673788,103.697882854184,1.3550743300599,YIO CHU KANG ROAD,177.017159897,56.6666666666667
Trans,103.690463030012,1.34604183673788,103.691161018008,1.34484547109125,JALAN RAJAWALI,64.6211736586,50.0
Trans,103.691161018008,1.34484547109125,103.691749015109,1.34403200383305,EAST COAST ROAD,175.33151225,50.0
Trans,103.691749015109,1.34403200383305,103.692507869947,1.34305954101269,BEATTY ROAD,76.7022212298,50.0
Trans,103.693275673477,1.34210113863825,103.692507869947,1.34305954101269,PASIR PANJANG DRIVE,74.845087636,50.0
Trans,103.693275673477,1.34210113863825,103.694989632887,1.33982796791854,WOODLANDS RING ROAD,279.544893265,50.0
Trans,103.694989632887,1.33982796791854,103.696074572399,1.33709936455516,RIVER VALLEY CLOSE,192.451792731,50.0
Trans,103.696528740312,1.33483332752232,103.696074572399,1.33709936455516,STRATTON ROAD,75.6338317051,50.0
Trans,103.696528740312,1.33483332752232,103.696518641068,1.33212094744417,IQBAL AVENUE,90.8261073201,40.0
Trans,103.696518641068,1.33212094744417,103.696518515547,1.33137262327183,PIONEER ROAD NORTH,211.750017814,60.0
Trans,103.696518515547,1.33137262327183,103.6965183819,1.33061207601538,SERVICE ROAD,64.5866160454,50.0
Trans,103.696544749493,1.32776305488163,103.6965183819,1.33061207601538,THOMSON CLOSE,69.3092316642,50.0
Trans,103.696514938749,1.32460901970595,103.696544749493,1.32776305488163,JALAN KELEMPONG,76.380576794,50.0
Trans,103.696499555916,1.3226941737105,103.696514938749,1.32460901970595,MANDALAY ROAD,120.255446949,50.0
Trans,103.696499555916,1.3226941737105,103.693459618645,1.32273558240833,NAMLY DRIVE,72.8966662155,40.0
Trans,103.693459618645,1.32273558240833,103.690554966766,1.32273697039848,CHESTNUT CRESCENT,79.272347435,50.0
Trans,103.690554966766,1.32273697039848,103.687242018956,1.3227390726984,CEYLON ROAD,161.469551045,50.0
Trans,103.687242018956,1.3227390726984,103.684081895288,1.32274107354447,EUNOS ROAD 2,59.7163562138,50.0
Trans,103.684081895288,1.32274107354447,103.679120787851,1.3226985529811,CHEOW KENG ROAD,72.6411574447,50.0
Trans,103.679120787851,1.3226985529811,103.675926051378,1.32251447621793,TIONG POH ROAD,72.2262487216,50.0
Trans,103.675926051378,1.32251447621793,103.67285183236,1.32229528846355,JALAN MAS PUTEH,142.33614932,40.0
Trans,103.67285183236,1.32229528846355,103.67006210438,1.32209487421536,LINCOLN ROAD,46.2876422356,50.0
Trans,103.666741349348,1.32185520865863,103.67006210438,1.32209487421536,PEIRCE ROAD,82.8785292114,50.0
Trans,103.663526471105,1.32281170420668,103.666741349348,1.32185520865863,QUALITY ROAD,380.212740065,50.0
Trans,103.663526471105,1.32281170420668,103.661178077657,1.32018974356906,ADMIRALTY ROAD WEST,547.746047968,65.0
Trans,103.661178077657,1.32018974356906,103.659591274701,1.31850084536924,POH HUAT ROAD,144.385242526,50.0
Trans,103.659591274701,1.31850084536924,103.657727629387,1.31652189553841,DEPOT ROAD,353.096681521,50.0
Trans,103.657727629387,1.31652189553841,103.655523513892,1.31862434065018,CHIN BEE AVENUE,195.354927644,50.0
Trans,103.655523513892,1.31862434065018,103.653272065153,1.3207624243735,JALAN PAKIS,85.0026754901,50.0
Trans,103.653272065153,1.3207624243735,103.651608078885,1.32234606301407,GROVE DRIVE,68.4538902709,50.0
Trans,103.651608078885,1.32234606301407,103.649747039987,1.32036530631179,MANGIS ROAD,29.1327644877,50.0
Trans,103.649747039987,1.32036530631179,103.649003256232,1.31957347655503,LENTOR ROAD,78.7111011062,50.0
Trans,103.649003256232,1.31957347655503,103.648364600715,1.31889360465989,.,65.7035236062,50.0
Trans,103.648364600715,1.31889360465989,103.646872819334,1.32031326689755,ARDMORE PARK,137.502845785,50.0
Trans,103.646872819334,1.32031326689755,103.644803635062,1.3222643365434,SALLIM ROAD,265.855908008,50.0
Trans,103.642901267776,1.3240927986137,103.644803635062,1.3222643365434,.,90.7631056311,50.0
Trans,103.642901267776,1.3240927986137,103.640959918787,1.32593354921906,SWETTENHAM ROAD,40.7389110828,50.0
Trans,103.63901130887,1.32778743889203,103.640959918787,1.32593354921906,FUDU WALK,104.412322727,50.0
Trans,103.63901130887,1.32778743889203,103.637020025753,1.32566878353836,BEDOK TERRACE,57.9323705838,50.0
Trans,103.637020025753,1.32566878353836,103.638590988428,1.32417374812611,JALAN BINCHANG,49.0583699404,40.0
Trans,103.635991287312,1.32140616638294,103.638590988428,1.32417374812611,SPRINGSIDE AVENUE,51.6218877801,50.0
Trans,103.635991287312,1.32140616638294,103.63441380589,1.32289491175586,TAI KENG PLACE,64.2450636216,50.0
Trans,103.632004431605,1.31889819116733,103.63441380589,1.32289491175586,LENGKONG TUJOH,163.659891498,40.0
Trans,103.63061935632,1.31941504641261,103.632004431605,1.31889819116733,PASIR RIS DRIVE 2,198.031677068,50.0
Trans,103.63061935632,1.31941504641261,103.629326209531,1.31590132893366,JALAN LOKAM,60.6825786092,50.0
Trans,103.628572901428,1.3138562500219,103.629326209531,1.31590132893366,EAST COAST ROAD,97.6527846992,50.0
Trans,103.628165930958,1.31275141480998,103.628572901428,1.3138562500219,JURONG GATEWAY ROAD,343.899720892,50.0
Trans,103.626878320676,1.30925417737126,103.628165930958,1.31275141480998,BUKIT BATOK CENTRAL,195.807369382,50.0
Trans,103.628911417815,1.30849595528704,103.626878320676,1.30925417737126,LENTOR GREEN,80.6316329893,50.0
Trans,103.628911417815,1.30849595528704,103.630473397236,1.30791303626537,NASSIM ROAD,60.5261147758,50.0
Trans,103.630473397236,1.30791303626537,103.629422003912,1.30500543632474,EASTWOOD DRIVE,103.435946099,50.0
Trans,103.628361041631,1.30217573053986,103.629422003912,1.30500543632474,ANG MO KIO DRIVE,112.700643218,50.0
Trans,103.629691429657,1.30167955427895,103.628361041631,1.30217573053986,WALMER DRIVE,146.597338812,40.0
Trans,103.629691429657,1.30167955427895,103.631663594603,1.30094246693185,PIONEER ROAD,265.493246561,63.3333333333333
Trans,103.63389998444,1.30010969905759,103.631663594603,1.30094246693185,EASTWOOD TERRACE,89.1236667157,50.0
End,103.63389998444,1.30010969905759,103.636998685891,1.29898899686037,SERVICE ROAD,128.741882062,50.0
Taxi,103.764556923891,1.3327275954121,103.770392833811,1.33295438588327,GEYLANG EAST AVENUE 2,274.359758888,50.0
Trans,103.764556923891,1.3327275954121,103.764008835405,1.32863559308386,BISHAN ROAD,359.655435069,60.0
Trans,103.764008835405,1.32863559308386,103.76418929008,1.32586969276971,CLEMENTI AVENUE 6,306.505909872,70.0
Trans,103.76418929008,1.32586969276971,103.763920032633,1.32108111334032,SEA BREEZE AVENUE,42.9361637111,50.0
Trans,103.763107553644,1.31889835858752,103.763920032633,1.32108111334032,BISHAN PLACE,62.5637726742,50.0
Trans,103.764817264853,1.31606827692308,103.763107553644,1.31889835858752,OUTRAM PARK,279.718352863,50.0
Trans,103.764817264853,1.31606827692308,103.76578635419,1.31386377481142,MEI HWAN CRESCENT,72.6122120663,50.0
Trans,103.76578635419,1.31386377481142,103.766499778317,1.31292339684295,DEFU LANE 10,124.137855175,50.0
Trans,103.766499778317,1.31292339684295,103.767850238678,1.31207324222252,MARGATE ROAD,159.112629787,50.0
Trans,103.768545778277,1.31386384835254,103.767850238678,1.31207324222252,SOO CHOW GARDEN ROAD,66.5297398232,40.0
Trans,103.770238750313,1.31610562003663,103.768545778277,1.31386384835254,JALAN BATAI,187.927078965,40.0
Trans,103.770238750313,1.31610562003663,103.77172113593,1.31658564153565,WAK HASSAN DRIVE,68.4821572942,50.0
Trans,103.771081678879,1.3191906886723,103.77172113593,1.31658564153565,TANNERY ROAD,92.4720629587,50.0
Trans,103.770782701755,1.32051995521521,103.771081678879,1.3191906886723,CONWAY CIRCLE,67.106089053,40.0
Trans,103.770782701755,1.32051995521521,103.771283603392,1.32217294058394,GREENWOOD AVENUE,58.0464061848,40.0
Trans,103.771283603392,1.32217294058394,103.772194651715,1.32358666807826,DUKU ROAD,61.2105307097,50.0
Trans,103.772781060756,1.32440265918162,103.772194651715,1.32358666807826,GUL STREET 2,105.0790131,50.0
Trans,103.772781060756,1.32440265918162,103.777711729955,1.32996132978382,JALAN GAHARU,70.4175419497,50.0
Trans,103.777711729955,1.32996132978382,103.777871960596,1.33310332769784,MAUDE ROAD,95.9733353895,50.0
Trans,103.778869513836,1.33755198099566,103.777871960596,1.33310332769784,TUAS WEST DRIVE,102.313442536,60.0
Trans,103.777598182623,1.33812064483128,103.778869513836,1.33755198099566,JALAN ASAS,129.099563906,50.0
Trans,103.778783688059,1.34066648161142,103.777598182623,1.33812064483128,LIM TECK BOO ROAD,87.7896613261,50.0
Trans,103.779739823863,1.3416932739952,103.778783688059,1.34066648161142,CANBERRA LINK,409.883473829,65.0
Trans,103.781130595834,1.34227068433127,103.779739823863,1.3416932739952,JALAN WANGI,41.551703645,40.0
Trans,103.785713763082,1.3439319824995,103.781130595834,1.34227068433127,BUKIT BATOK EAST AVENUE 3,236.681133543,60.0
Trans,103.785713763082,1.3439319824995,103.789001770121,1.34712321391265,YUNNAN WALK 1,78.4536206597,50.0
Trans,103.789001770121,1.34712321391265,103.791334947958,1.34951312954048,WATTEN DRIVE,64.8678996336,40.0
Trans,103.791334947958,1.34951312954048,103.799663605152,1.34612978596243,GUL LANE,473.55358299,50.0
Trans,103.799663605152,1.34612978596243,103.801363471325,1.34434969496763,JALAN ANGKLONG,71.4335790153,50.0
Trans,103.801363471325,1.34434969496763,103.803725663501,1.34184555423763,GUL DRIVE,209.4342184,50.0
Trans,103.803725663501,1.34184555423763,103.806489591115,1.33900703615722,TANJONG KATONG ROAD,182.350773726,50.0
Trans,103.806489591115,1.33900703615722,103.810241912785,1.33570919409656,WEST COAST GROVE,40.0939973575,50.0
Trans,103.810241912785,1.33570919409656,103.816568675161,1.3325980944777,.,66.9152989869,50.0
Trans,103.816568675161,1.3325980944777,103.819715933245,1.33070410206603,BROADRICK ROAD,123.412684768,50.0
Trans,103.819715933245,1.33070410206603,103.820250768373,1.3304200428215,JURONG WEST STREET 91,295.940674925,50.0
Trans,103.820250768373,1.3304200428215,103.821620788289,1.32981603307545,TOH TUCK PLACE,71.5787203376,50.0
Trans,103.821620788289,1.32981603307545,103.824488572697,1.32825739387868,JALAN GEMALA,233.427107073,50.0
Trans,103.824488572697,1.32825739387868,103.827267484501,1.32651064070624,COTSWOLD CLOSE,69.7409267272,40.0
Trans,103.827267484501,1.32651064070624,103.834526450241,1.32637188008896,BUROH CRESCENT,669.95408926,50.0
Trans,103.834526450241,1.32637188008896,103.837249405044,1.32717743279987,LYNDHURST ROAD,104.738692925,50.0
Trans,103.837249405044,1.32717743279987,103.840445727059,1.32909045429047,ANDREWS TERRACE,37.3702571404,50.0
Trans,103.846147566051,1.32978775490105,103.840445727059,1.32909045429047,WOODLANDS CRESCENT,211.999463192,50.0
Trans,103.846147566051,1.32978775490105,103.849730696913,1.32962792668135,NAMLY PLACE,75.5299737939,40.0
Trans,103.849730696913,1.32962792668135,103.852600088315,1.32939019217358,GREENLEAF ROAD,131.780674499,40.0
Trans,103.852600088315,1.32939019217358,103.855484344042,1.32913309515047,UPPER THOMSON ROAD,386.2263951,63.3333333333333
Trans,103.855484344042,1.32913309515047,103.85767634732,1.32935694002499,SERVICE ROAD,71.9213084943,50.0
Trans,103.862547899332,1.33048800401019,103.85767634732,1.32935694002499,JOO CHIAT TERRACE,149.89532329,50.0
Trans,103.862249800147,1.33378202316729,103.862547899332,1.33048800401019,ANCHORVALE STREET,350.113118771,50.0
Trans,103.862192823335,1.33595430046113,103.862249800147,1.33378202316729,PASIR RIS DRIVE 3,187.508367754,60.0
Trans,103.861494332977,1.34039247674096,103.862192823335,1.33595430046113,WEST COAST PARK,96.5332429611,50.0
Trans,103.860444665956,1.34338219013958,103.861494332977,1.34039247674096,INTERNATIONAL ROAD,144.818144057,60.0
Trans,103.860444665956,1.34338219013958,103.862164218342,1.34358650020838,MERRYN ROAD,65.3767752465,40.0
Trans,103.862164218342,1.34358650020838,103.863180051261,1.34384504434216,JALAN KILANG,135.668547233,50.0
Trans,103.864265242985,1.34419236314739,103.863180051261,1.34384504434216,JALAN BESAR,90.2280100755,50.0
Trans,103.864265242985,1.34419236314739,103.865478423989,1.3442801696802,BUKIT BATOK WEST AVENUE 7,237.569283595,50.0
Trans,103.865478423989,1.3442801696802,103.868198398911,1.34327600514299,RIVER VALLEY ROAD,114.596447228,50.0
Trans,103.870099323488,1.34297746625867,103.868198398911,1.34327600514299,KALIDASA AVENUE,62.9876698933,40.0
Trans,103.870099323488,1.34297746625867,103.870801013445,1.343349693299,CLAYMORE HILL,293.706241591,50.0
Trans,103.870801013445,1.343349693299,103.870738335948,1.33944626697967,THRIFT DRIVE,53.7518207189,40.0
Trans,103.870738335948,1.33944626697967,103.875698188999,1.33846911919307,STEVENS ROAD,257.83637399,60.0
Trans,103.875698188999,1.33846911919307,103.87800248538,1.33569783735804,LENGKONG DUA,457.431581931,40.0
Trans,103.87800248538,1.33569783735804,103.878424316308,1.33379654503083,CHESTNUT AVENUE,183.409060382,50.0
Trans,103.879027285623,1.33126247705667,103.878424316308,1.33379654503083,KAKI BUKIT AVENUE 2,185.952351781,50.0
Trans,103.879210634589,1.33058490692371,103.879027285623,1.33126247705667,JALAN MULIA,61.8673792225,40.0
Trans,103.880055223882,1.32777189413894,103.879210634589,1.33058490692371,LENGKOK BAHRU,123.566275554,50.0
Trans,103.880055223882,1.32777189413894,103.880569124632,1.32615600416689,DUCHESS AVENUE,131.442763685,50.0
Trans,103.880569124632,1.32615600416689,103.880786027207,1.32541996769216,TEO KIM ENG ROAD,89.3387166369,40.0
Trans,103.881131628253,1.32405433559886,103.880786027207,1.32541996769216,BOURNEMOUTH ROAD,63.2807282552,50.0
Trans,103.881422049435,1.32254506614859,103.881131628253,1.32405433559886,DEFU LANE 1,76.0885513603,50.0
Trans,103.881422049435,1.32254506614859,103.881668136079,1.32086047050612,DUNEARN ROAD,297.304289393,70.0
Trans,103.88511797214,1.32219656367865,103.881668136079,1.32086047050612,CLEANTECH LOOP,139.705421948,50.0
Trans,103.88511797214,1.32219656367865,103.890958849533,1.3229362352542,JALAN KOLAM AYER,333.64261796,50.0
Trans,103.891267385456,1.32131770958383,103.890958849533,1.3229362352542,SERVICE ROAD,29.4379262206,50.0
Trans,103.891267385456,1.32131770958383,103.89156328017,1.31999535303452,CACTUS CRESCENT,192.8282071,50.0
Trans,103.89156328017,1.31999535303452,103.888782739241,1.31932813024471,UPPER JURONG ROAD,401.95269536,70.0
Trans,103.888782739241,1.31932813024471,103.885774614933,1.31873216345342,TECH PARK CRESCENT,105.625065814,50.0
Trans,103.885774614933,1.31873216345342,103.883833109079,1.3185712904461,TOH TUCK RISE,116.541246938,50.0
Trans,103.881990938734,1.31857556671161,103.883833109079,1.3185712904461,BRADDELL ROAD,224.985620916,70.0
Trans,103.879560685929,1.31838379117648,103.881990938734,1.31857556671161,JALAN TANJONG,51.8348440381,50.0
Trans,103.879882756425,1.31715437748004,103.879560685929,1.31838379117648,KIAN TECK DRIVE,281.480549384,50.0
Trans,103.881111632375,1.31727499468043,103.879882756425,1.31715437748004,TANNERY ROAD,116.590182221,50.0
Trans,103.881111632375,1.31727499468043,103.881061732553,1.3178991130964,NORMANTON PARK,99.2201525128,50.0
Start,103.881111632375,1.31727499468043,103.881061732553,1.3178991130964,NORMANTON PARK,99.2201525128,50.0
Trans,103.881111632375,1.31727499468043,103.879882756425,1.31715437748004,TANNERY ROAD,116.590182221,50.0
Trans,103.879882756425,1.31715437748004,103.879560685929,1.31838379117648,KIAN TECK DRIVE,281.480549384,50.0
Trans,103.879560685929,1.31838379117648,103.881990938734,1.31857556671161,JALAN TANJONG,51.8348440381,50.0
Trans,103.881990938734,1.31857556671161,103.883833109079,1.3185712904461,BRADDELL ROAD,224.985620916,70.0
Trans,103.885774614933,1.31873216345342,103.883833109079,1.3185712904461,TOH TUCK RISE,116.541246938,50.0
Trans,103.888782739241,1.31932813024471,103.885774614933,1.31873216345342,TECH PARK CRESCENT,105.625065814,50.0
Trans,103.89156328017,1.31999535303452,103.888782739241,1.31932813024471,UPPER JURONG ROAD,401.95269536,70.0
Trans,103.891267385456,1.32131770958383,103.89156328017,1.31999535303452,CACTUS CRESCENT,192.8282071,50.0
Trans,103.891267385456,1.32131770958383,103.890958849533,1.3229362352542,SERVICE ROAD,29.4379262206,50.0
Trans,103.88511797214,1.32219656367865,103.890958849533,1.3229362352542,JALAN KOLAM AYER,333.64261796,50.0
Trans,103.88511797214,1.32219656367865,103.881668136079,1.32086047050612,CLEANTECH LOOP,139.705421948,50.0
Trans,103.881422049435,1.32254506614859,103.881668136079,1.32086047050612,DUNEARN ROAD,297.304289393,70.0
Trans,103.881422049435,1.32254506614859,103.881131628253,1.32405433559886,DEFU LANE 1,76.0885513603,50.0
Trans,103.881131628253,1.32405433559886,103.880786027207,1.32541996769216,BOURNEMOUTH ROAD,63.2807282552,50.0
Trans,103.880569124632,1.32615600416689,103.880786027207,1.32541996769216,TEO KIM ENG ROAD,89.3387166369,40.0
Trans,103.880055223882,1.32777189413894,103.880569124632,1.32615600416689,DUCHESS AVENUE,131.442763685,50.0
Trans,103.880055223882,1.32777189413894,103.879210634589,1.33058490692371,LENGKOK BAHRU,123.566275554,50.0
Trans,103.879210634589,1.33058490692371,103.879027285623,1.33126247705667,JALAN MULIA,61.8673792225,40.0
Trans,103.879027285623,1.33126247705667,103.878424316308,1.33379654503083,KAKI BUKIT AVENUE 2,185.952351781,50.0
Trans,103.87800248538,1.33569783735804,103.878424316308,1.33379654503083,CHESTNUT AVENUE,183.409060382,50.0
Trans,103.875698188999,1.33846911919307,103.87800248538,1.33569783735804,LENGKONG DUA,457.431581931,40.0
Trans,103.870738335948,1.33944626697967,103.875698188999,1.33846911919307,STEVENS ROAD,257.83637399,60.0
Trans,103.870801013445,1.343349693299,103.870738335948,1.33944626697967,THRIFT DRIVE,53.7518207189,40.0
Trans,103.870801013445,1.343349693299,103.870798552731,1.3442535277478,MOULMEIN ROAD,139.6696085,60.0
Trans,103.871529680833,1.3461557546136,103.870798552731,1.3442535277478,JALAN HAJI ALIAS,84.479703906,40.0
Trans,103.872519946058,1.34826401269944,103.871529680833,1.3461557546136,TOA PAYOH NORTH,28.9564812979,50.0
Trans,103.869864280202,1.35148269776097,103.872519946058,1.34826401269944,EAST COAST PARK SERVICE ROAD,404.26792703,50.0
Trans,103.870501819944,1.3536994049063,103.869864280202,1.35148269776097,TUAS BASIN LINK,162.686396721,50.0
Trans,103.870453026996,1.35459878867308,103.870501819944,1.3536994049063,SEMBAWANG WALK,117.548707371,50.0
End,103.870390230342,1.35559994919405,103.870453026996,1.35459878867308,TUAS VIEW PLACE,73.1798842536,50.0
Taxi,103.80939737223,1.32860402508599,103.810902071151,1.32801401224871,VANDA ROAD,128.820371059,50.0
Trans,103.808091123414,1.32950738745709,103.80939737223,1.32860402508599,YUK TONG AVENUE,45.4144779732,40.0
Trans,103.807416326193,1.32981822022669,103.808091123414,1.32950738745709,JALAN SONGKET,76.7787238137,40.0
Trans,103.807156275994,1.32939910127185,103.807416326193,1.32981822022669,CAVENAGH ROAD,55.456139785,50.0
Trans,103.805859901563,1.32759579827855,103.807156275994,1.32939910127185,HOLLAND HILL,52.2260145124,50.0
Trans,103.805859901563,1.32759579827855,103.80333592654,1.32915643341246,LICHI AVENUE,160.262154232,40.0
Trans,103.800857867879,1.33005451337412,103.80333592654,1.32915643341246,KAMPONG KAPOR ROAD,97.2017375922,50.0
Trans,103.800857867879,1.33005451337412,103.801638838302,1.33149232191166,STIRLING ROAD,101.759285873,40.0
Trans,103.801638838302,1.33149232191166,103.801839635466,1.33220514732042,WATTEN RISE,180.173597239,40.0
Trans,103.802097029874,1.33303130166941,103.801839635466,1.33220514732042,TANNERY ROAD,80.2285524124,50.0
Trans,103.80226599659,1.33335620388222,103.802097029874,1.33303130166941,TAMPINES STREET 42,238.679562556,50.0
Trans,103.801927172453,1.33374627728936,103.80226599659,1.33335620388222,PAN ISLAND EXPRESSWAY,536.422341741,85.0
Trans,103.801927172453,1.33374627728936,103.800778386546,1.33388915877897,KAKI BUKIT AVENUE 5,280.31488777,50.0
Trans,103.800778386546,1.33388915877897,103.800378971626,1.33358276473928,HOLLAND CLOSE,248.39918856,50.0
Trans,103.800378971626,1.33358276473928,103.799196662164,1.33267463961414,CHOA CHU KANG AVENUE 4,104.013645673,50.0
Trans,103.799196662164,1.33267463961414,103.798843333095,1.33240353707411,SPRINGLEAF DRIVE,213.766828418,50.0
Trans,103.798843333095,1.33240353707411,103.798620697134,1.33223272937232,KAKI BUKIT PLACE,285.889002847,50.0
Trans,103.798318907232,1.33233089798525,103.798620697134,1.33223272937232,TAMPINES STREET 45,226.144039771,50.0
Trans,103.798318907232,1.33233089798525,103.798410199992,1.33496641489779,PUNGGOL DRIVE,224.493106086,50.0
Trans,103.798410199992,1.33496641489779,103.798985252002,1.33673858867514,KEW DRIVE,82.6492802457,50.0
Trans,103.798985252002,1.33673858867514,103.800448345132,1.33763827472593,EUNOS ROAD 4,77.3297504821,50.0
Trans,103.800448345132,1.33763827472593,103.802001088261,1.33826485010359,CAIRNHILL ROAD,185.497397934,50.0
Trans,103.802001088261,1.33826485010359,103.806489591115,1.33900703615722,CHANGI BUSINESS PARK CENTRAL 2,98.2635898875,50.0
Trans,103.803725663501,1.34184555423763,103.806489591115,1.33900703615722,TANJONG KATONG ROAD,182.350773726,50.0
Trans,103.801363471325,1.34434969496763,103.803725663501,1.34184555423763,GUL DRIVE,209.4342184,50.0
Trans,103.799663605152,1.34612978596243,103.801363471325,1.34434969496763,JALAN ANGKLONG,71.4335790153,50.0
Trans,103.791334947958,1.34951312954048,103.799663605152,1.34612978596243,GUL LANE,473.55358299,50.0
Trans,103.787769955747,1.35346151191621,103.791334947958,1.34951312954048,CARLISLE ROAD,120.139024635,50.0
Trans,103.787396819066,1.3536992537139,103.787769955747,1.35346151191621,JALAN SENANG,173.861442649,40.0
Trans,103.785083020741,1.3552561278166,103.787396819066,1.3536992537139,WOODLANDS DRIVE 63,136.568076045,50.0
Trans,103.783151737009,1.35703252779984,103.785083020741,1.3552561278166,DEFU LANE 5,75.4480262118,50.0
Trans,103.783151737009,1.35703252779984,103.781230188346,1.35974879351628,SERVICE ROAD,45.1422191546,50.0
Trans,103.781230188346,1.35974879351628,103.780257683469,1.36215639405514,SERVICE ROAD,57.6210066437,50.0
Trans,103.779618225194,1.36538382858254,103.780257683469,1.36215639405514,AYER RAJAH EXPRESSWAY,72.11423745,84.0
Trans,103.779175147885,1.36799259046728,103.779618225194,1.36538382858254,JALAN NAGA SARI,173.918903645,50.0
Trans,103.779175147885,1.36799259046728,103.778128220933,1.37209601139266,GHIM MOH ROAD,157.294532511,50.0
Trans,103.778128220933,1.37209601139266,103.777093349585,1.37548445049301,MARINE PARADE ROAD,168.059125387,60.0
Trans,103.777093349585,1.37548445049301,103.773356086822,1.37647089679978,JALAN LAPANG,86.4101451187,40.0
Trans,103.773356086822,1.37647089679978,103.77183756345,1.37740383637633,JALAN JELITA,61.5204697605,50.0
Trans,103.77183756345,1.37740383637633,103.770374200084,1.37830900924303,YISHUN INDUSTRIAL PARK A,214.609158944,50.0
Trans,103.769197629095,1.37904140624353,103.770374200084,1.37830900924303,SIGLAP DRIVE,71.797585503,40.0
Trans,103.767597140768,1.38004707830375,103.769197629095,1.37904140624353,SELETAR CLOSE,71.3425792304,40.0
Trans,103.767597140768,1.38004707830375,103.766230616148,1.37784180578891,.,96.0949428371,50.0
Trans,103.764716968219,1.37815857232407,103.766230616148,1.37784180578891,LOTUS AVENUE,65.2989556468,50.0
Trans,103.763628720253,1.37788447588716,103.764716968219,1.37815857232407,CHANGI ROAD,72.6074076786,60.0
Trans,103.762161443792,1.37748071869067,103.763628720253,1.37788447588716,JALAN BELIBAS,101.51036802,50.0
Trans,103.761234391771,1.37966667154314,103.762161443792,1.37748071869067,SERANGOON AVENUE 3,221.153415906,50.0
Trans,103.761234391771,1.37966667154314,103.759281584524,1.38330148114462,CASHEW ROAD,137.02607948,50.0
Trans,103.757795713585,1.38476321721376,103.759281584524,1.38330148114462,JALAN PARI BURONG,90.8260406806,50.0
Trans,103.755161723282,1.38876859862697,103.757795713585,1.38476321721376,UPPER EAST COAST ROAD,244.275471589,50.0
Trans,103.750963382125,1.38937764287043,103.755161723282,1.38876859862697,TOA PAYOH WEST,339.24219485,50.0
Trans,103.745579982283,1.38940148977097,103.750963382125,1.38937764287043,SUNGEI KADUT STREET 6,124.705716047,50.0
Trans,103.745579982283,1.38940148977097,103.741554568918,1.38667397924363,UPPER CHANGI ROAD,164.366930949,50.0
Trans,103.707326869664,1.36468060378374,103.741554568918,1.38667397924363,SERVICE ROAD,78.8757370873,50.0
Trans,103.697882854184,1.3550743300599,103.707326869664,1.36468060378374,TUAS VIEW SQUARE,159.53273049,50.0
Trans,103.690463030012,1.34604183673788,103.697882854184,1.3550743300599,YIO CHU KANG ROAD,177.017159897,56.6666666666667
Trans,103.690463030012,1.34604183673788,103.691161018008,1.34484547109125,JALAN RAJAWALI,64.6211736586,50.0
Trans,103.691161018008,1.34484547109125,103.691749015109,1.34403200383305,EAST COAST ROAD,175.33151225,50.0
Trans,103.691749015109,1.34403200383305,103.692507869947,1.34305954101269,BEATTY ROAD,76.7022212298,50.0
Trans,103.693275673477,1.34210113863825,103.692507869947,1.34305954101269,PASIR PANJANG DRIVE,74.845087636,50.0
Trans,103.693275673477,1.34210113863825,103.694989632887,1.33982796791854,WOODLANDS RING ROAD,279.544893265,50.0
Trans,103.694989632887,1.33982796791854,103.696074572399,1.33709936455516,RIVER VALLEY CLOSE,192.451792731,50.0
Trans,103.696528740312,1.33483332752232,103.696074572399,1.33709936455516,STRATTON ROAD,75.6338317051,50.0
Trans,103.696528740312,1.33483332752232,103.696518641068,1.33212094744417,IQBAL AVENUE,90.8261073201,40.0
Trans,103.696518641068,1.33212094744417,103.696518515547,1.33137262327183,PIONEER ROAD NORTH,211.750017814,60.0
Trans,103.696518515547,1.33137262327183,103.6965183819,1.33061207601538,SERVICE ROAD,64.5866160454,50.0
Trans,103.696544749493,1.32776305488163,103.6965183819,1.33061207601538,THOMSON CLOSE,69.3092316642,50.0
Trans,103.696514938749,1.32460901970595,103.696544749493,1.32776305488163,JALAN KELEMPONG,76.380576794,50.0
Trans,103.696499555916,1.3226941737105,103.696514938749,1.32460901970595,MANDALAY ROAD,120.255446949,50.0
Trans,103.696499555916,1.3226941737105,103.693459618645,1.32273558240833,NAMLY DRIVE,72.8966662155,40.0
Trans,103.693459618645,1.32273558240833,103.690554966766,1.32273697039848,CHESTNUT CRESCENT,79.272347435,50.0
Trans,103.690554966766,1.32273697039848,103.687242018956,1.3227390726984,CEYLON ROAD,161.469551045,50.0
Trans,103.687242018956,1.3227390726984,103.684081895288,1.32274107354447,EUNOS ROAD 2,59.7163562138,50.0
Trans,103.684081895288,1.32274107354447,103.679120787851,1.3226985529811,CHEOW KENG ROAD,72.6411574447,50.0
Trans,103.679120787851,1.3226985529811,103.675926051378,1.32251447621793,TIONG POH ROAD,72.2262487216,50.0
Trans,103.675926051378,1.32251447621793,103.67285183236,1.32229528846355,JALAN MAS PUTEH,142.33614932,40.0
Trans,103.67285183236,1.32229528846355,103.67006210438,1.32209487421536,LINCOLN ROAD,46.2876422356,50.0
Trans,103.666741349348,1.32185520865863,103.67006210438,1.32209487421536,PEIRCE ROAD,82.8785292114,50.0
Trans,103.663526471105,1.32281170420668,103.666741349348,1.32185520865863,QUALITY ROAD,380.212740065,50.0
Trans,103.663526471105,1.32281170420668,103.661178077657,1.32018974356906,ADMIRALTY ROAD WEST,547.746047968,65.0
Trans,103.661178077657,1.32018974356906,103.659591274701,1.31850084536924,POH HUAT ROAD,144.385242526,50.0
Trans,103.659591274701,1.31850084536924,103.657727629387,1.31652189553841,DEPOT ROAD,353.096681521,50.0
Trans,103.657727629387,1.31652189553841,103.655523513892,1.31862434065018,CHIN BEE AVENUE,195.354927644,50.0
Trans,103.655523513892,1.31862434065018,103.653272065153,1.3207624243735,JALAN PAKIS,85.0026754901,50.0
Trans,103.653272065153,1.3207624243735,103.651608078885,1.32234606301407,GROVE DRIVE,68.4538902709,50.0
Trans,103.651608078885,1.32234606301407,103.649747039987,1.32036530631179,MANGIS ROAD,29.1327644877,50.0
Trans,103.649747039987,1.32036530631179,103.649003256232,1.31957347655503,LENTOR ROAD,78.7111011062,50.0
Trans,103.649003256232,1.31957347655503,103.648364600715,1.31889360465989,.,65.7035236062,50.0
Trans,103.648364600715,1.31889360465989,103.646872819334,1.32031326689755,ARDMORE PARK,137.502845785,50.0
Trans,103.646872819334,1.32031326689755,103.644803635062,1.3222643365434,SALLIM ROAD,265.855908008,50.0
Trans,103.642901267776,1.3240927986137,103.644803635062,1.3222643365434,.,90.7631056311,50.0
Trans,103.642901267776,1.3240927986137,103.640959918787,1.32593354921906,SWETTENHAM ROAD,40.7389110828,50.0
Trans,103.63901130887,1.32778743889203,103.640959918787,1.32593354921906,FUDU WALK,104.412322727,50.0
Trans,103.63901130887,1.32778743889203,103.637020025753,1.32566878353836,BEDOK TERRACE,57.9323705838,50.0
Trans,103.637020025753,1.32566878353836,103.638590988428,1.32417374812611,JALAN BINCHANG,49.0583699404,40.0
Trans,103.635991287312,1.32140616638294,103.638590988428,1.32417374812611,SPRINGSIDE AVENUE,51.6218877801,50.0
Trans,103.635991287312,1.32140616638294,103.63441380589,1.32289491175586,TAI KENG PLACE,64.2450636216,50.0
Trans,103.632004431605,1.31889819116733,103.63441380589,1.32289491175586,LENGKONG TUJOH,163.659891498,40.0
Trans,103.63061935632,1.31941504641261,103.632004431605,1.31889819116733,PASIR RIS DRIVE 2,198.031677068,50.0
Trans,103.63061935632,1.31941504641261,103.629326209531,1.31590132893366,JALAN LOKAM,60.6825786092,50.0
Trans,103.628572901428,1.3138562500219,103.629326209531,1.31590132893366,EAST COAST ROAD,97.6527846992,50.0
Trans,103.628165930958,1.31275141480998,103.628572901428,1.3138562500219,JURONG GATEWAY ROAD,343.899720892,50.0
Trans,103.626878320676,1.30925417737126,103.628165930958,1.31275141480998,BUKIT BATOK CENTRAL,195.807369382,50.0
Trans,103.628911417815,1.30849595528704,103.626878320676,1.30925417737126,LENTOR GREEN,80.6316329893,50.0
Trans,103.628911417815,1.30849595528704,103.630473397236,1.30791303626537,NASSIM ROAD,60.5261147758,50.0
Trans,103.630473397236,1.30791303626537,103.629422003912,1.30500543632474,EASTWOOD DRIVE,103.435946099,50.0
Trans,103.628361041631,1.30217573053986,103.629422003912,1.30500543632474,ANG MO KIO DRIVE,112.700643218,50.0
Start,103.628361041631,1.30217573053986,103.629422003912,1.30500543632474,ANG MO KIO DRIVE,112.700643218,50.0
Trans,103.630473397236,1.30791303626537,103.629422003912,1.30500543632474,EASTWOOD DRIVE,103.435946099,50.0
Trans,103.628911417815,1.30849595528704,103.630473397236,1.30791303626537,NASSIM ROAD,60.5261147758,50.0
Trans,103.628911417815,1.30849595528704,103.626878320676,1.30925417737126,LENTOR GREEN,80.6316329893,50.0
Trans,103.626878320676,1.30925417737126,103.628165930958,1.31275141480998,BUKIT BATOK CENTRAL,195.807369382,50.0
Trans,103.628165930958,1.31275141480998,103.628572901428,1.3138562500219,JURONG GATEWAY ROAD,343.899720892,50.0
Trans,103.628572901428,1.3138562500219,103.629326209531,1.31590132893366,EAST COAST ROAD,97.6527846992,50.0
Trans,103.63061935632,1.31941504641261,103.629326209531,1.31590132893366,JALAN LOKAM,60.6825786092,50.0
Trans,103.63061935632,1.31941504641261,103.632004431605,1.31889819116733,PASIR RIS DRIVE 2,198.031677068,50.0
Trans,103.632004431605,1.31889819116733,103.63441380589,1.32289491175586,LENGKONG TUJOH,163.659891498,40.0
Trans,103.635991287312,1.32140616638294,103.63441380589,1.32289491175586,TAI KENG PLACE,64.2450636216,50.0
Trans,103.635991287312,1.32140616638294,103.638590988428,1.32417374812611,SPRINGSIDE AVENUE,51.6218877801,50.0
Trans,103.637020025753,1.32566878353836,103.638590988428,1.32417374812611,JALAN BINCHANG,49.0583699404,40.0
Trans,103.63901130887,1.32778743889203,103.637020025753,1.32566878353836,BEDOK TERRACE,57.9323705838,50.0
Trans,103.63901130887,1.32778743889203,103.640959918787,1.32593354921906,FUDU WALK,104.412322727,50.0
Trans,103.642901267776,1.3240927986137,103.640959918787,1.32593354921906,SWETTENHAM ROAD,40.7389110828,50.0
Trans,103.642901267776,1.3240927986137,103.644803635062,1.3222643365434,.,90.7631056311,50.0
Trans,103.646872819334,1.32031326689755,103.644803635062,1.3222643365434,SALLIM ROAD,265.855908008,50.0
Trans,103.648364600715,1.31889360465989,103.646872819334,1.32031326689755,ARDMORE PARK,137.502845785,50.0
Trans,103.649003256232,1.31957347655503,103.648364600715,1.31889360465989,.,65.7035236062,50.0
Trans,103.649747039987,1.32036530631179,103.649003256232,1.31957347655503,LENTOR ROAD,78.7111011062,50.0
Trans,103.651608078885,1.32234606301407,103.649747039987,1.32036530631179,MANGIS ROAD,29.1327644877,50.0
Trans,103.653272065153,1.3207624243735,103.651608078885,1.32234606301407,GROVE DRIVE,68.4538902709,50.0
Trans,103.655523513892,1.31862434065018,103.653272065153,1.3207624243735,JALAN PAKIS,85.0026754901,50.0
Trans,103.657727629387,1.31652189553841,103.655523513892,1.31862434065018,CHIN BEE AVENUE,195.354927644,50.0
Trans,103.659591274701,1.31850084536924,103.657727629387,1.31652189553841,DEPOT ROAD,353.096681521,50.0
Trans,103.661178077657,1.32018974356906,103.659591274701,1.31850084536924,POH HUAT ROAD,144.385242526,50.0
Trans,103.663526471105,1.32281170420668,103.661178077657,1.32018974356906,ADMIRALTY ROAD WEST,547.746047968,65.0
Trans,103.663526471105,1.32281170420668,103.666741349348,1.32185520865863,QUALITY ROAD,380.212740065,50.0
Trans,103.666741349348,1.32185520865863,103.67006210438,1.32209487421536,PEIRCE ROAD,82.8785292114,50.0
Trans,103.67285183236,1.32229528846355,103.67006210438,1.32209487421536,LINCOLN ROAD,46.2876422356,50.0
Trans,103.675926051378,1.32251447621793,103.67285183236,1.32229528846355,JALAN MAS PUTEH,142.33614932,40.0
Trans,103.679120787851,1.3226985529811,103.675926051378,1.32251447621793,TIONG POH ROAD,72.2262487216,50.0
Trans,103.684081895288,1.32274107354447,103.679120787851,1.3226985529811,CHEOW KENG ROAD,72.6411574447,50.0
Trans,103.687242018956,1.3227390726984,103.684081895288,1.32274107354447,EUNOS ROAD 2,59.7163562138,50.0
Trans,103.690554966766,1.32273697039848,103.687242018956,1.3227390726984,CEYLON ROAD,161.469551045,50.0
Trans,103.693459618645,1.32273558240833,103.690554966766,1.32273697039848,CHESTNUT CRESCENT,79.272347435,50.0
Trans,103.696499555916,1.3226941737105,103.693459618645,1.32273558240833,NAMLY DRIVE,72.8966662155,40.0
Trans,103.696499555916,1.3226941737105,103.696514938749,1.32460901970595,MANDALAY ROAD,120.255446949,50.0
Trans,103.696514938749,1.32460901970595,103.696544749493,1.32776305488163,JALAN KELEMPONG,76.380576794,50.0
Trans,103.696544749493,1.32776305488163,103.6965183819,1.33061207601538,THOMSON CLOSE,69.3092316642,50.0
Trans,103.696518515547,1.33137262327183,103.6965183819,1.33061207601538,SERVICE ROAD,64.5866160454,50.0
Trans,103.696518641068,1.33212094744417,103.696518515547,1.33137262327183,PIONEER ROAD NORTH,211.750017814,60.0
Trans,103.696528740312,1.33483332752232,103.696518641068,1.33212094744417,IQBAL AVENUE,90.8261073201,40.0
Trans,103.696528740312,1.33483332752232,103.696074572399,1.33709936455516,STRATTON ROAD,75.6338317051,50.0
Trans,103.694989632887,1.33982796791854,103.696074572399,1.33709936455516,RIVER VALLEY CLOSE,192.451792731,50.0
Trans,103.693275673477,1.34210113863825,103.694989632887,1.33982796791854,WOODLANDS RING ROAD,279.544893265,50.0
Trans,103.693275673477,1.34210113863825,103.692507869947,1.34305954101269,PASIR PANJANG DRIVE,74.845087636,50.0
Trans,103.691749015109,1.34403200383305,103.692507869947,1.34305954101269,BEATTY ROAD,76.7022212298,50.0
Trans,103.691161018008,1.34484547109125,103.691749015109,1.34403200383305,EAST COAST ROAD,175.33151225,50.0
Trans,103.690463030012,1.34604183673788,103.691161018008,1.34484547109125,JALAN RAJAWALI,64.6211736586,50.0
Trans,103.690463030012,1.34604183673788,103.697882854184,1.3550743300599,YIO CHU KANG ROAD,177.017159897,56.6666666666667
Trans,103.697882854184,1.3550743300599,103.707326869664,1.36468060378374,TUAS VIEW SQUARE,159.53273049,50.0
Trans,103.707326869664,1.36468060378374,103.741554568918,1.38667397924363,SERVICE ROAD,78.8757370873,50.0
Trans,103.745579982283,1.38940148977097,103.741554568918,1.38667397924363,UPPER CHANGI ROAD,164.366930949,50.0
Trans,103.745579982283,1.38940148977097,103.750963382125,1.38937764287043,SUNGEI KADUT STREET 6,124.705716047,50.0
Trans,103.750963382125,1.38937764287043,103.755161723282,1.38876859862697,TOA PAYOH WEST,339.24219485,50.0
Trans,103.755161723282,1.38876859862697,103.757795713585,1.38476321721376,UPPER EAST COAST ROAD,244.275471589,50.0
Trans,103.757795713585,1.38476321721376,103.759281584524,1.38330148114462,JALAN PARI BURONG,90.8260406806,50.0
Trans,103.761234391771,1.37966667154314,103.759281584524,1.38330148114462,CASHEW ROAD,137.02607948,50.0
Trans,103.761234391771,1.37966667154314,103.762161443792,1.37748071869067,SERANGOON AVENUE 3,221.153415906,50.0
Trans,103.762161443792,1.37748071869067,103.763628720253,1.37788447588716,JALAN BELIBAS,101.51036802,50.0
Trans,103.763628720253,1.37788447588716,103.764716968219,1.37815857232407,CHANGI ROAD,72.6074076786,60.0
Trans,103.764716968219,1.37815857232407,103.766230616148,1.37784180578891,LOTUS AVENUE,65.2989556468,50.0
Trans,103.767597140768,1.38004707830375,103.766230616148,1.37784180578891,.,96.0949428371,50.0
Trans,103.767597140768,1.38004707830375,103.769197629095,1.37904140624353,SELETAR CLOSE,71.3425792304,40.0
Trans,103.769197629095,1.37904140624353,103.770374200084,1.37830900924303,SIGLAP DRIVE,71.797585503,40.0
Trans,103.77183756345,1.37740383637633,103.770374200084,1.37830900924303,YISHUN INDUSTRIAL PARK A,214.609158944,50.0
Trans,103.773356086822,1.37647089679978,103.77183756345,1.37740383637633,JALAN JELITA,61.5204697605,50.0
Trans,103.777093349585,1.37548445049301,103.773356086822,1.37647089679978,JALAN LAPANG,86.4101451187,40.0
Trans,103.778128220933,1.37209601139266,103.777093349585,1.37548445049301,MARINE PARADE ROAD,168.059125387,60.0
Trans,103.779175147885,1.36799259046728,103.778128220933,1.37209601139266,GHIM MOH ROAD,157.294532511,50.0
Trans,103.779175147885,1.36799259046728,103.779618225194,1.36538382858254,JALAN NAGA SARI,173.918903645,50.0
Trans,103.779618225194,1.36538382858254,103.780257683469,1.36215639405514,AYER RAJAH EXPRESSWAY,72.11423745,84.0
Trans,103.781230188346,1.35974879351628,103.780257683469,1.36215639405514,SERVICE ROAD,57.6210066437,50.0
Trans,103.783151737009,1.35703252779984,103.781230188346,1.35974879351628,SERVICE ROAD,45.1422191546,50.0
Trans,103.783151737009,1.35703252779984,103.785083020741,1.3552561278166,DEFU LANE 5,75.4480262118,50.0
Trans,103.785083020741,1.3552561278166,103.787396819066,1.3536992537139,WOODLANDS DRIVE 63,136.568076045,50.0
Trans,103.787396819066,1.3536992537139,103.787769955747,1.35346151191621,JALAN SENANG,173.861442649,40.0
Trans,103.787769955747,1.35346151191621,103.791334947958,1.34951312954048,CARLISLE ROAD,120.139024635,50.0
Trans,103.791334947958,1.34951312954048,103.799663605152,1.34612978596243,GUL LANE,473.55358299,50.0
Trans,103.799663605152,1.34612978596243,103.801363471325,1.34434969496763,JALAN ANGKLONG,71.4335790153,50.0
Trans,103.801363471325,1.34434969496763,103.803725663501,1.34184555423763,GUL DRIVE,209.4342184,50.0
Trans,103.803725663501,1.34184555423763,103.806489591115,1.33900703615722,TANJONG KATONG ROAD,182.350773726,50.0
Trans,103.806489591115,1.33900703615722,103.810241912785,1.33570919409656,WEST COAST GROVE,40.0939973575,50.0
Trans,103.810241912785,1.33570919409656,103.816568675161,1.3325980944777,.,66.9152989869,50.0
Trans,103.816568675161,1.3325980944777,103.819715933245,1.33070410206603,BROADRICK ROAD,123.412684768,50.0
Trans,103.819715933245,1.33070410206603,103.820250768373,1.3304200428215,JURONG WEST STREET 91,295.940674925,50.0
Trans,103.820250768373,1.3304200428215,103.821620788289,1.32981603307545,TOH TUCK PLACE,71.5787203376,50.0
Trans,103.821620788289,1.32981603307545,103.824488572697,1.32825739387868,JALAN GEMALA,233.427107073,50.0
Trans,103.824488572697,1.32825739387868,103.827267484501,1.32651064070624,COTSWOLD CLOSE,69.7409267272,40.0
Trans,103.827267484501,1.32651064070624,103.834526450241,1.32637188008896,BUROH CRESCENT,669.95408926,50.0
Trans,103.834526450241,1.32637188008896,103.837249405044,1.32717743279987,LYNDHURST ROAD,104.738692925,50.0
Trans,103.837249405044,1.32717743279987,103.840445727059,1.32909045429047,ANDREWS TERRACE,37.3702571404,50.0
Trans,103.846147566051,1.32978775490105,103.840445727059,1.32909045429047,WOODLANDS CRESCENT,211.999463192,50.0
Trans,103.846147566051,1.32978775490105,103.849730696913,1.32962792668135,NAMLY PLACE,75.5299737939,40.0
Trans,103.849730696913,1.32962792668135,103.852600088315,1.32939019217358,GREENLEAF ROAD,131.780674499,40.0
Trans,103.852600088315,1.32939019217358,103.855484344042,1.32913309515047,UPPER THOMSON ROAD,386.2263951,63.3333333333333
Trans,103.855484344042,1.32913309515047,103.85767634732,1.32935694002499,SERVICE ROAD,71.9213084943,50.0
Trans,103.862547899332,1.33048800401019,103.85767634732,1.32935694002499,JOO CHIAT TERRACE,149.89532329,50.0
Trans,103.862249800147,1.33378202316729,103.862547899332,1.33048800401019,ANCHORVALE STREET,350.113118771,50.0
Trans,103.862192823335,1.33595430046113,103.862249800147,1.33378202316729,PASIR RIS DRIVE 3,187.508367754,60.0
Trans,103.861494332977,1.34039247674096,103.862192823335,1.33595430046113,WEST COAST PARK,96.5332429611,50.0
Trans,103.860444665956,1.34338219013958,103.861494332977,1.34039247674096,INTERNATIONAL ROAD,144.818144057,60.0
Trans,103.860444665956,1.34338219013958,103.862164218342,1.34358650020838,MERRYN ROAD,65.3767752465,40.0
Trans,103.862164218342,1.34358650020838,103.863180051261,1.34384504434216,JALAN KILANG,135.668547233,50.0
Trans,103.864265242985,1.34419236314739,103.863180051261,1.34384504434216,JALAN BESAR,90.2280100755,50.0
Trans,103.864265242985,1.34419236314739,103.865478423989,1.3442801696802,BUKIT BATOK WEST AVENUE 7,237.569283595,50.0
Trans,103.865478423989,1.3442801696802,103.868198398911,1.34327600514299,RIVER VALLEY ROAD,114.596447228,50.0
Trans,103.870099323488,1.34297746625867,103.868198398911,1.34327600514299,KALIDASA AVENUE,62.9876698933,40.0
Trans,103.870099323488,1.34297746625867,103.870801013445,1.343349693299,CLAYMORE HILL,293.706241591,50.0
Trans,103.870801013445,1.343349693299,103.870738335948,1.33944626697967,THRIFT DRIVE,53.7518207189,40.0
Trans,103.870738335948,1.33944626697967,103.875698188999,1.33846911919307,STEVENS ROAD,257.83637399,60.0
Trans,103.875698188999,1.33846911919307,103.87800248538,1.33569783735804,LENGKONG DUA,457.431581931,40.0
Trans,103.87800248538,1.33569783735804,103.878424316308,1.33379654503083,CHESTNUT AVENUE,183.409060382,50.0
Trans,103.879027285623,1.33126247705667,103.878424316308,1.33379654503083,KAKI BUKIT AVENUE 2,185.952351781,50.0
Trans,103.879210634589,1.33058490692371,103.879027285623,1.33126247705667,JALAN MULIA,61.8673792225,40.0
Trans,103.880055223882,1.32777189413894,103.879210634589,1.33058490692371,LENGKOK BAHRU,123.566275554,50.0
Trans,103.880055223882,1.32777189413894,103.880569124632,1.32615600416689,DUCHESS AVENUE,131.442763685,50.0
Trans,103.880569124632,1.32615600416689,103.880786027207,1.32541996769216,TEO KIM ENG ROAD,89.3387166369,40.0
Trans,103.881131628253,1.32405433559886,103.880786027207,1.32541996769216,BOURNEMOUTH ROAD,63.2807282552,50.0
Trans,103.881422049435,1.32254506614859,103.881131628253,1.32405433559886,DEFU LANE 1,76.0885513603,50.0
Trans,103.881422049435,1.32254506614859,103.881668136079,1.32086047050612,DUNEARN ROAD,297.304289393,70.0
Trans,103.88511797214,1.32219656367865,103.881668136079,1.32086047050612,CLEANTECH LOOP,139.705421948,50.0
Trans,103.88511797214,1.32219656367865,103.890958849533,1.3229362352542,JALAN KOLAM AYER,333.64261796,50.0
Trans,103.891267385456,1.32131770958383,103.890958849533,1.3229362352542,SERVICE ROAD,29.4379262206,50.0
Trans,103.891267385456,1.32131770958383,103.89156328017,1.31999535303452,CACTUS CRESCENT,192.8282071,50.0
Trans,103.892259408762,1.31687464407793,103.89156328017,1.31999535303452,TUAS VIEW CLOSE,94.0724210621,50.0
Trans,103.893752061458,1.31711864502777,103.892259408762,1.31687464407793,RIVERVALE DRIVE,368.845381494,50.0
Trans,103.894458163122,1.3172171186394,103.893752061458,1.31711864502777,TANJONG PAGAR ROAD,87.4846088864,50.0
Trans,103.895715156337,1.31741657730274,103.894458163122,1.3172171186394,RIVER VALLEY ROAD,69.8777381894,50.0
End,103.896726486071,1.31757767696458,103.895715156337,1.31741657730274,CHAI CHEE STREET,234.998279134,40.0
