1,Taxi,NA,13969,91.9261173591,40.0
1,Trans,NA,13909,133.243423583,50.0
1,Trans,NA,13944,149.355528369,50.0
1,Trans,NA,13979,70.6683898135,40.0
1,Trans,NA,13980,85.2764927436,40.0
1,Trans,NA,13889,59.5703954248,60.0
1,Trans,NA,13813,242.522600668,50.0
1,Trans,NA,13672,57.8227668672,50.0
1,Trans,NA,13673,42.9419132918,50.0
1,Trans,NA,13506,28.962525659,70.0
1,Trans,NA,13381,211.163072725,50.0
1,Trans,NA,13308,438.883598901,50.0
1,Trans,NA,13258,100.098342684,50.0
1,Trans,NA,13257,89.9067812261,40.0
1,Trans,NA,13176,185.399785899,60.0
1,Trans,NA,13140,110.390553845,50.0
1,Trans,NA,13063,90.320666472,50.0
1,Trans,NA,13008,72.912661432,50.0
1,Trans,NA,12965,206.080889115,63.3333333333333
1,Trans,NA,12920,103.827012949,50.0
1,Trans,NA,12921,185.382033587,50.0
1,Trans,NA,12857,153.003771163,50.0
1,Trans,NA,12743,100.542217939,50.0
1,Trans,NA,12562,450.107159791,70.0
1,Trans,NA,12498,281.01605305,70.0
1,Trans,NA,12500,43.6964014202,50.0
1,Trans,NA,12272,48.375782515,50.0
1,Trans,NA,12257,180.219921738,50.0
1,Trans,NA,12066,75.7105761342,50.0
1,Trans,NA,12064,51.9675927862,50.0
1,Trans,NA,12057,113.43994062,50.0
1,Trans,NA,12249,63.4829501609,50.0
1,Trans,NA,12234,184.157017635,40.0
1,Trans,NA,12223,249.132035951,70.0
1,Trans,NA,12224,106.413489592,40.0
1,Trans,NA,12202,286.893043791,50.0
1,Trans,NA,12203,136.662148197,50.0
1,Trans,NA,11995,207.625795808,50.0
1,Trans,NA,11971,178.742647841,40.0
1,Trans,NA,11888,114.789584479,50.0
1,Trans,NA,11803,139.598619909,60.0
1,Trans,NA,11717,90.4473735628,50.0
1,Trans,NA,11514,59.8745970608,50.0
1,Trans,NA,11383,87.8617083298,60.0
1,Trans,NA,11176,254.493698804,70.0
1,Trans,NA,11070,422.374738315,84.0
1,Trans,NA,10903,111.87697732,50.0
1,Trans,NA,10904,105.531676504,50.0
1,Trans,NA,10405,132.035015312,50.0
1,Trans,NA,10375,87.098526262,50.0
1,Trans,NA,10258,309.518434193,50.0
1,Trans,NA,10071,131.234204426,50.0
1,Trans,NA,9693,44.2819968475,50.0
1,Trans,NA,9694,96.465097499,70.0
1,Trans,NA,9314,197.075822008,50.0
1,Trans,NA,9313,74.876867252,50.0
1,Trans,NA,9164,128.424535764,60.0
1,Trans,NA,8929,75.5372388433,50.0
1,Trans,NA,8930,74.0612058013,50.0
1,Trans,NA,9010,72.9012331537,50.0
1,Trans,NA,9039,49.4452909273,50.0
1,Trans,NA,9084,47.7971240108,50.0
1,Trans,NA,9225,71.5533137847,40.0
1,Trans,NA,9325,142.295926423,40.0
1,Trans,NA,9623,76.8177959422,50.0
1,Trans,NA,9622,114.501864998,50.0
1,Trans,NA,9419,121.134721635,50.0
1,Trans,NA,9418,97.5632261856,50.0
1,Trans,NA,9171,304.857438407,60.0
1,Trans,NA,9532,99.4930958366,50.0
1,Trans,NA,9757,137.13942894,50.0
1,Trans,NA,9183,49.4484135069,60.0
1,Trans,NA,8672,353.247426902,70.0
1,Trans,NA,8673,160.329937844,50.0
1,Trans,NA,8181,76.9325066196,50.0
1,Trans,NA,8056,97.4811061995,50.0
1,Trans,NA,8055,47.3968598037,50.0
1,Trans,NA,7965,90.5334562195,50.0
1,Trans,NA,7908,46.5941944156,50.0
1,Trans,NA,7891,134.199693155,50.0
1,Trans,NA,7771,145.908181222,50.0
1,Trans,NA,7770,243.041162714,50.0
1,Trans,NA,7677,259.292945501,50.0
1,Trans,NA,7352,108.419950217,50.0
1,Trans,NA,7051,160.986186007,40.0
1,Trans,NA,6559,59.7720788276,50.0
1,Trans,NA,6370,119.726268299,50.0
1,Trans,NA,6339,466.654147242,70.0
1,Trans,NA,5761,123.879586033,50.0
1,Trans,NA,5762,82.2653419092,50.0
1,Trans,NA,5514,251.180506503,50.0
1,Trans,NA,5329,110.59657394,40.0
1,Trans,NA,5179,68.5105936189,50.0
1,Trans,NA,5008,65.3149403458,40.0
1,Trans,NA,4448,124.198932034,40.0
1,Trans,NA,4449,92.0428382663,50.0
1,Trans,NA,4239,75.8299683713,50.0
1,Trans,NA,4127,127.621434409,50.0
1,Trans,NA,3854,283.713970687,84.0
1,Trans,NA,3807,30.4929464695,84.0
1,Trans,NA,3806,54.130313196,50.0
1,Trans,NA,3364,153.967217412,50.0
1,Trans,NA,3363,128.88377458,50.0
1,Trans,NA,3251,157.462889699,50.0
1,Trans,NA,3144,54.2673263263,50.0
1,Trans,NA,2539,100.009527546,50.0
1,Trans,NA,2657,70.4747045315,50.0
1,Trans,NA,2658,159.112629787,50.0
1,Trans,NA,2572,124.137855175,50.0
1,Trans,NA,2517,72.6122120663,50.0
1,Trans,NA,2414,279.718352863,50.0
1,Trans,NA,2413,254.131007739,50.0
1,Trans,NA,2376,57.9423999133,50.0
1,Trans,NA,2356,111.969055421,40.0
1,Trans,NA,2121,85.8616616708,50.0
1,Trans,NA,1950,114.337691636,60.0
1,Start,13,1950,114.337691636,60.0
1,Trans,NA,2121,85.8616616708,50.0
1,Trans,NA,2356,111.969055421,40.0
1,Trans,NA,2376,57.9423999133,50.0
1,Trans,NA,2413,254.131007739,50.0
1,Trans,NA,2414,279.718352863,50.0
1,Trans,NA,2517,72.6122120663,50.0
1,Trans,NA,2572,124.137855175,50.0
1,Trans,NA,2658,159.112629787,50.0
1,Trans,NA,2659,66.5297398232,40.0
1,Trans,NA,2709,187.927078965,40.0
1,Trans,NA,2883,68.4821572942,50.0
1,Trans,NA,2882,92.4720629587,50.0
1,Trans,NA,2843,67.106089053,40.0
1,Trans,NA,2851,58.0464061848,40.0
1,Trans,NA,2926,61.2105307097,50.0
1,Trans,NA,2927,105.0790131,50.0
1,Trans,NA,3112,70.4175419497,50.0
1,Trans,NA,3120,95.9733353895,50.0
1,Trans,NA,3122,102.313442536,60.0
1,Trans,NA,3152,129.099563906,50.0
1,Trans,NA,3109,87.7896613261,50.0
1,Trans,NA,3147,409.883473829,65.0
1,Trans,NA,3197,41.551703645,40.0
1,Trans,NA,3267,236.681133543,60.0
1,Trans,NA,3717,78.4536206597,50.0
1,Trans,NA,3898,64.8678996336,40.0
1,Trans,NA,4363,473.55358299,50.0
1,Trans,NA,4455,71.4335790153,50.0
1,Trans,NA,4588,209.4342184,50.0
1,Trans,NA,4768,182.350773726,50.0
1,Trans,NA,4983,40.0939973575,50.0
1,Trans,NA,5266,66.9152989869,50.0
1,Trans,NA,5457,123.412684768,50.0
1,Trans,NA,5498,295.940674925,50.0
1,Trans,NA,5608,71.5787203376,50.0
1,Trans,NA,5822,233.427107073,50.0
1,Trans,NA,6068,69.7409267272,40.0
1,Trans,NA,6747,669.95408926,50.0
1,Trans,NA,7057,104.738692925,50.0
1,Trans,NA,7420,37.3702571404,50.0
1,Trans,NA,7421,211.999463192,50.0
1,Trans,NA,8375,75.5299737939,40.0
1,Trans,NA,8691,131.780674499,40.0
1,Trans,NA,9005,386.2263951,63.3333333333333
1,Trans,NA,9198,71.9213084943,50.0
1,Trans,NA,9199,149.89532329,50.0
1,Trans,NA,9700,350.113118771,50.0
1,Trans,NA,9668,187.508367754,60.0
1,Trans,NA,9661,96.5332429611,50.0
1,Trans,NA,9582,144.818144057,60.0
1,Trans,NA,9657,65.3767752465,40.0
1,Trans,NA,9755,135.668547233,50.0
1,Trans,NA,9754,90.2280100755,50.0
1,Trans,NA,9947,237.569283595,50.0
1,Trans,NA,10179,114.596447228,50.0
1,Trans,NA,10178,62.9876698933,40.0
1,Trans,NA,10338,293.706241591,50.0
1,Trans,NA,10333,53.7518207189,40.0
1,Trans,NA,10692,257.83637399,60.0
1,Trans,NA,10948,457.431581931,40.0
1,Trans,NA,10988,183.409060382,50.0
1,Trans,NA,10989,185.952351781,50.0
1,Trans,NA,11041,61.8673792225,40.0
1,Trans,NA,11078,123.566275554,50.0
1,Trans,NA,11224,131.442763685,50.0
1,Trans,NA,11251,89.3387166369,40.0
1,Trans,NA,11250,63.2807282552,50.0
1,Trans,NA,11278,76.0885513603,50.0
1,Trans,NA,11335,297.304289393,70.0
1,Trans,NA,11336,139.705421948,50.0
1,Trans,NA,12096,333.64261796,50.0
1,Trans,NA,12093,86.6893104921,50.0
1,Trans,NA,12678,131.674454484,50.0
1,Trans,NA,13072,36.2442859059,40.0
1,Trans,NA,13074,182.255244531,50.0
1,End,NA,13004,107.424109987,60.0
2,Taxi,NA,8013,178.408507311,50.0
2,Trans,NA,7998,225.240333977,60.0
2,Trans,NA,7997,97.2255596034,40.0
2,Trans,NA,8052,64.4783877699,40.0
2,Trans,NA,8098,71.9544870623,50.0
2,Trans,NA,8005,62.0838136907,40.0
2,Trans,NA,8003,95.3151695472,50.0
2,Trans,NA,8095,32.1823598514,40.0
2,Trans,NA,8157,109.990129741,60.0
2,Trans,NA,8194,164.335203787,40.0
2,Trans,NA,8192,131.724783707,50.0
2,Trans,NA,8259,161.770301255,50.0
2,Trans,NA,8354,181.740291338,50.0
2,Trans,NA,8433,62.2496538408,63.3333333333333
2,Trans,NA,8482,299.058903667,50.0
2,Trans,NA,8623,248.003609541,50.0
2,Trans,NA,8622,223.798760587,65.0
2,Trans,NA,8928,326.656767762,60.0
2,Trans,NA,8929,75.5372388433,50.0
2,Trans,NA,9164,128.424535764,60.0
2,Trans,NA,9313,74.876867252,50.0
2,Trans,NA,9314,197.075822008,50.0
2,Trans,NA,9694,96.465097499,70.0
2,Trans,NA,9693,44.2819968475,50.0
2,Trans,NA,10071,131.234204426,50.0
2,Trans,NA,10072,44.4915322525,50.0
2,Trans,NA,9999,28.3651875405,40.0
2,Trans,NA,9894,351.303745559,70.0
2,Trans,NA,9820,117.065776884,60.0
2,Trans,NA,9823,310.240085158,60.0
2,Trans,NA,9769,203.36462382,40.0
2,Trans,NA,9736,75.1476346915,40.0
2,Trans,NA,9712,32.8916800068,50.0
2,Trans,NA,9713,36.0382863312,40.0
2,Trans,NA,9666,246.532003108,50.0
2,Trans,NA,9714,114.830476424,50.0
2,Trans,NA,9841,54.6049382673,50.0
2,Trans,NA,9949,101.359738391,50.0
2,Trans,NA,10006,76.6354150069,50.0
2,Trans,NA,10004,33.9595765452,50.0
2,Trans,NA,10138,230.453569164,50.0
2,Trans,NA,10009,145.516653334,50.0
2,Trans,NA,10114,132.91715215,60.0
2,Trans,NA,10286,210.85675223,50.0
2,Trans,NA,10285,44.8076315302,50.0
2,Trans,NA,10170,77.7803946313,40.0
2,Trans,NA,10169,192.176918147,50.0
2,Trans,NA,10238,240.761995506,50.0
2,Trans,NA,10239,122.497501775,50.0
2,Trans,NA,10300,139.660317456,40.0
2,Trans,NA,10299,61.7147591354,50.0
2,Trans,NA,10362,32.147631711,50.0
2,Trans,NA,10392,88.917413745,50.0
2,Trans,NA,10492,197.773958461,60.0
2,Trans,NA,10598,200.915883714,40.0
2,Trans,NA,10720,138.417429287,50.0
2,Trans,NA,10719,335.506337543,82.0
2,Trans,NA,10794,48.1792821538,50.0
2,Trans,NA,10989,185.952351781,50.0
2,Trans,NA,11042,99.9745015674,40.0
2,Trans,NA,11412,108.279259191,50.0
2,Trans,NA,11534,243.401441336,50.0
2,Trans,NA,11532,338.716020181,50.0
2,Trans,NA,11523,132.499972149,40.0
2,Trans,NA,11508,282.689569122,50.0
2,Start,58,11508,282.689569122,50.0
2,Trans,NA,11523,132.499972149,40.0
2,Trans,NA,11532,338.716020181,50.0
2,Trans,NA,11534,243.401441336,50.0
2,Trans,NA,11412,108.279259191,50.0
2,Trans,NA,11042,99.9745015674,40.0
2,Trans,NA,10989,185.952351781,50.0
2,Trans,NA,10988,183.409060382,50.0
2,Trans,NA,10948,457.431581931,40.0
2,Trans,NA,10692,257.83637399,60.0
2,Trans,NA,10333,53.7518207189,40.0
2,Trans,NA,10338,293.706241591,50.0
2,Trans,NA,10178,62.9876698933,40.0
2,Trans,NA,10179,114.596447228,50.0
2,Trans,NA,9947,237.569283595,50.0
2,Trans,NA,9754,90.2280100755,50.0
2,Trans,NA,9755,135.668547233,50.0
2,Trans,NA,9657,65.3767752465,40.0
2,Trans,NA,9582,144.818144057,60.0
2,Trans,NA,9661,96.5332429611,50.0
2,Trans,NA,9668,187.508367754,60.0
2,Trans,NA,9700,350.113118771,50.0
2,Trans,NA,9199,149.89532329,50.0
2,Trans,NA,9198,71.9213084943,50.0
2,Trans,NA,9005,386.2263951,63.3333333333333
2,Trans,NA,8691,131.780674499,40.0
2,Trans,NA,8375,75.5299737939,40.0
2,Trans,NA,7421,211.999463192,50.0
2,Trans,NA,7420,37.3702571404,50.0
2,Trans,NA,7057,104.738692925,50.0
2,Trans,NA,6747,669.95408926,50.0
2,Trans,NA,6068,69.7409267272,40.0
2,Trans,NA,5822,233.427107073,50.0
2,Trans,NA,5608,71.5787203376,50.0
2,Trans,NA,5498,295.940674925,50.0
2,Trans,NA,5457,123.412684768,50.0
2,Trans,NA,5266,66.9152989869,50.0
2,Trans,NA,4983,40.0939973575,50.0
2,Trans,NA,4768,182.350773726,50.0
2,Trans,NA,4588,209.4342184,50.0
2,Trans,NA,4455,71.4335790153,50.0
2,Trans,NA,4363,473.55358299,50.0
2,Trans,NA,3899,120.139024635,50.0
2,Trans,NA,3639,173.861442649,40.0
2,Trans,NA,3603,136.568076045,50.0
2,Trans,NA,3461,75.4480262118,50.0
2,Trans,NA,3268,45.1422191546,50.0
2,Trans,NA,3226,57.6210066437,50.0
2,Trans,NA,3225,72.11423745,84.0
2,Trans,NA,3184,173.918903645,50.0
2,Trans,NA,3129,157.294532511,50.0
2,Trans,NA,3096,168.059125387,60.0
2,Trans,NA,2981,86.4101451187,40.0
2,Trans,NA,2890,61.5204697605,50.0
2,Trans,NA,2801,214.609158944,50.0
2,Trans,NA,2800,71.797585503,40.0
2,Trans,NA,2751,71.3425792304,40.0
2,Trans,NA,2549,96.0949428371,50.0
2,Trans,NA,2550,65.2989556468,50.0
2,Trans,NA,2479,72.6074076786,60.0
2,Trans,NA,2433,101.51036802,50.0
2,Trans,NA,2379,221.153415906,50.0
2,Trans,NA,2258,292.646615088,50.0
2,Trans,NA,2259,338.807146739,50.0
2,Trans,NA,2133,334.799653419,60.0
2,Trans,NA,2132,267.49883069,50.0
2,Trans,NA,2015,101.260030471,50.0
2,Trans,NA,2014,110.215828871,50.0
2,Trans,NA,1935,158.343222495,50.0
2,Trans,NA,1934,171.154198461,50.0
2,Trans,NA,1878,73.5792850618,50.0
2,Trans,NA,1873,137.678268167,60.0
2,Trans,NA,1872,86.805554768,50.0
2,Trans,NA,1905,163.162345293,50.0
2,Trans,NA,1911,43.7762662797,82.0
2,Trans,NA,1916,209.495923568,50.0
2,Trans,NA,1966,70.7936785784,40.0
2,Trans,NA,1967,139.56250833,50.0
2,Trans,NA,2006,273.58547861,66.6666666666667
2,Trans,NA,2007,366.212742158,50.0
2,End,NA,2028,130.186326924,40.0
3,Taxi,NA,12444,99.4315543276,50.0
3,Trans,NA,12315,322.590585809,50.0
3,Trans,NA,12314,65.743930885,50.0
3,Trans,NA,12310,30.8997170679,50.0
3,Trans,NA,12309,96.707109809,50.0
3,Trans,NA,12303,84.0382574101,50.0
3,Trans,NA,12175,42.8512116634,50.0
3,Trans,NA,12178,74.6643608863,40.0
3,Trans,NA,12141,94.0724210621,50.0
3,Trans,NA,12142,192.8282071,50.0
3,Trans,NA,12094,29.4379262206,50.0
3,Trans,NA,12096,333.64261796,50.0
3,Trans,NA,11336,139.705421948,50.0
3,Trans,NA,11335,297.304289393,70.0
3,Trans,NA,11278,76.0885513603,50.0
3,Trans,NA,11250,63.2807282552,50.0
3,Trans,NA,11251,89.3387166369,40.0
3,Trans,NA,11224,131.442763685,50.0
3,Trans,NA,11078,123.566275554,50.0
3,Trans,NA,11041,61.8673792225,40.0
3,Trans,NA,10989,185.952351781,50.0
3,Trans,NA,10988,183.409060382,50.0
3,Trans,NA,10948,457.431581931,40.0
3,Trans,NA,10692,257.83637399,60.0
3,Trans,NA,10333,53.7518207189,40.0
3,Trans,NA,10338,293.706241591,50.0
3,Trans,NA,10178,62.9876698933,40.0
3,Trans,NA,10179,114.596447228,50.0
3,Trans,NA,9947,237.569283595,50.0
3,Trans,NA,9754,90.2280100755,50.0
3,Trans,NA,9755,135.668547233,50.0
3,Trans,NA,9657,65.3767752465,40.0
3,Trans,NA,9582,144.818144057,60.0
3,Trans,NA,9661,96.5332429611,50.0
3,Trans,NA,9668,187.508367754,60.0
3,Trans,NA,9700,350.113118771,50.0
3,Trans,NA,9199,149.89532329,50.0
3,Trans,NA,9198,71.9213084943,50.0
3,Trans,NA,9005,386.2263951,63.3333333333333
3,Trans,NA,8691,131.780674499,40.0
3,Trans,NA,8375,75.5299737939,40.0
3,Trans,NA,7421,211.999463192,50.0
3,Trans,NA,7420,37.3702571404,50.0
3,Trans,NA,7057,104.738692925,50.0
3,Trans,NA,6747,669.95408926,50.0
3,Trans,NA,6068,69.7409267272,40.0
3,Trans,NA,5822,233.427107073,50.0
3,Trans,NA,5608,71.5787203376,50.0
3,Trans,NA,5498,295.940674925,50.0
3,Trans,NA,5457,123.412684768,50.0
3,Trans,NA,5266,66.9152989869,50.0
3,Trans,NA,4983,40.0939973575,50.0
3,Trans,NA,4768,182.350773726,50.0
3,Trans,NA,4588,209.4342184,50.0
3,Trans,NA,4455,71.4335790153,50.0
3,Trans,NA,4363,473.55358299,50.0
3,Trans,NA,3899,120.139024635,50.0
3,Trans,NA,3639,173.861442649,40.0
3,Trans,NA,3603,136.568076045,50.0
3,Trans,NA,3461,75.4480262118,50.0
3,Trans,NA,3268,45.1422191546,50.0
3,Trans,NA,3226,57.6210066437,50.0
3,Trans,NA,3225,72.11423745,84.0
3,Trans,NA,3184,173.918903645,50.0
3,Trans,NA,3129,157.294532511,50.0
3,Trans,NA,3096,168.059125387,60.0
3,Trans,NA,2981,86.4101451187,40.0
3,Trans,NA,2890,61.5204697605,50.0
3,Trans,NA,2801,214.609158944,50.0
3,Trans,NA,2800,71.797585503,40.0
3,Trans,NA,2751,71.3425792304,40.0
3,Trans,NA,2549,96.0949428371,50.0
3,Trans,NA,2550,65.2989556468,50.0
3,Trans,NA,2479,72.6074076786,60.0
3,Trans,NA,2433,101.51036802,50.0
3,Trans,NA,2379,221.153415906,50.0
3,Trans,NA,2278,137.02607948,50.0
3,Trans,NA,2277,90.8260406806,50.0
3,Trans,NA,2177,244.275471589,50.0
3,Trans,NA,2038,339.24219485,50.0
3,Trans,NA,1887,124.705716047,50.0
3,Trans,NA,1605,164.366930949,50.0
3,Trans,NA,1604,78.8757370873,50.0
3,Trans,NA,1067,159.53273049,50.0
3,Trans,NA,884,177.017159897,56.6666666666667
3,Trans,NA,736,64.6211736586,50.0
3,Trans,NA,754,175.33151225,50.0
3,Trans,NA,769,76.7022212298,50.0
3,Trans,NA,770,74.845087636,50.0
3,Trans,NA,824,279.544893265,50.0
3,Trans,NA,840,192.451792731,50.0
3,Trans,NA,841,75.6338317051,50.0
3,Trans,NA,857,90.8261073201,40.0
3,Trans,NA,855,211.750017814,60.0
3,Trans,NA,853,64.5866160454,50.0
3,Trans,NA,854,69.3092316642,50.0
3,Trans,NA,860,76.380576794,50.0
3,Trans,NA,852,120.255446949,50.0
3,Trans,NA,789,72.8966662155,40.0
3,Trans,NA,724,79.272347435,50.0
3,Trans,NA,686,161.469551045,50.0
3,Trans,NA,638,59.7163562138,50.0
3,Trans,NA,605,72.6411574447,50.0
3,Trans,NA,565,72.2262487216,50.0
3,Trans,NA,528,142.33614932,40.0
3,Trans,NA,498,46.2876422356,50.0
3,Trans,NA,494,57.0174048093,50.0
3,Start,47,494,57.0174048093,50.0
3,Trans,NA,498,46.2876422356,50.0
3,Trans,NA,528,142.33614932,40.0
3,Trans,NA,565,72.2262487216,50.0
3,Trans,NA,605,72.6411574447,50.0
3,Trans,NA,638,59.7163562138,50.0
3,Trans,NA,686,161.469551045,50.0
3,Trans,NA,724,79.272347435,50.0
3,Trans,NA,789,72.8966662155,40.0
3,Trans,NA,965,152.215309849,50.0
3,Trans,NA,964,216.184514975,60.0
3,Trans,NA,1060,83.8684164012,40.0
3,Trans,NA,1059,224.943159207,50.0
3,Trans,NA,1079,160.157408218,50.0
3,Trans,NA,1244,112.051746664,50.0
3,Trans,NA,1243,62.3593306244,50.0
3,Trans,NA,1238,111.313895082,50.0
3,Trans,NA,1263,45.129692976,50.0
3,Trans,NA,1281,185.69273166,50.0
3,Trans,NA,1282,66.3490977341,40.0
3,Trans,NA,1295,92.9558608199,40.0
3,Trans,NA,1329,182.811372644,50.0
3,Trans,NA,1368,73.4518185039,50.0
3,Trans,NA,1418,128.441222657,50.0
3,Trans,NA,1431,57.7428899164,50.0
3,Trans,NA,1433,113.830941616,60.0
3,Trans,NA,1445,18.7414177419,50.0
3,Trans,NA,1449,97.6425296276,70.0
3,Trans,NA,1458,56.61291652,40.0
3,Trans,NA,1463,83.8958365715,40.0
3,Trans,NA,1473,74.3145576462,50.0
3,Trans,NA,1479,179.150836312,50.0
3,Trans,NA,1484,315.166831529,60.0
3,Trans,NA,1492,249.466186786,70.0
3,Trans,NA,1595,48.0093050708,50.0
3,Trans,NA,1593,122.344452237,40.0
3,Trans,NA,1668,95.1178385295,50.0
3,Trans,NA,1681,61.5132276274,50.0
3,Trans,NA,1744,80.6369070603,50.0
3,Trans,NA,1884,229.749985929,50.0
3,Trans,NA,1883,56.4335142377,50.0
3,Trans,NA,1996,86.750104323,50.0
3,Trans,NA,2072,199.745671746,40.0
3,Trans,NA,2159,114.553846954,60.0
3,Trans,NA,2272,43.0952404198,40.0
3,Trans,NA,2341,77.6006903577,50.0
3,Trans,NA,2407,62.7983502386,40.0
3,Trans,NA,2406,182.148212071,50.0
3,Trans,NA,2539,100.009527546,50.0
3,Trans,NA,3144,54.2673263263,50.0
3,Trans,NA,3251,157.462889699,50.0
3,Trans,NA,3363,128.88377458,50.0
3,Trans,NA,3364,153.967217412,50.0
3,Trans,NA,3806,54.130313196,50.0
3,Trans,NA,3807,30.4929464695,84.0
3,Trans,NA,3854,283.713970687,84.0
3,Trans,NA,4127,127.621434409,50.0
3,Trans,NA,4239,75.8299683713,50.0
3,Trans,NA,4449,92.0428382663,50.0
3,Trans,NA,4448,124.198932034,40.0
3,Trans,NA,5008,65.3149403458,40.0
3,Trans,NA,5179,68.5105936189,50.0
3,Trans,NA,5329,110.59657394,40.0
3,Trans,NA,5514,251.180506503,50.0
3,Trans,NA,5762,82.2653419092,50.0
3,Trans,NA,5695,396.60245556,50.0
3,Trans,NA,5697,104.29134096,40.0
3,End,NA,5703,139.272439003,50.0
3,Taxi,NA,14510,545.390189156,70.0
3,Trans,NA,14509,120.985138725,50.0
3,Trans,NA,14226,118.12127287,56.6666666666667
3,Trans,NA,14196,52.494725223,50.0
3,Trans,NA,14135,128.914136437,50.0
3,Trans,NA,14103,136.592349987,50.0
3,Trans,NA,14112,76.481893484,50.0
3,Trans,NA,14119,117.020136997,40.0
3,Trans,NA,14115,68.4347689209,40.0
3,Trans,NA,14116,119.34099729,50.0
3,Trans,NA,14117,110.222438148,40.0
3,Trans,NA,14056,350.956321876,60.0
3,Trans,NA,14055,118.279172455,50.0
3,Trans,NA,14053,129.717735029,50.0
3,Trans,NA,13886,40.7926413118,40.0
3,Trans,NA,13887,100.671542597,40.0
3,Trans,NA,13734,504.539564011,65.0
3,Trans,NA,13713,30.2571135295,50.0
3,Trans,NA,13514,57.6595461997,50.0
3,Trans,NA,13444,277.455653937,50.0
3,Trans,NA,13443,145.000445879,50.0
3,Trans,NA,13315,168.551195456,40.0
3,Trans,NA,13278,103.4248973,50.0
3,Trans,NA,13066,36.1797741811,40.0
3,Trans,NA,12935,154.610422142,50.0
3,Trans,NA,13003,104.234262505,50.0
3,Trans,NA,13074,182.255244531,50.0
3,Trans,NA,13072,36.2442859059,40.0
3,Trans,NA,12678,131.674454484,50.0
3,Trans,NA,12093,86.6893104921,50.0
3,Trans,NA,12096,333.64261796,50.0
3,Trans,NA,11336,139.705421948,50.0
3,Trans,NA,11335,297.304289393,70.0
3,Trans,NA,11278,76.0885513603,50.0
3,Trans,NA,11250,63.2807282552,50.0
3,Trans,NA,11251,89.3387166369,40.0
3,Trans,NA,11224,131.442763685,50.0
3,Trans,NA,11078,123.566275554,50.0
3,Trans,NA,11041,61.8673792225,40.0
3,Trans,NA,10989,185.952351781,50.0
3,Trans,NA,10794,48.1792821538,50.0
3,Trans,NA,10719,335.506337543,82.0
3,Trans,NA,10720,138.417429287,50.0
3,Trans,NA,10598,200.915883714,40.0
3,Trans,NA,10492,197.773958461,60.0
3,Trans,NA,10392,88.917413745,50.0
3,Trans,NA,10362,32.147631711,50.0
3,Trans,NA,10299,61.7147591354,50.0
3,Trans,NA,10300,139.660317456,40.0
3,Trans,NA,10239,122.497501775,50.0
3,Trans,NA,10238,240.761995506,50.0
3,Trans,NA,10169,192.176918147,50.0
3,Trans,NA,10170,77.7803946313,40.0
3,Trans,NA,10285,44.8076315302,50.0
3,Trans,NA,10286,210.85675223,50.0
3,Trans,NA,10455,61.1765645247,50.0
3,Trans,NA,10544,69.1884496742,40.0
3,Start,59,10544,69.1884496742,40.0
3,Trans,NA,10455,61.1765645247,50.0
3,Trans,NA,10286,210.85675223,50.0
3,Trans,NA,10285,44.8076315302,50.0
3,Trans,NA,10170,77.7803946313,40.0
3,Trans,NA,10169,192.176918147,50.0
3,Trans,NA,10238,240.761995506,50.0
3,Trans,NA,10239,122.497501775,50.0
3,Trans,NA,10300,139.660317456,40.0
3,Trans,NA,10299,61.7147591354,50.0
3,Trans,NA,10362,32.147631711,50.0
3,Trans,NA,10392,88.917413745,50.0
3,Trans,NA,10492,197.773958461,60.0
3,Trans,NA,10598,200.915883714,40.0
3,Trans,NA,10720,138.417429287,50.0
3,Trans,NA,10719,335.506337543,82.0
3,Trans,NA,10794,48.1792821538,50.0
3,Trans,NA,10989,185.952351781,50.0
3,Trans,NA,11041,61.8673792225,40.0
3,Trans,NA,11078,123.566275554,50.0
3,Trans,NA,11224,131.442763685,50.0
3,Trans,NA,11251,89.3387166369,40.0
3,Trans,NA,11250,63.2807282552,50.0
3,Trans,NA,11278,76.0885513603,50.0
3,Trans,NA,11335,297.304289393,70.0
3,Trans,NA,11336,139.705421948,50.0
3,Trans,NA,12096,333.64261796,50.0
3,Trans,NA,12093,86.6893104921,50.0
3,Trans,NA,12678,131.674454484,50.0
3,Trans,NA,13072,36.2442859059,40.0
3,Trans,NA,13074,182.255244531,50.0
3,Trans,NA,13003,104.234262505,50.0
3,Trans,NA,12935,154.610422142,50.0
3,Trans,NA,13066,36.1797741811,40.0
3,Trans,NA,13278,103.4248973,50.0
3,Trans,NA,13315,168.551195456,40.0
3,Trans,NA,13443,145.000445879,50.0
3,Trans,NA,13444,277.455653937,50.0
3,Trans,NA,13514,57.6595461997,50.0
3,Trans,NA,13713,30.2571135295,50.0
3,Trans,NA,13734,504.539564011,65.0
3,Trans,NA,13887,100.671542597,40.0
3,Trans,NA,13886,40.7926413118,40.0
3,Trans,NA,14053,129.717735029,50.0
3,Trans,NA,14055,118.279172455,50.0
3,Trans,NA,14056,350.956321876,60.0
3,Trans,NA,14117,110.222438148,40.0
3,Trans,NA,14116,119.34099729,50.0
3,Trans,NA,14115,68.4347689209,40.0
3,Trans,NA,14119,117.020136997,40.0
3,Trans,NA,14112,76.481893484,50.0
3,Trans,NA,14103,136.592349987,50.0
3,Trans,NA,14135,128.914136437,50.0
3,Trans,NA,14196,52.494725223,50.0
3,Trans,NA,14226,118.12127287,56.6666666666667
3,Trans,NA,14509,120.985138725,50.0
3,End,NA,14510,545.390189156,70.0
4,Taxi,NA,5046,104.945061229,50.0
4,Trans,NA,5077,200.220002908,50.0
4,Trans,NA,5078,435.399753826,50.0
4,Trans,NA,5168,115.25010332,50.0
4,Trans,NA,5175,508.761654963,70.0
4,Trans,NA,5186,55.7143779918,50.0
4,Trans,NA,5185,53.8276434315,40.0
4,Trans,NA,5465,187.557279616,40.0
4,Trans,NA,5486,68.9271593682,40.0
4,Trans,NA,5405,123.868983467,40.0
4,Trans,NA,5352,184.019829279,63.3333333333333
4,Trans,NA,5345,88.8198663688,50.0
4,Trans,NA,5366,150.408019973,40.0
4,Trans,NA,5383,82.7665488517,50.0
4,Trans,NA,5409,97.4577781541,50.0
4,Trans,NA,5408,58.6441910227,50.0
4,Trans,NA,5300,223.820320827,50.0
4,Trans,NA,5301,83.4533250848,50.0
4,Trans,NA,5225,168.196019355,50.0
4,Trans,NA,5144,53.3132129081,50.0
4,Trans,NA,5265,244.503445932,60.0
4,Trans,NA,5457,123.412684768,50.0
4,Trans,NA,5498,295.940674925,50.0
4,Trans,NA,5608,71.5787203376,50.0
4,Trans,NA,5822,233.427107073,50.0
4,Trans,NA,6068,69.7409267272,40.0
4,Trans,NA,6747,669.95408926,50.0
4,Trans,NA,7057,104.738692925,50.0
4,Trans,NA,7420,37.3702571404,50.0
4,Trans,NA,7421,211.999463192,50.0
4,Trans,NA,8375,75.5299737939,40.0
4,Trans,NA,8691,131.780674499,40.0
4,Trans,NA,9005,386.2263951,63.3333333333333
4,Trans,NA,9198,71.9213084943,50.0
4,Trans,NA,9199,149.89532329,50.0
4,Trans,NA,9700,350.113118771,50.0
4,Trans,NA,9668,187.508367754,60.0
4,Trans,NA,9661,96.5332429611,50.0
4,Trans,NA,9582,144.818144057,60.0
4,Trans,NA,9657,65.3767752465,40.0
4,Trans,NA,9755,135.668547233,50.0
4,Trans,NA,9754,90.2280100755,50.0
4,Trans,NA,9947,237.569283595,50.0
4,Trans,NA,10179,114.596447228,50.0
4,Trans,NA,10178,62.9876698933,40.0
4,Trans,NA,10338,293.706241591,50.0
4,Trans,NA,10333,53.7518207189,40.0
4,Trans,NA,10692,257.83637399,60.0
4,Trans,NA,10948,457.431581931,40.0
4,Trans,NA,10988,183.409060382,50.0
4,Trans,NA,10989,185.952351781,50.0
4,Trans,NA,11041,61.8673792225,40.0
4,Trans,NA,11078,123.566275554,50.0
4,Trans,NA,11224,131.442763685,50.0
4,Trans,NA,11251,89.3387166369,40.0
4,Trans,NA,11250,63.2807282552,50.0
4,Trans,NA,11278,76.0885513603,50.0
4,Trans,NA,11335,297.304289393,70.0
4,Trans,NA,11336,139.705421948,50.0
4,Trans,NA,12096,333.64261796,50.0
4,Trans,NA,12093,86.6893104921,50.0
4,Trans,NA,12678,131.674454484,50.0
4,Trans,NA,13072,36.2442859059,40.0
4,Trans,NA,13073,75.1237552357,40.0
4,Trans,NA,13042,49.3943814144,50.0
4,Trans,NA,13144,117.998026672,40.0
4,Trans,NA,13201,163.362134084,50.0
4,Trans,NA,13200,68.0424593679,50.0
4,Trans,NA,13223,208.854081848,60.0
4,Trans,NA,13255,116.770911829,50.0
4,Trans,NA,13274,76.1705484767,50.0
4,Trans,NA,13297,109.597763481,50.0
4,Trans,NA,13298,36.326753103,50.0
4,Trans,NA,13341,88.4438979977,50.0
4,Trans,NA,13471,451.270740104,50.0
4,Trans,NA,13472,136.634390301,50.0
4,Trans,NA,13593,188.809365883,40.0
4,Trans,NA,13650,307.008221081,50.0
4,Trans,NA,13697,142.624695194,40.0
4,Trans,NA,13728,204.54816986,60.0
4,Trans,NA,13717,96.6118521258,40.0
4,Trans,NA,13710,205.236674544,60.0
4,Trans,NA,13695,83.4526909407,40.0
4,Trans,NA,13674,44.7696833226,40.0
4,Start,2,13674,44.7696833226,40.0
4,Trans,NA,13695,83.4526909407,40.0
4,Trans,NA,13710,205.236674544,60.0
4,Trans,NA,13717,96.6118521258,40.0
4,Trans,NA,13728,204.54816986,60.0
4,Trans,NA,13697,142.624695194,40.0
4,Trans,NA,13650,307.008221081,50.0
4,Trans,NA,13593,188.809365883,40.0
4,Trans,NA,13472,136.634390301,50.0
4,Trans,NA,13471,451.270740104,50.0
4,Trans,NA,13341,88.4438979977,50.0
4,Trans,NA,13298,36.326753103,50.0
4,Trans,NA,13297,109.597763481,50.0
4,Trans,NA,13274,76.1705484767,50.0
4,Trans,NA,13255,116.770911829,50.0
4,Trans,NA,13223,208.854081848,60.0
4,Trans,NA,13200,68.0424593679,50.0
4,Trans,NA,13201,163.362134084,50.0
4,Trans,NA,13144,117.998026672,40.0
4,Trans,NA,13042,49.3943814144,50.0
4,Trans,NA,13073,75.1237552357,40.0
4,Trans,NA,13072,36.2442859059,40.0
4,Trans,NA,12678,131.674454484,50.0
4,Trans,NA,12093,86.6893104921,50.0
4,Trans,NA,12096,333.64261796,50.0
4,Trans,NA,11336,139.705421948,50.0
4,Trans,NA,11335,297.304289393,70.0
4,Trans,NA,11278,76.0885513603,50.0
4,Trans,NA,11250,63.2807282552,50.0
4,Trans,NA,11251,89.3387166369,40.0
4,Trans,NA,11224,131.442763685,50.0
4,Trans,NA,11078,123.566275554,50.0
4,Trans,NA,11041,61.8673792225,40.0
4,Trans,NA,10989,185.952351781,50.0
4,Trans,NA,10988,183.409060382,50.0
4,Trans,NA,10948,457.431581931,40.0
4,Trans,NA,10692,257.83637399,60.0
4,Trans,NA,10333,53.7518207189,40.0
4,Trans,NA,10335,139.6696085,60.0
4,Trans,NA,10336,84.479703906,40.0
4,Trans,NA,10377,28.9564812979,50.0
4,Trans,NA,10436,265.990131588,50.0
4,Trans,NA,10641,56.2067247981,50.0
4,Trans,NA,10789,217.118973843,65.0
4,Trans,NA,10897,142.148115767,65.0
4,Trans,NA,10941,91.1234280037,50.0
4,Trans,NA,11014,52.0912483551,50.0
4,Trans,NA,11015,73.8501530809,65.0
4,Trans,NA,11085,131.675592479,40.0
4,Trans,NA,11239,46.2111040334,50.0
4,Trans,NA,11408,92.6568628361,50.0
4,Trans,NA,11473,38.4738414517,50.0
4,Trans,NA,11354,86.9182027836,50.0
4,Trans,NA,11300,44.7169089008,50.0
4,Trans,NA,11256,378.608377501,60.0
4,Trans,NA,11187,110.104956571,50.0
4,Trans,NA,11087,110.135502242,50.0
4,Trans,NA,11040,160.214272974,50.0
4,End,NA,10963,196.777681461,40.0
5,Taxi,NA,842,154.33845554,50.0
5,Trans,NA,843,135.786822431,50.0
5,Trans,NA,850,358.71699148,65.0
5,Trans,NA,852,120.255446949,50.0
5,Trans,NA,860,76.380576794,50.0
5,Trans,NA,854,69.3092316642,50.0
5,Trans,NA,853,64.5866160454,50.0
5,Trans,NA,855,211.750017814,60.0
5,Trans,NA,857,90.8261073201,40.0
5,Trans,NA,841,75.6338317051,50.0
5,Trans,NA,840,192.451792731,50.0
5,Trans,NA,824,279.544893265,50.0
5,Trans,NA,770,74.845087636,50.0
5,Trans,NA,769,76.7022212298,50.0
5,Trans,NA,754,175.33151225,50.0
5,Trans,NA,736,64.6211736586,50.0
5,Trans,NA,884,177.017159897,56.6666666666667
5,Trans,NA,1067,159.53273049,50.0
5,Trans,NA,1604,78.8757370873,50.0
5,Trans,NA,1605,164.366930949,50.0
5,Trans,NA,1887,124.705716047,50.0
5,Trans,NA,2038,339.24219485,50.0
5,Trans,NA,1997,98.5618469922,50.0
5,Trans,NA,1992,70.2601409798,40.0
5,Trans,NA,1986,195.805767726,50.0
5,Trans,NA,1987,580.472260216,50.0
5,Trans,NA,1999,58.5704971235,50.0
5,Trans,NA,2041,70.4823723939,50.0
5,Trans,NA,2083,83.3758655404,60.0
5,Trans,NA,2085,145.832579236,65.0
5,Trans,NA,2076,310.207682694,50.0
5,Trans,NA,2077,88.0073460795,40.0
5,Trans,NA,2319,235.777825836,60.0
5,Trans,NA,2415,146.784975009,40.0
5,Trans,NA,2636,125.427755299,40.0
5,Trans,NA,2637,287.077068196,60.0
5,Trans,NA,2865,283.810444561,60.0
5,Trans,NA,2859,967.795393958,50.0
5,Trans,NA,2854,294.213675344,40.0
5,Trans,NA,2855,174.633776545,50.0
5,Trans,NA,2784,33.1261382166,50.0
5,Trans,NA,2727,140.087893795,50.0
5,Trans,NA,2699,138.981934575,50.0
5,Trans,NA,2841,100.047087764,56.6666666666667
5,Trans,NA,2840,106.361430065,50.0
5,Trans,NA,3047,77.1395462876,40.0
5,Trans,NA,3088,365.088886406,60.0
5,Trans,NA,3089,207.940464161,50.0
5,Trans,NA,3133,163.734335033,60.0
5,Trans,NA,3499,172.773067308,50.0
5,Trans,NA,3577,62.8815355914,50.0
5,Start,58,3577,62.8815355914,50.0
5,Trans,NA,3499,172.773067308,50.0
5,Trans,NA,3133,163.734335033,60.0
5,Trans,NA,3089,207.940464161,50.0
5,Trans,NA,3141,106.150395489,50.0
5,Trans,NA,3142,78.0958365112,50.0
5,Trans,NA,3254,174.360231762,50.0
5,Trans,NA,3408,94.1018740252,50.0
5,Trans,NA,3407,86.3001649369,40.0
5,Trans,NA,3676,142.033072911,56.6666666666667
5,Trans,NA,3675,131.549762778,50.0
5,Trans,NA,3715,62.742057508,50.0
5,Trans,NA,3827,93.5271583102,50.0
5,Trans,NA,3946,76.3257820497,40.0
5,Trans,NA,4154,201.045565538,60.0
5,Trans,NA,4483,119.055394754,50.0
5,Trans,NA,4484,184.446795369,60.0
5,Trans,NA,4652,122.61388356,50.0
5,Trans,NA,4882,170.757851963,60.0
5,Trans,NA,5050,268.426723286,50.0
5,Trans,NA,5051,194.81405203,50.0
5,Trans,NA,5244,195.758615163,50.0
5,Trans,NA,5334,167.977452422,50.0
5,Trans,NA,5581,183.050336132,50.0
5,Trans,NA,5701,280.865931494,50.0
5,Trans,NA,6003,113.533289998,40.0
5,Trans,NA,6015,224.971183218,60.0
5,Trans,NA,6014,39.205680635,50.0
5,Trans,NA,6320,110.359303167,50.0
5,Trans,NA,6321,266.586862787,50.0
5,Trans,NA,6643,209.94852646,50.0
5,Trans,NA,6834,37.0044985067,40.0
5,Trans,NA,6835,266.521460134,60.0
5,Trans,NA,6809,72.0937262792,60.0
5,Trans,NA,6771,535.226111189,65.0
5,Trans,NA,6770,81.5100918357,40.0
5,Trans,NA,6680,48.7096994253,60.0
5,Trans,NA,6483,57.9928334872,50.0
5,Trans,NA,6211,140.457559303,50.0
5,Trans,NA,6210,94.9183535751,60.0
5,Trans,NA,6161,95.607529088,50.0
5,Trans,NA,6332,83.8977684305,50.0
5,Trans,NA,6648,68.8888970159,40.0
5,Trans,NA,7264,86.3951924753,50.0
5,Trans,NA,7631,68.4789149272,50.0
5,Trans,NA,8143,266.765047187,63.3333333333333
5,Trans,NA,8390,41.7480235869,50.0
5,Trans,NA,9098,401.339972583,60.0
5,Trans,NA,9953,54.7917314253,50.0
5,Trans,NA,9954,138.703928113,50.0
5,Trans,NA,10396,141.348329944,50.0
5,Trans,NA,10755,109.000773668,50.0
5,Trans,NA,11139,78.8791265777,50.0
5,Trans,NA,11438,67.8769404054,50.0
5,Trans,NA,11801,137.077377777,50.0
5,Trans,NA,12106,142.705932861,50.0
5,Trans,NA,12270,309.654446017,50.0
5,Trans,NA,12421,201.084861632,50.0
5,Trans,NA,12340,119.297309633,50.0
5,Trans,NA,12339,44.5530622051,60.0
5,Trans,NA,12433,132.063183817,50.0
5,Trans,NA,12615,26.4635414421,50.0
5,Trans,NA,12906,169.317300149,40.0
5,Trans,NA,12938,65.3905642751,50.0
5,Trans,NA,12939,428.897661927,60.0
5,Trans,NA,13118,316.466507763,50.0
5,End,NA,13228,94.0009629731,50.0
5,Taxi,NA,13552,76.4904481388,40.0
5,Trans,NA,13596,212.390493247,50.0
5,Trans,NA,13634,232.885862476,60.0
5,Trans,NA,13666,72.945861762,40.0
5,Trans,NA,13665,140.579481048,65.0
5,Trans,NA,13626,78.8353842168,50.0
5,Trans,NA,13608,377.17323229,70.0
5,Trans,NA,13543,117.442716204,50.0
5,Trans,NA,13479,292.508771795,50.0
5,Trans,NA,13478,247.565583467,40.0
5,Trans,NA,13452,53.8231427765,40.0
5,Trans,NA,13403,205.106479453,50.0
5,Trans,NA,13341,88.4438979977,50.0
5,Trans,NA,13298,36.326753103,50.0
5,Trans,NA,13297,109.597763481,50.0
5,Trans,NA,13274,76.1705484767,50.0
5,Trans,NA,13255,116.770911829,50.0
5,Trans,NA,13223,208.854081848,60.0
5,Trans,NA,13200,68.0424593679,50.0
5,Trans,NA,13201,163.362134084,50.0
5,Trans,NA,13144,117.998026672,40.0
5,Trans,NA,13042,49.3943814144,50.0
5,Trans,NA,13073,75.1237552357,40.0
5,Trans,NA,13072,36.2442859059,40.0
5,Trans,NA,12678,131.674454484,50.0
5,Trans,NA,12093,86.6893104921,50.0
5,Trans,NA,12094,29.4379262206,50.0
5,Trans,NA,12142,192.8282071,50.0
5,Trans,NA,12141,94.0724210621,50.0
5,Trans,NA,12178,74.6643608863,40.0
5,Trans,NA,12175,42.8512116634,50.0
5,Trans,NA,12303,84.0382574101,50.0
5,Trans,NA,12309,96.707109809,50.0
5,Trans,NA,12310,30.8997170679,50.0
5,Trans,NA,12314,65.743930885,50.0
5,Trans,NA,12315,322.590585809,50.0
5,Trans,NA,12326,979.138402475,50.0
5,Trans,NA,12259,178.499045909,50.0
5,Trans,NA,12203,136.662148197,50.0
5,Trans,NA,11995,207.625795808,50.0
5,Trans,NA,11971,178.742647841,40.0
5,Trans,NA,11888,114.789584479,50.0
5,Trans,NA,11803,139.598619909,60.0
5,Trans,NA,11717,90.4473735628,50.0
5,Trans,NA,11514,59.8745970608,50.0
5,Trans,NA,11383,87.8617083298,60.0
5,Trans,NA,11176,254.493698804,70.0
5,Trans,NA,11070,422.374738315,84.0
5,Trans,NA,10903,111.87697732,50.0
5,Trans,NA,10904,105.531676504,50.0
5,Trans,NA,10405,132.035015312,50.0
5,Trans,NA,10375,87.098526262,50.0
5,Trans,NA,10258,309.518434193,50.0
5,Trans,NA,10071,131.234204426,50.0
5,Trans,NA,9693,44.2819968475,50.0
5,Trans,NA,9694,96.465097499,70.0
5,Trans,NA,9314,197.075822008,50.0
5,Trans,NA,9313,74.876867252,50.0
5,Trans,NA,9164,128.424535764,60.0
5,Trans,NA,9036,492.725687842,60.0
5,Trans,NA,9172,64.3247450159,50.0
5,Start,15,9172,64.3247450159,50.0
5,Trans,NA,9036,492.725687842,60.0
5,Trans,NA,9164,128.424535764,60.0
5,Trans,NA,9313,74.876867252,50.0
5,Trans,NA,9314,197.075822008,50.0
5,Trans,NA,9694,96.465097499,70.0
5,Trans,NA,9693,44.2819968475,50.0
5,Trans,NA,10071,131.234204426,50.0
5,Trans,NA,10258,309.518434193,50.0
5,Trans,NA,10375,87.098526262,50.0
5,Trans,NA,10405,132.035015312,50.0
5,Trans,NA,10904,105.531676504,50.0
5,Trans,NA,10903,111.87697732,50.0
5,Trans,NA,11070,422.374738315,84.0
5,Trans,NA,11176,254.493698804,70.0
5,Trans,NA,11383,87.8617083298,60.0
5,Trans,NA,11514,59.8745970608,50.0
5,Trans,NA,11717,90.4473735628,50.0
5,Trans,NA,11803,139.598619909,60.0
5,Trans,NA,11888,114.789584479,50.0
5,Trans,NA,11971,178.742647841,40.0
5,Trans,NA,11995,207.625795808,50.0
5,Trans,NA,12203,136.662148197,50.0
5,Trans,NA,12259,178.499045909,50.0
5,Trans,NA,12326,979.138402475,50.0
5,Trans,NA,12315,322.590585809,50.0
5,Trans,NA,12314,65.743930885,50.0
5,Trans,NA,12310,30.8997170679,50.0
5,Trans,NA,12309,96.707109809,50.0
5,Trans,NA,12303,84.0382574101,50.0
5,Trans,NA,12175,42.8512116634,50.0
5,Trans,NA,12178,74.6643608863,40.0
5,Trans,NA,12141,94.0724210621,50.0
5,Trans,NA,12142,192.8282071,50.0
5,Trans,NA,12094,29.4379262206,50.0
5,Trans,NA,12093,86.6893104921,50.0
5,Trans,NA,12678,131.674454484,50.0
5,Trans,NA,13072,36.2442859059,40.0
5,Trans,NA,13073,75.1237552357,40.0
5,Trans,NA,13042,49.3943814144,50.0
5,Trans,NA,13144,117.998026672,40.0
5,Trans,NA,13201,163.362134084,50.0
5,Trans,NA,13200,68.0424593679,50.0
5,Trans,NA,13223,208.854081848,60.0
5,Trans,NA,13255,116.770911829,50.0
5,Trans,NA,13274,76.1705484767,50.0
5,Trans,NA,13297,109.597763481,50.0
5,Trans,NA,13298,36.326753103,50.0
5,Trans,NA,13341,88.4438979977,50.0
5,Trans,NA,13403,205.106479453,50.0
5,Trans,NA,13452,53.8231427765,40.0
5,Trans,NA,13478,247.565583467,40.0
5,Trans,NA,13479,292.508771795,50.0
5,Trans,NA,13543,117.442716204,50.0
5,Trans,NA,13608,377.17323229,70.0
5,Trans,NA,13626,78.8353842168,50.0
5,Trans,NA,13665,140.579481048,65.0
5,Trans,NA,13666,72.945861762,40.0
5,Trans,NA,13634,232.885862476,60.0
5,Trans,NA,13596,212.390493247,50.0
5,End,NA,13552,76.4904481388,40.0
6,Taxi,NA,4880,131.231141352,40.0
6,Trans,NA,4882,170.757851963,60.0
6,Trans,NA,4652,122.61388356,50.0
6,Trans,NA,4484,184.446795369,60.0
6,Trans,NA,4483,119.055394754,50.0
6,Trans,NA,4154,201.045565538,60.0
6,Trans,NA,3946,76.3257820497,40.0
6,Trans,NA,3827,93.5271583102,50.0
6,Trans,NA,3715,62.742057508,50.0
6,Trans,NA,3714,158.71813293,50.0
6,Trans,NA,3690,306.215622363,65.0
6,Trans,NA,3437,145.431392876,50.0
6,Trans,NA,3270,87.3407367562,50.0
6,Trans,NA,3221,92.5907970267,50.0
6,Trans,NA,3220,86.2368945126,50.0
6,Trans,NA,3124,75.9753032075,50.0
6,Trans,NA,3054,107.457393049,40.0
6,Trans,NA,2959,125.73204428,50.0
6,Trans,NA,2961,171.003419545,50.0
6,Trans,NA,2784,33.1261382166,50.0
6,Trans,NA,2855,174.633776545,50.0
6,Trans,NA,2854,294.213675344,40.0
6,Trans,NA,2859,967.795393958,50.0
6,Trans,NA,2865,283.810444561,60.0
6,Trans,NA,3069,76.9751364064,50.0
6,Trans,NA,3136,43.0115503571,50.0
6,Trans,NA,3362,166.649808436,50.0
6,Start,2,3596,509.610287848,50.0
6,Trans,NA,3597,179.872572865,82.0
6,Trans,NA,3832,72.8297462718,50.0
6,Trans,NA,4094,82.5167100307,50.0
6,Trans,NA,4280,44.6559598099,50.0
6,Trans,NA,4281,291.756210419,50.0
6,Trans,NA,4452,93.6602248544,50.0
6,Trans,NA,4552,105.820331102,50.0
6,Trans,NA,4737,37.0332663708,50.0
6,Trans,NA,4859,197.487551461,50.0
6,Trans,NA,4974,71.284233097,40.0
6,Trans,NA,5062,283.214574062,50.0
6,Trans,NA,5112,241.411715182,50.0
6,Trans,NA,5156,141.173464655,50.0
6,Trans,NA,5234,84.5541109136,50.0
6,Trans,NA,5386,256.442251444,50.0
6,Trans,NA,6081,77.6612603929,50.0
6,Trans,NA,6647,136.709631321,50.0
6,Trans,NA,7264,86.3951924753,50.0
6,Trans,NA,7631,68.4789149272,50.0
6,Trans,NA,8143,266.765047187,63.3333333333333
6,Trans,NA,8390,41.7480235869,50.0
6,Trans,NA,9098,401.339972583,60.0
6,Trans,NA,9953,54.7917314253,50.0
6,Trans,NA,9954,138.703928113,50.0
6,Trans,NA,10396,141.348329944,50.0
6,Trans,NA,10755,109.000773668,50.0
6,Trans,NA,11139,78.8791265777,50.0
6,Trans,NA,11438,67.8769404054,50.0
6,Trans,NA,11801,137.077377777,50.0
6,Trans,NA,12106,142.705932861,50.0
6,Trans,NA,12270,309.654446017,50.0
6,Trans,NA,12421,201.084861632,50.0
6,Trans,NA,12727,93.4142581613,50.0
6,Trans,NA,12728,626.257593336,50.0
6,Trans,NA,12949,93.1764614047,60.0
6,Trans,NA,13191,129.860045497,40.0
6,Trans,NA,13285,78.6380873848,50.0
6,Trans,NA,13325,148.035543571,40.0
6,Trans,NA,13326,68.8523235787,50.0
6,Trans,NA,13450,268.16600744,50.0
6,Trans,NA,13932,173.097313669,50.0
6,Trans,NA,14026,284.872422272,60.0
6,Trans,NA,14136,54.8830670098,50.0
6,Trans,NA,14103,136.592349987,50.0
6,Trans,NA,14112,76.481893484,50.0
6,Trans,NA,14119,117.020136997,40.0
6,Trans,NA,14115,68.4347689209,40.0
6,Trans,NA,14116,119.34099729,50.0
6,Trans,NA,14117,110.222438148,40.0
6,Trans,NA,14056,350.956321876,60.0
6,Trans,NA,14055,118.279172455,50.0
6,Trans,NA,14053,129.717735029,50.0
6,Trans,NA,13886,40.7926413118,40.0
6,Trans,NA,13887,100.671542597,40.0
6,Trans,NA,13734,504.539564011,65.0
6,Trans,NA,13713,30.2571135295,50.0
6,Trans,NA,13724,72.6044453464,50.0
6,Trans,NA,13777,445.927844863,50.0
6,Trans,NA,13915,53.4943009271,50.0
6,Trans,NA,13916,142.284012753,50.0
6,Trans,NA,13908,108.457911207,50.0
6,Trans,NA,13949,185.224998813,50.0
6,Trans,NA,14035,72.1783018291,50.0
6,Trans,NA,14036,111.341636298,40.0
6,Trans,NA,13898,355.963021312,50.0
6,Trans,NA,13746,43.4531873979,50.0
6,Trans,NA,13700,73.4657088053,50.0
6,Trans,NA,13699,231.809503342,50.0
6,Trans,NA,13609,153.760772966,40.0
6,Trans,NA,13626,78.8353842168,50.0
6,Trans,NA,13665,140.579481048,65.0
6,Trans,NA,13666,72.945861762,40.0
6,Trans,NA,13634,232.885862476,60.0
6,Trans,NA,13635,132.178310926,60.0
6,Trans,NA,13668,143.041787,40.0
6,Trans,NA,13712,96.2773095119,50.0
6,Trans,NA,13736,84.2844962916,40.0
6,Trans,NA,13714,33.0227878408,50.0
6,Trans,NA,13638,94.2105376867,50.0
6,Trans,NA,13641,103.91666396,50.0
6,Trans,NA,13676,381.166021154,65.0
6,Trans,NA,13690,106.541172057,50.0
6,Trans,NA,13764,65.8270652389,50.0
6,End,NA,13798,151.059149472,50.0
6,Taxi,NA,556,332.62494587,60.0
6,Trans,NA,555,242.21052236,60.0
6,Trans,NA,574,138.637662241,50.0
6,Trans,NA,606,136.081375808,50.0
6,Trans,NA,605,72.6411574447,50.0
6,Trans,NA,638,59.7163562138,50.0
6,Trans,NA,686,161.469551045,50.0
6,Trans,NA,724,79.272347435,50.0
6,Trans,NA,789,72.8966662155,40.0
6,Trans,NA,965,152.215309849,50.0
6,Trans,NA,964,216.184514975,60.0
6,Trans,NA,1060,83.8684164012,40.0
6,Trans,NA,1059,224.943159207,50.0
6,Trans,NA,1079,160.157408218,50.0
6,Trans,NA,1244,112.051746664,50.0
6,Trans,NA,1243,62.3593306244,50.0
6,Trans,NA,1238,111.313895082,50.0
6,Trans,NA,1263,45.129692976,50.0
6,Trans,NA,1281,185.69273166,50.0
6,Trans,NA,1282,66.3490977341,40.0
6,Trans,NA,1295,92.9558608199,40.0
6,Trans,NA,1329,182.811372644,50.0
6,Trans,NA,1368,73.4518185039,50.0
6,Trans,NA,1418,128.441222657,50.0
6,Trans,NA,1431,57.7428899164,50.0
6,Trans,NA,1433,113.830941616,60.0
6,Trans,NA,1445,18.7414177419,50.0
6,Trans,NA,1449,97.6425296276,70.0
6,Trans,NA,1458,56.61291652,40.0
6,Trans,NA,1463,83.8958365715,40.0
6,Trans,NA,1473,74.3145576462,50.0
6,Trans,NA,1479,179.150836312,50.0
6,Trans,NA,1484,315.166831529,60.0
6,Trans,NA,1492,249.466186786,70.0
6,Trans,NA,1595,48.0093050708,50.0
6,Trans,NA,1593,122.344452237,40.0
6,Trans,NA,1668,95.1178385295,50.0
6,Trans,NA,1681,61.5132276274,50.0
6,Trans,NA,1744,80.6369070603,50.0
6,Trans,NA,1884,229.749985929,50.0
6,Trans,NA,1883,56.4335142377,50.0
6,Trans,NA,1996,86.750104323,50.0
6,Trans,NA,2072,199.745671746,40.0
6,Trans,NA,2159,114.553846954,60.0
6,Trans,NA,2272,43.0952404198,40.0
6,Trans,NA,2341,77.6006903577,50.0
6,Trans,NA,2407,62.7983502386,40.0
6,Trans,NA,2406,182.148212071,50.0
6,Trans,NA,2539,100.009527546,50.0
6,Trans,NA,3144,54.2673263263,50.0
6,Trans,NA,3251,157.462889699,50.0
6,Trans,NA,3363,128.88377458,50.0
6,Trans,NA,3364,153.967217412,50.0
6,Trans,NA,3806,54.130313196,50.0
6,Trans,NA,3807,30.4929464695,84.0
6,Trans,NA,3854,283.713970687,84.0
6,Trans,NA,4127,127.621434409,50.0
6,Trans,NA,4239,75.8299683713,50.0
6,Trans,NA,4449,92.0428382663,50.0
6,Trans,NA,4448,124.198932034,40.0
6,Trans,NA,5008,65.3149403458,40.0
6,Trans,NA,5179,68.5105936189,50.0
6,Trans,NA,5329,110.59657394,40.0
6,Trans,NA,5514,251.180506503,50.0
6,Trans,NA,5762,82.2653419092,50.0
6,Trans,NA,5761,123.879586033,50.0
6,Trans,NA,6339,466.654147242,70.0
6,Trans,NA,6370,119.726268299,50.0
6,Trans,NA,6559,59.7720788276,50.0
6,Trans,NA,7051,160.986186007,40.0
6,Trans,NA,7352,108.419950217,50.0
6,Trans,NA,7677,259.292945501,50.0
6,Trans,NA,7770,243.041162714,50.0
6,Trans,NA,7771,145.908181222,50.0
6,Trans,NA,7891,134.199693155,50.0
6,Trans,NA,7908,46.5941944156,50.0
6,Trans,NA,7965,90.5334562195,50.0
6,Trans,NA,8055,47.3968598037,50.0
6,Trans,NA,8056,97.4811061995,50.0
6,Trans,NA,8181,76.9325066196,50.0
6,Trans,NA,8673,160.329937844,50.0
6,Trans,NA,8672,353.247426902,70.0
6,Trans,NA,9183,49.4484135069,60.0
6,Trans,NA,9757,137.13942894,50.0
6,Trans,NA,9532,99.4930958366,50.0
6,Trans,NA,9171,304.857438407,60.0
6,Trans,NA,9418,97.5632261856,50.0
6,Trans,NA,9419,121.134721635,50.0
6,Trans,NA,9622,114.501864998,50.0
6,Trans,NA,9623,76.8177959422,50.0
6,Trans,NA,9325,142.295926423,40.0
6,Trans,NA,9225,71.5533137847,40.0
6,Trans,NA,9084,47.7971240108,50.0
6,Trans,NA,9039,49.4452909273,50.0
6,Trans,NA,9010,72.9012331537,50.0
6,Trans,NA,8930,74.0612058013,50.0
6,Trans,NA,8929,75.5372388433,50.0
6,Trans,NA,9164,128.424535764,60.0
6,Trans,NA,9313,74.876867252,50.0
6,Trans,NA,9314,197.075822008,50.0
6,Trans,NA,9694,96.465097499,70.0
6,Trans,NA,9693,44.2819968475,50.0
6,Trans,NA,10071,131.234204426,50.0
6,Trans,NA,10258,309.518434193,50.0
6,Trans,NA,10375,87.098526262,50.0
6,Trans,NA,10405,132.035015312,50.0
6,Trans,NA,10904,105.531676504,50.0
6,Trans,NA,10903,111.87697732,50.0
6,Trans,NA,11070,422.374738315,84.0
6,Trans,NA,11176,254.493698804,70.0
6,Trans,NA,11383,87.8617083298,60.0
6,Trans,NA,11514,59.8745970608,50.0
6,Trans,NA,11717,90.4473735628,50.0
6,Trans,NA,11803,139.598619909,60.0
6,Trans,NA,11888,114.789584479,50.0
6,Trans,NA,11971,178.742647841,40.0
6,Trans,NA,11972,82.0318408175,40.0
6,Start,15,11972,82.0318408175,40.0
6,Trans,NA,11971,178.742647841,40.0
6,Trans,NA,11888,114.789584479,50.0
6,Trans,NA,11803,139.598619909,60.0
6,Trans,NA,11717,90.4473735628,50.0
6,Trans,NA,11514,59.8745970608,50.0
6,Trans,NA,11383,87.8617083298,60.0
6,Trans,NA,11176,254.493698804,70.0
6,Trans,NA,11070,422.374738315,84.0
6,Trans,NA,10903,111.87697732,50.0
6,Trans,NA,10904,105.531676504,50.0
6,Trans,NA,10405,132.035015312,50.0
6,Trans,NA,10375,87.098526262,50.0
6,Trans,NA,10258,309.518434193,50.0
6,Trans,NA,10071,131.234204426,50.0
6,Trans,NA,9693,44.2819968475,50.0
6,Trans,NA,9694,96.465097499,70.0
6,Trans,NA,9314,197.075822008,50.0
6,Trans,NA,9313,74.876867252,50.0
6,Trans,NA,9164,128.424535764,60.0
6,Trans,NA,8929,75.5372388433,50.0
6,Trans,NA,8930,74.0612058013,50.0
6,Trans,NA,9010,72.9012331537,50.0
6,Trans,NA,9039,49.4452909273,50.0
6,Trans,NA,9084,47.7971240108,50.0
6,Trans,NA,9225,71.5533137847,40.0
6,Trans,NA,9325,142.295926423,40.0
6,Trans,NA,9623,76.8177959422,50.0
6,Trans,NA,9622,114.501864998,50.0
6,Trans,NA,9419,121.134721635,50.0
6,Trans,NA,9418,97.5632261856,50.0
6,Trans,NA,9171,304.857438407,60.0
6,Trans,NA,9532,99.4930958366,50.0
6,Trans,NA,9757,137.13942894,50.0
6,Trans,NA,9183,49.4484135069,60.0
6,Trans,NA,8672,353.247426902,70.0
6,Trans,NA,8673,160.329937844,50.0
6,Trans,NA,8181,76.9325066196,50.0
6,Trans,NA,8056,97.4811061995,50.0
6,Trans,NA,8055,47.3968598037,50.0
6,Trans,NA,7965,90.5334562195,50.0
6,Trans,NA,7908,46.5941944156,50.0
6,Trans,NA,7891,134.199693155,50.0
6,Trans,NA,7771,145.908181222,50.0
6,Trans,NA,7770,243.041162714,50.0
6,Trans,NA,7677,259.292945501,50.0
6,Trans,NA,7352,108.419950217,50.0
6,Trans,NA,7051,160.986186007,40.0
6,Trans,NA,6559,59.7720788276,50.0
6,Trans,NA,6370,119.726268299,50.0
6,Trans,NA,6339,466.654147242,70.0
6,Trans,NA,5761,123.879586033,50.0
6,Trans,NA,5762,82.2653419092,50.0
6,Trans,NA,5514,251.180506503,50.0
6,Trans,NA,5329,110.59657394,40.0
6,Trans,NA,5179,68.5105936189,50.0
6,Trans,NA,5008,65.3149403458,40.0
6,Trans,NA,4448,124.198932034,40.0
6,Trans,NA,4449,92.0428382663,50.0
6,Trans,NA,4239,75.8299683713,50.0
6,Trans,NA,4127,127.621434409,50.0
6,Trans,NA,3854,283.713970687,84.0
6,Trans,NA,3807,30.4929464695,84.0
6,Trans,NA,3806,54.130313196,50.0
6,Trans,NA,3364,153.967217412,50.0
6,Trans,NA,3363,128.88377458,50.0
6,Trans,NA,3251,157.462889699,50.0
6,Trans,NA,3144,54.2673263263,50.0
6,Trans,NA,2539,100.009527546,50.0
6,Trans,NA,2406,182.148212071,50.0
6,Trans,NA,2407,62.7983502386,40.0
6,Trans,NA,2341,77.6006903577,50.0
6,Trans,NA,2272,43.0952404198,40.0
6,Trans,NA,2159,114.553846954,60.0
6,Trans,NA,2072,199.745671746,40.0
6,Trans,NA,1996,86.750104323,50.0
6,Trans,NA,1883,56.4335142377,50.0
6,Trans,NA,1884,229.749985929,50.0
6,Trans,NA,1744,80.6369070603,50.0
6,Trans,NA,1681,61.5132276274,50.0
6,Trans,NA,1668,95.1178385295,50.0
6,Trans,NA,1593,122.344452237,40.0
6,Trans,NA,1595,48.0093050708,50.0
6,Trans,NA,1492,249.466186786,70.0
6,Trans,NA,1484,315.166831529,60.0
6,Trans,NA,1479,179.150836312,50.0
6,Trans,NA,1473,74.3145576462,50.0
6,Trans,NA,1463,83.8958365715,40.0
6,Trans,NA,1458,56.61291652,40.0
6,Trans,NA,1449,97.6425296276,70.0
6,Trans,NA,1445,18.7414177419,50.0
6,Trans,NA,1433,113.830941616,60.0
6,Trans,NA,1431,57.7428899164,50.0
6,Trans,NA,1418,128.441222657,50.0
6,Trans,NA,1368,73.4518185039,50.0
6,Trans,NA,1329,182.811372644,50.0
6,Trans,NA,1295,92.9558608199,40.0
6,Trans,NA,1282,66.3490977341,40.0
6,Trans,NA,1281,185.69273166,50.0
6,Trans,NA,1263,45.129692976,50.0
6,Trans,NA,1238,111.313895082,50.0
6,Trans,NA,1243,62.3593306244,50.0
6,Trans,NA,1244,112.051746664,50.0
6,Trans,NA,1079,160.157408218,50.0
6,Trans,NA,1059,224.943159207,50.0
6,Trans,NA,1060,83.8684164012,40.0
6,Trans,NA,964,216.184514975,60.0
6,Trans,NA,965,152.215309849,50.0
6,Trans,NA,789,72.8966662155,40.0
6,Trans,NA,724,79.272347435,50.0
6,Trans,NA,686,161.469551045,50.0
6,Trans,NA,638,59.7163562138,50.0
6,Trans,NA,605,72.6411574447,50.0
6,Trans,NA,606,136.081375808,50.0
6,Trans,NA,574,138.637662241,50.0
6,Trans,NA,555,242.21052236,60.0
6,End,NA,556,332.62494587,60.0
7,Taxi,NA,14634,79.8146813795,50.0
7,Trans,NA,14653,173.12095455,50.0
7,Trans,NA,14690,235.435308596,50.0
7,Trans,NA,14681,152.583762226,60.0
7,Trans,NA,14555,166.571497922,65.0
7,Trans,NA,14527,46.3159004268,50.0
7,Trans,NA,14409,64.7854319971,50.0
7,Trans,NA,14410,134.090577103,70.0
7,Trans,NA,14315,521.154514051,60.0
7,Trans,NA,14254,354.526220131,60.0
7,Trans,NA,14230,57.2473725003,40.0
7,Trans,NA,14201,165.866861055,60.0
7,Trans,NA,14190,152.87327518,50.0
7,Trans,NA,14126,138.879414558,50.0
7,Trans,NA,14127,47.2504286108,50.0
7,Trans,NA,14014,157.636525693,40.0
7,Trans,NA,14013,238.401991952,50.0
7,Trans,NA,13915,53.4943009271,50.0
7,Trans,NA,13777,445.927844863,50.0
7,Trans,NA,13724,72.6044453464,50.0
7,Trans,NA,13514,57.6595461997,50.0
7,Trans,NA,13444,277.455653937,50.0
7,Trans,NA,13443,145.000445879,50.0
7,Trans,NA,13315,168.551195456,40.0
7,Trans,NA,13278,103.4248973,50.0
7,Trans,NA,13066,36.1797741811,40.0
7,Trans,NA,12935,154.610422142,50.0
7,Trans,NA,13003,104.234262505,50.0
7,Trans,NA,13074,182.255244531,50.0
7,Trans,NA,13072,36.2442859059,40.0
7,Trans,NA,12678,131.674454484,50.0
7,Trans,NA,12093,86.6893104921,50.0
7,Trans,NA,12096,333.64261796,50.0
7,Trans,NA,11336,139.705421948,50.0
7,Trans,NA,11335,297.304289393,70.0
7,Trans,NA,11278,76.0885513603,50.0
7,Trans,NA,11250,63.2807282552,50.0
7,Trans,NA,11251,89.3387166369,40.0
7,Trans,NA,11224,131.442763685,50.0
7,Trans,NA,11078,123.566275554,50.0
7,Trans,NA,11041,61.8673792225,40.0
7,Trans,NA,10989,185.952351781,50.0
7,Trans,NA,10988,183.409060382,50.0
7,Trans,NA,10948,457.431581931,40.0
7,Trans,NA,10692,257.83637399,60.0
7,Trans,NA,10333,53.7518207189,40.0
7,Trans,NA,10338,293.706241591,50.0
7,Trans,NA,10178,62.9876698933,40.0
7,Trans,NA,10179,114.596447228,50.0
7,Trans,NA,9947,237.569283595,50.0
7,Trans,NA,9754,90.2280100755,50.0
7,Trans,NA,9755,135.668547233,50.0
7,Trans,NA,9657,65.3767752465,40.0
7,Trans,NA,9582,144.818144057,60.0
7,Trans,NA,9661,96.5332429611,50.0
7,Trans,NA,9668,187.508367754,60.0
7,Trans,NA,9700,350.113118771,50.0
7,Trans,NA,9199,149.89532329,50.0
7,Trans,NA,9198,71.9213084943,50.0
7,Trans,NA,9005,386.2263951,63.3333333333333
7,Trans,NA,8691,131.780674499,40.0
7,Trans,NA,8375,75.5299737939,40.0
7,Trans,NA,7421,211.999463192,50.0
7,Trans,NA,7524,93.2126549744,60.0
7,Trans,NA,7557,37.616067463,50.0
7,Start,0,7557,37.616067463,50.0
7,Trans,NA,7524,93.2126549744,60.0
7,Trans,NA,7421,211.999463192,50.0
7,Trans,NA,8375,75.5299737939,40.0
7,Trans,NA,8691,131.780674499,40.0
7,Trans,NA,9005,386.2263951,63.3333333333333
7,Trans,NA,9198,71.9213084943,50.0
7,Trans,NA,9199,149.89532329,50.0
7,Trans,NA,9700,350.113118771,50.0
7,Trans,NA,9668,187.508367754,60.0
7,Trans,NA,9661,96.5332429611,50.0
7,Trans,NA,9582,144.818144057,60.0
7,Trans,NA,9657,65.3767752465,40.0
7,Trans,NA,9755,135.668547233,50.0
7,Trans,NA,9754,90.2280100755,50.0
7,Trans,NA,9947,237.569283595,50.0
7,Trans,NA,10179,114.596447228,50.0
7,Trans,NA,10178,62.9876698933,40.0
7,Trans,NA,10338,293.706241591,50.0
7,Trans,NA,10333,53.7518207189,40.0
7,Trans,NA,10692,257.83637399,60.0
7,Trans,NA,10948,457.431581931,40.0
7,Trans,NA,10988,183.409060382,50.0
7,Trans,NA,10989,185.952351781,50.0
7,Trans,NA,11041,61.8673792225,40.0
7,Trans,NA,11078,123.566275554,50.0
7,Trans,NA,11224,131.442763685,50.0
7,Trans,NA,11251,89.3387166369,40.0
7,Trans,NA,11250,63.2807282552,50.0
7,Trans,NA,11278,76.0885513603,50.0
7,Trans,NA,11335,297.304289393,70.0
7,Trans,NA,11336,139.705421948,50.0
7,Trans,NA,12096,333.64261796,50.0
7,Trans,NA,12094,29.4379262206,50.0
7,Trans,NA,12142,192.8282071,50.0
7,Trans,NA,12141,94.0724210621,50.0
7,Trans,NA,12178,74.6643608863,40.0
7,Trans,NA,12175,42.8512116634,50.0
7,Trans,NA,12303,84.0382574101,50.0
7,Trans,NA,12309,96.707109809,50.0
7,Trans,NA,12310,30.8997170679,50.0
7,Trans,NA,12314,65.743930885,50.0
7,Trans,NA,12315,322.590585809,50.0
7,Trans,NA,12368,171.796202251,50.0
7,Trans,NA,12397,152.034691593,50.0
7,Trans,NA,12424,69.6556656422,50.0
7,Trans,NA,12425,51.532889307,50.0
7,Trans,NA,12468,76.9636354412,50.0
7,Trans,NA,12377,13.3618019651,50.0
7,Trans,NA,12378,84.4206171597,50.0
7,Trans,NA,12066,75.7105761342,50.0
7,Trans,NA,12064,51.9675927862,50.0
7,Trans,NA,12059,75.7222652476,50.0
7,Trans,NA,12045,259.962554518,50.0
7,Trans,NA,12029,289.305760266,50.0
7,End,NA,12085,45.4507787991,50.0
7,Taxi,NA,14867,136.248909692,50.0
7,Trans,NA,14772,631.186383242,85.0
7,Trans,NA,14771,65.743930885,50.0
7,Trans,NA,14696,64.7305953153,40.0
7,Trans,NA,14598,190.446992283,50.0
7,Trans,NA,14463,121.006023531,60.0
7,Trans,NA,14327,89.8473011154,50.0
7,Trans,NA,14326,237.728206342,50.0
7,Trans,NA,14295,71.8379396514,40.0
7,Trans,NA,14226,118.12127287,56.6666666666667
7,Trans,NA,14196,52.494725223,50.0
7,Trans,NA,14135,128.914136437,50.0
7,Trans,NA,14103,136.592349987,50.0
7,Trans,NA,14112,76.481893484,50.0
7,Trans,NA,14119,117.020136997,40.0
7,Trans,NA,14115,68.4347689209,40.0
7,Trans,NA,14116,119.34099729,50.0
7,Trans,NA,14117,110.222438148,40.0
7,Trans,NA,14056,350.956321876,60.0
7,Trans,NA,14055,118.279172455,50.0
7,Trans,NA,14053,129.717735029,50.0
7,Trans,NA,13886,40.7926413118,40.0
7,Trans,NA,13887,100.671542597,40.0
7,Trans,NA,13734,504.539564011,65.0
7,Trans,NA,13713,30.2571135295,50.0
7,Trans,NA,13514,57.6595461997,50.0
7,Trans,NA,13444,277.455653937,50.0
7,Trans,NA,13443,145.000445879,50.0
7,Trans,NA,13315,168.551195456,40.0
7,Trans,NA,13278,103.4248973,50.0
7,Trans,NA,13066,36.1797741811,40.0
7,Trans,NA,12935,154.610422142,50.0
7,Trans,NA,13003,104.234262505,50.0
7,Trans,NA,13074,182.255244531,50.0
7,Trans,NA,13072,36.2442859059,40.0
7,Trans,NA,12678,131.674454484,50.0
7,Trans,NA,12093,86.6893104921,50.0
7,Trans,NA,12094,29.4379262206,50.0
7,Trans,NA,12142,192.8282071,50.0
7,Trans,NA,12141,94.0724210621,50.0
7,Trans,NA,12177,357.577989874,66.6666666666667
7,Trans,NA,12118,214.485089276,60.0
7,Trans,NA,11956,95.5747172658,50.0
7,Trans,NA,11902,77.2890292183,50.0
7,Trans,NA,11900,28.9232836262,50.0
7,Trans,NA,11806,248.684250075,40.0
7,Trans,NA,11527,400.042965985,50.0
7,Trans,NA,11540,178.322546503,50.0
7,Trans,NA,11543,71.7354728934,50.0
7,Trans,NA,11545,64.6678721506,50.0
7,Trans,NA,11447,765.934193514,60.0
7,Trans,NA,11380,149.692335278,40.0
7,Trans,NA,11228,86.3169043988,50.0
7,Trans,NA,11117,129.482562949,50.0
7,Trans,NA,10959,261.570704297,50.0
7,Trans,NA,10978,108.569648906,40.0
7,Trans,NA,10979,80.6107815117,50.0
7,Trans,NA,11004,343.064848757,50.0
7,Trans,NA,11010,68.9112395865,60.0
7,Trans,NA,11072,136.575973266,50.0
7,Trans,NA,11189,121.405393533,50.0
7,Trans,NA,11276,48.7168632492,50.0
7,Trans,NA,11347,276.328611289,50.0
7,Trans,NA,11348,85.455157302,50.0
7,Trans,NA,11492,69.2825249618,50.0
7,Trans,NA,11569,153.293999635,50.0
7,Trans,NA,11685,217.239182128,60.0
7,Trans,NA,11686,407.900647321,60.0
7,Trans,NA,11827,88.3264457089,50.0
7,Trans,NA,11826,122.994216615,40.0
7,Trans,NA,11912,117.723827609,50.0
7,Trans,NA,11879,96.5959394678,60.0
7,Trans,NA,11881,115.57066578,50.0
7,Start,46,11881,115.57066578,50.0
7,Trans,NA,11879,96.5959394678,60.0
7,Trans,NA,11912,117.723827609,50.0
7,Trans,NA,11826,122.994216615,40.0
7,Trans,NA,11827,88.3264457089,50.0
7,Trans,NA,11686,407.900647321,60.0
7,Trans,NA,11685,217.239182128,60.0
7,Trans,NA,11569,153.293999635,50.0
7,Trans,NA,11492,69.2825249618,50.0
7,Trans,NA,11348,85.455157302,50.0
7,Trans,NA,11347,276.328611289,50.0
7,Trans,NA,11276,48.7168632492,50.0
7,Trans,NA,11189,121.405393533,50.0
7,Trans,NA,11072,136.575973266,50.0
7,Trans,NA,11010,68.9112395865,60.0
7,Trans,NA,11004,343.064848757,50.0
7,Trans,NA,10979,80.6107815117,50.0
7,Trans,NA,10978,108.569648906,40.0
7,Trans,NA,10959,261.570704297,50.0
7,Trans,NA,11117,129.482562949,50.0
7,Trans,NA,11228,86.3169043988,50.0
7,Trans,NA,11380,149.692335278,40.0
7,Trans,NA,11447,765.934193514,60.0
7,Trans,NA,11545,64.6678721506,50.0
7,Trans,NA,11543,71.7354728934,50.0
7,Trans,NA,11540,178.322546503,50.0
7,Trans,NA,11527,400.042965985,50.0
7,Trans,NA,11806,248.684250075,40.0
7,Trans,NA,11900,28.9232836262,50.0
7,Trans,NA,11902,77.2890292183,50.0
7,Trans,NA,11956,95.5747172658,50.0
7,Trans,NA,12118,214.485089276,60.0
7,Trans,NA,12177,357.577989874,66.6666666666667
7,Trans,NA,12141,94.0724210621,50.0
7,Trans,NA,12142,192.8282071,50.0
7,Trans,NA,12094,29.4379262206,50.0
7,Trans,NA,12093,86.6893104921,50.0
7,Trans,NA,12678,131.674454484,50.0
7,Trans,NA,13072,36.2442859059,40.0
7,Trans,NA,13074,182.255244531,50.0
7,Trans,NA,13003,104.234262505,50.0
7,Trans,NA,12935,154.610422142,50.0
7,Trans,NA,13066,36.1797741811,40.0
7,Trans,NA,13278,103.4248973,50.0
7,Trans,NA,13315,168.551195456,40.0
7,Trans,NA,13443,145.000445879,50.0
7,Trans,NA,13444,277.455653937,50.0
7,Trans,NA,13514,57.6595461997,50.0
7,Trans,NA,13713,30.2571135295,50.0
7,Trans,NA,13734,504.539564011,65.0
7,Trans,NA,13887,100.671542597,40.0
7,Trans,NA,13886,40.7926413118,40.0
7,Trans,NA,14053,129.717735029,50.0
7,Trans,NA,14055,118.279172455,50.0
7,Trans,NA,14056,350.956321876,60.0
7,Trans,NA,14117,110.222438148,40.0
7,Trans,NA,14116,119.34099729,50.0
7,Trans,NA,14115,68.4347689209,40.0
7,Trans,NA,14119,117.020136997,40.0
7,Trans,NA,14112,76.481893484,50.0
7,Trans,NA,14103,136.592349987,50.0
7,Trans,NA,14135,128.914136437,50.0
7,Trans,NA,14196,52.494725223,50.0
7,Trans,NA,14226,118.12127287,56.6666666666667
7,Trans,NA,14295,71.8379396514,40.0
7,Trans,NA,14326,237.728206342,50.0
7,Trans,NA,14327,89.8473011154,50.0
7,Trans,NA,14463,121.006023531,60.0
7,Trans,NA,14598,190.446992283,50.0
7,Trans,NA,14696,64.7305953153,40.0
7,Trans,NA,14771,65.743930885,50.0
7,Trans,NA,14772,631.186383242,85.0
7,End,NA,14867,136.248909692,50.0
8,Taxi,NA,12265,54.573552498,40.0
8,Trans,NA,12264,306.580396998,50.0
8,Trans,NA,12293,97.6455141342,50.0
8,Trans,NA,12294,76.1171718122,50.0
8,Trans,NA,12196,340.915576212,60.0
8,Trans,NA,11957,70.1004168802,50.0
8,Trans,NA,11819,70.1405526418,50.0
8,Trans,NA,11748,260.997289183,60.0
8,Trans,NA,11533,97.066174656,40.0
8,Trans,NA,11534,243.401441336,50.0
8,Trans,NA,11412,108.279259191,50.0
8,Trans,NA,11042,99.9745015674,40.0
8,Trans,NA,10989,185.952351781,50.0
8,Trans,NA,10988,183.409060382,50.0
8,Trans,NA,10948,457.431581931,40.0
8,Trans,NA,10692,257.83637399,60.0
8,Trans,NA,10333,53.7518207189,40.0
8,Trans,NA,10338,293.706241591,50.0
8,Trans,NA,10178,62.9876698933,40.0
8,Trans,NA,10179,114.596447228,50.0
8,Trans,NA,9947,237.569283595,50.0
8,Trans,NA,9754,90.2280100755,50.0
8,Trans,NA,9755,135.668547233,50.0
8,Trans,NA,9657,65.3767752465,40.0
8,Trans,NA,9582,144.818144057,60.0
8,Trans,NA,9661,96.5332429611,50.0
8,Trans,NA,9668,187.508367754,60.0
8,Trans,NA,9700,350.113118771,50.0
8,Trans,NA,9199,149.89532329,50.0
8,Trans,NA,9198,71.9213084943,50.0
8,Trans,NA,9005,386.2263951,63.3333333333333
8,Trans,NA,8691,131.780674499,40.0
8,Trans,NA,8375,75.5299737939,40.0
8,Trans,NA,7421,211.999463192,50.0
8,Trans,NA,7420,37.3702571404,50.0
8,Trans,NA,7057,104.738692925,50.0
8,Trans,NA,6747,669.95408926,50.0
8,Trans,NA,6068,69.7409267272,40.0
8,Trans,NA,5822,233.427107073,50.0
8,Trans,NA,5608,71.5787203376,50.0
8,Trans,NA,5498,295.940674925,50.0
8,Trans,NA,5457,123.412684768,50.0
8,Trans,NA,5266,66.9152989869,50.0
8,Trans,NA,4983,40.0939973575,50.0
8,Trans,NA,4768,182.350773726,50.0
8,Trans,NA,4588,209.4342184,50.0
8,Trans,NA,4455,71.4335790153,50.0
8,Trans,NA,4363,473.55358299,50.0
8,Trans,NA,3899,120.139024635,50.0
8,Trans,NA,3639,173.861442649,40.0
8,Trans,NA,3603,136.568076045,50.0
8,Trans,NA,3461,75.4480262118,50.0
8,Trans,NA,3268,45.1422191546,50.0
8,Trans,NA,3226,57.6210066437,50.0
8,Trans,NA,3225,72.11423745,84.0
8,Trans,NA,3184,173.918903645,50.0
8,Trans,NA,3129,157.294532511,50.0
8,Trans,NA,3096,168.059125387,60.0
8,Trans,NA,2981,86.4101451187,40.0
8,Trans,NA,2890,61.5204697605,50.0
8,Trans,NA,2801,214.609158944,50.0
8,Trans,NA,2800,71.797585503,40.0
8,Trans,NA,2751,71.3425792304,40.0
8,Trans,NA,2549,96.0949428371,50.0
8,Trans,NA,2550,65.2989556468,50.0
8,Trans,NA,2479,72.6074076786,60.0
8,Trans,NA,2433,101.51036802,50.0
8,Trans,NA,2379,221.153415906,50.0
8,Trans,NA,2278,137.02607948,50.0
8,Trans,NA,2277,90.8260406806,50.0
8,Trans,NA,2177,244.275471589,50.0
8,Trans,NA,2038,339.24219485,50.0
8,Trans,NA,1887,124.705716047,50.0
8,Trans,NA,1605,164.366930949,50.0
8,Trans,NA,1604,78.8757370873,50.0
8,Trans,NA,1067,159.53273049,50.0
8,Trans,NA,884,177.017159897,56.6666666666667
8,Trans,NA,736,64.6211736586,50.0
8,Trans,NA,754,175.33151225,50.0
8,Trans,NA,769,76.7022212298,50.0
8,Trans,NA,770,74.845087636,50.0
8,Trans,NA,824,279.544893265,50.0
8,Trans,NA,840,192.451792731,50.0
8,Trans,NA,841,75.6338317051,50.0
8,Trans,NA,857,90.8261073201,40.0
8,Trans,NA,855,211.750017814,60.0
8,Trans,NA,853,64.5866160454,50.0
8,Trans,NA,854,69.3092316642,50.0
8,Trans,NA,860,76.380576794,50.0
8,Trans,NA,852,120.255446949,50.0
8,Trans,NA,789,72.8966662155,40.0
8,Trans,NA,724,79.272347435,50.0
8,Trans,NA,686,161.469551045,50.0
8,Trans,NA,638,59.7163562138,50.0
8,Trans,NA,605,72.6411574447,50.0
8,Trans,NA,565,72.2262487216,50.0
8,Trans,NA,528,142.33614932,40.0
8,Trans,NA,498,46.2876422356,50.0
8,Trans,NA,499,82.8785292114,50.0
8,Trans,NA,447,380.212740065,50.0
8,Trans,NA,396,547.746047968,65.0
8,Trans,NA,385,144.385242526,50.0
8,Trans,NA,373,353.096681521,50.0
8,Trans,NA,361,195.354927644,50.0
8,Trans,NA,347,85.0026754901,50.0
8,Trans,NA,339,68.4538902709,50.0
8,Trans,NA,323,29.1327644877,50.0
8,Trans,NA,319,78.7111011062,50.0
8,Trans,NA,311,65.7035236062,50.0
8,Trans,NA,301,137.502845785,50.0
8,Trans,NA,282,265.855908008,50.0
8,Trans,NA,281,90.7631056311,50.0
8,Trans,NA,252,40.7389110828,50.0
8,Trans,NA,253,104.412322727,50.0
8,Trans,NA,208,57.9323705838,50.0
8,Trans,NA,228,49.0583699404,40.0
8,Trans,NA,229,51.6218877801,50.0
8,Trans,NA,174,64.2450636216,50.0
8,Trans,NA,173,163.659891498,40.0
8,Trans,NA,140,198.031677068,50.0
8,Trans,NA,88,60.6825786092,50.0
8,Trans,NA,87,97.6527846992,50.0
8,Trans,NA,78,343.899720892,50.0
8,Trans,NA,69,195.807369382,50.0
8,Trans,NA,50,80.6316329893,50.0
8,Trans,NA,111,60.5261147758,50.0
8,Trans,NA,89,103.435946099,50.0
8,Trans,NA,90,112.700643218,50.0
8,Trans,NA,76,146.597338812,40.0
8,Trans,NA,94,170.55150727,65.0
8,Trans,NA,71,60.6223525093,50.0
8,Trans,NA,125,38.771700442,50.0
8,Trans,NA,126,225.824213945,50.0
8,Trans,NA,117,129.692655367,50.0
8,Trans,NA,109,106.632595925,40.0
8,Trans,NA,100,103.842182385,50.0
8,Start,39,100,103.842182385,50.0
8,Trans,NA,109,106.632595925,40.0
8,Trans,NA,117,129.692655367,50.0
8,Trans,NA,126,225.824213945,50.0
8,Trans,NA,125,38.771700442,50.0
8,Trans,NA,71,60.6223525093,50.0
8,Trans,NA,94,170.55150727,65.0
8,Trans,NA,76,146.597338812,40.0
8,Trans,NA,90,112.700643218,50.0
8,Trans,NA,89,103.435946099,50.0
8,Trans,NA,111,60.5261147758,50.0
8,Trans,NA,50,80.6316329893,50.0
8,Trans,NA,69,195.807369382,50.0
8,Trans,NA,78,343.899720892,50.0
8,Trans,NA,87,97.6527846992,50.0
8,Trans,NA,88,60.6825786092,50.0
8,Trans,NA,140,198.031677068,50.0
8,Trans,NA,173,163.659891498,40.0
8,Trans,NA,174,64.2450636216,50.0
8,Trans,NA,229,51.6218877801,50.0
8,Trans,NA,228,49.0583699404,40.0
8,Trans,NA,208,57.9323705838,50.0
8,Trans,NA,253,104.412322727,50.0
8,Trans,NA,252,40.7389110828,50.0
8,Trans,NA,281,90.7631056311,50.0
8,Trans,NA,282,265.855908008,50.0
8,Trans,NA,301,137.502845785,50.0
8,Trans,NA,311,65.7035236062,50.0
8,Trans,NA,319,78.7111011062,50.0
8,Trans,NA,323,29.1327644877,50.0
8,Trans,NA,339,68.4538902709,50.0
8,Trans,NA,347,85.0026754901,50.0
8,Trans,NA,361,195.354927644,50.0
8,Trans,NA,373,353.096681521,50.0
8,Trans,NA,385,144.385242526,50.0
8,Trans,NA,396,547.746047968,65.0
8,Trans,NA,447,380.212740065,50.0
8,Trans,NA,499,82.8785292114,50.0
8,Trans,NA,498,46.2876422356,50.0
8,Trans,NA,528,142.33614932,40.0
8,Trans,NA,565,72.2262487216,50.0
8,Trans,NA,605,72.6411574447,50.0
8,Trans,NA,638,59.7163562138,50.0
8,Trans,NA,686,161.469551045,50.0
8,Trans,NA,724,79.272347435,50.0
8,Trans,NA,789,72.8966662155,40.0
8,Trans,NA,965,152.215309849,50.0
8,Trans,NA,964,216.184514975,60.0
8,Trans,NA,1060,83.8684164012,40.0
8,Trans,NA,1059,224.943159207,50.0
8,Trans,NA,1079,160.157408218,50.0
8,Trans,NA,1244,112.051746664,50.0
8,Trans,NA,1243,62.3593306244,50.0
8,Trans,NA,1238,111.313895082,50.0
8,Trans,NA,1263,45.129692976,50.0
8,Trans,NA,1281,185.69273166,50.0
8,Trans,NA,1282,66.3490977341,40.0
8,Trans,NA,1295,92.9558608199,40.0
8,Trans,NA,1329,182.811372644,50.0
8,Trans,NA,1368,73.4518185039,50.0
8,Trans,NA,1418,128.441222657,50.0
8,Trans,NA,1431,57.7428899164,50.0
8,Trans,NA,1433,113.830941616,60.0
8,Trans,NA,1445,18.7414177419,50.0
8,Trans,NA,1449,97.6425296276,70.0
8,Trans,NA,1458,56.61291652,40.0
8,Trans,NA,1463,83.8958365715,40.0
8,Trans,NA,1473,74.3145576462,50.0
8,Trans,NA,1479,179.150836312,50.0
8,Trans,NA,1484,315.166831529,60.0
8,Trans,NA,1492,249.466186786,70.0
8,Trans,NA,1595,48.0093050708,50.0
8,Trans,NA,1593,122.344452237,40.0
8,Trans,NA,1668,95.1178385295,50.0
8,Trans,NA,1681,61.5132276274,50.0
8,Trans,NA,1744,80.6369070603,50.0
8,Trans,NA,1884,229.749985929,50.0
8,Trans,NA,1883,56.4335142377,50.0
8,Trans,NA,1996,86.750104323,50.0
8,Trans,NA,2072,199.745671746,40.0
8,Trans,NA,2159,114.553846954,60.0
8,Trans,NA,2272,43.0952404198,40.0
8,Trans,NA,2341,77.6006903577,50.0
8,Trans,NA,2407,62.7983502386,40.0
8,Trans,NA,2406,182.148212071,50.0
8,Trans,NA,2539,100.009527546,50.0
8,Trans,NA,3144,54.2673263263,50.0
8,Trans,NA,3251,157.462889699,50.0
8,Trans,NA,3363,128.88377458,50.0
8,Trans,NA,3364,153.967217412,50.0
8,Trans,NA,3806,54.130313196,50.0
8,Trans,NA,3807,30.4929464695,84.0
8,Trans,NA,3854,283.713970687,84.0
8,Trans,NA,4127,127.621434409,50.0
8,Trans,NA,4239,75.8299683713,50.0
8,Trans,NA,4449,92.0428382663,50.0
8,Trans,NA,4448,124.198932034,40.0
8,Trans,NA,5008,65.3149403458,40.0
8,Trans,NA,5179,68.5105936189,50.0
8,Trans,NA,5329,110.59657394,40.0
8,Trans,NA,5514,251.180506503,50.0
8,Trans,NA,5762,82.2653419092,50.0
8,Trans,NA,5761,123.879586033,50.0
8,Trans,NA,6339,466.654147242,70.0
8,Trans,NA,6370,119.726268299,50.0
8,Trans,NA,6559,59.7720788276,50.0
8,Trans,NA,7051,160.986186007,40.0
8,Trans,NA,7352,108.419950217,50.0
8,Trans,NA,7677,259.292945501,50.0
8,Trans,NA,7770,243.041162714,50.0
8,Trans,NA,7771,145.908181222,50.0
8,Trans,NA,7891,134.199693155,50.0
8,Trans,NA,7908,46.5941944156,50.0
8,Trans,NA,7965,90.5334562195,50.0
8,Trans,NA,8055,47.3968598037,50.0
8,Trans,NA,8056,97.4811061995,50.0
8,Trans,NA,8181,76.9325066196,50.0
8,Trans,NA,8673,160.329937844,50.0
8,Trans,NA,8672,353.247426902,70.0
8,Trans,NA,9183,49.4484135069,60.0
8,Trans,NA,9757,137.13942894,50.0
8,Trans,NA,9532,99.4930958366,50.0
8,Trans,NA,9171,304.857438407,60.0
8,Trans,NA,9418,97.5632261856,50.0
8,Trans,NA,9419,121.134721635,50.0
8,Trans,NA,9622,114.501864998,50.0
8,Trans,NA,9623,76.8177959422,50.0
8,Trans,NA,9325,142.295926423,40.0
8,Trans,NA,9225,71.5533137847,40.0
8,Trans,NA,9145,143.78844638,40.0
8,Trans,NA,8973,62.2151859328,40.0
8,Trans,NA,8974,68.0194590456,40.0
8,Trans,NA,8862,62.8435748144,50.0
8,Trans,NA,8770,76.8395519527,50.0
8,Trans,NA,8801,217.865542214,63.3333333333333
8,End,NA,8891,359.976336896,50.0
9,Taxi,NA,11875,140.993945016,40.0
9,Trans,NA,11937,229.301127979,50.0
9,Trans,NA,11999,110.732600476,50.0
9,Trans,NA,12020,672.404757326,50.0
9,Trans,NA,12022,77.9965925957,50.0
9,Trans,NA,12162,52.5141433078,50.0
9,Trans,NA,12247,175.208545896,50.0
9,Trans,NA,12248,128.183077915,40.0
9,Trans,NA,12197,111.738130729,40.0
9,Trans,NA,12198,161.884967446,70.0
9,Trans,NA,11998,37.6955353182,40.0
9,Trans,NA,11997,238.503967725,40.0
9,Trans,NA,11810,187.172536313,50.0
9,Trans,NA,11443,66.2937267205,50.0
9,Trans,NA,11167,137.312161819,50.0
9,Trans,NA,11096,150.127574439,50.0
9,Trans,NA,10772,149.656662011,50.0
9,Trans,NA,10388,101.190936556,60.0
9,Trans,NA,10190,247.190972638,40.0
9,Trans,NA,10014,125.139534685,50.0
9,Trans,NA,9811,264.300986332,65.0
9,Trans,NA,9812,58.1977089696,50.0
9,Trans,NA,9509,32.9709591718,50.0
9,Trans,NA,9373,88.6150064327,50.0
9,Trans,NA,9353,75.0522655617,50.0
9,Trans,NA,9279,251.928503045,50.0
9,Trans,NA,9264,202.458899283,50.0
9,Trans,NA,9263,63.4597353144,60.0
9,Trans,NA,9260,6.67279382378,50.0
9,Trans,NA,9254,278.050264651,50.0
9,Trans,NA,9244,198.994545846,56.6666666666667
9,Trans,NA,9815,326.670745109,50.0
9,Trans,NA,9763,125.872381308,50.0
9,Trans,NA,9928,280.193986845,50.0
9,Trans,NA,9967,127.192839937,50.0
9,Trans,NA,9968,64.9811169946,40.0
9,Start,35,9968,64.9811169946,40.0
9,Trans,NA,9967,127.192839937,50.0
9,Trans,NA,9928,280.193986845,50.0
9,Trans,NA,9763,125.872381308,50.0
9,Trans,NA,9815,326.670745109,50.0
9,Trans,NA,9244,198.994545846,56.6666666666667
9,Trans,NA,9246,326.486388561,50.0
9,Trans,NA,8980,70.4050638333,50.0
9,Trans,NA,8565,99.5782162275,50.0
9,Trans,NA,8566,100.68727207,50.0
9,Trans,NA,8466,68.9889952431,50.0
9,Trans,NA,8389,216.748323732,70.0
9,Trans,NA,8238,33.8928873327,50.0
9,Trans,NA,8030,73.5144022936,50.0
9,Trans,NA,7903,183.844280674,50.0
9,Trans,NA,7533,63.7687924226,40.0
9,Trans,NA,7530,259.302461245,50.0
9,Trans,NA,7418,28.9296838581,50.0
9,Trans,NA,7092,71.7286532744,50.0
9,Trans,NA,6647,136.709631321,50.0
9,Trans,NA,6081,77.6612603929,50.0
9,Trans,NA,5386,256.442251444,50.0
9,Trans,NA,5234,84.5541109136,50.0
9,Trans,NA,5156,141.173464655,50.0
9,Trans,NA,5112,241.411715182,50.0
9,Trans,NA,5062,283.214574062,50.0
9,Trans,NA,4974,71.284233097,40.0
9,Trans,NA,4859,197.487551461,50.0
9,Trans,NA,4737,37.0332663708,50.0
9,Trans,NA,4552,105.820331102,50.0
9,Trans,NA,4452,93.6602248544,50.0
9,Trans,NA,4281,291.756210419,50.0
9,Trans,NA,4280,44.6559598099,50.0
9,Trans,NA,4094,82.5167100307,50.0
9,Trans,NA,3832,72.8297462718,50.0
9,Trans,NA,3597,179.872572865,82.0
9,Trans,NA,3596,509.610287848,50.0
9,Trans,NA,3362,166.649808436,50.0
9,Trans,NA,3136,43.0115503571,50.0
9,Trans,NA,3069,76.9751364064,50.0
9,Trans,NA,2879,72.1237719804,50.0
9,Trans,NA,2993,71.0627467895,40.0
9,Trans,NA,3003,131.879898453,60.0
9,Trans,NA,3004,794.200179977,70.0
9,Trans,NA,3020,188.300796681,50.0
9,Trans,NA,3036,51.716469385,50.0
9,Trans,NA,3049,131.291014009,63.3333333333333
9,Trans,NA,3048,572.733696362,50.0
9,Trans,NA,3072,69.5432168397,40.0
9,Trans,NA,3096,168.059125387,60.0
9,Trans,NA,3129,157.294532511,50.0
9,Trans,NA,3184,173.918903645,50.0
9,Trans,NA,3225,72.11423745,84.0
9,Trans,NA,3226,57.6210066437,50.0
9,Trans,NA,3268,45.1422191546,50.0
9,Trans,NA,3461,75.4480262118,50.0
9,Trans,NA,3603,136.568076045,50.0
9,Trans,NA,3639,173.861442649,40.0
9,Trans,NA,3899,120.139024635,50.0
9,Trans,NA,3898,64.8678996336,40.0
9,Trans,NA,3717,78.4536206597,50.0
9,Trans,NA,3267,236.681133543,60.0
9,Trans,NA,3197,41.551703645,40.0
9,Trans,NA,3147,409.883473829,65.0
9,Trans,NA,3109,87.7896613261,50.0
9,Trans,NA,3152,129.099563906,50.0
9,Trans,NA,3122,102.313442536,60.0
9,Trans,NA,3120,95.9733353895,50.0
9,Trans,NA,3112,70.4175419497,50.0
9,Trans,NA,2927,105.0790131,50.0
9,Trans,NA,2926,61.2105307097,50.0
9,Trans,NA,2851,58.0464061848,40.0
9,Trans,NA,2843,67.106089053,40.0
9,Trans,NA,2882,92.4720629587,50.0
9,Trans,NA,2883,68.4821572942,50.0
9,Trans,NA,2709,187.927078965,40.0
9,Trans,NA,2659,66.5297398232,40.0
9,Trans,NA,2657,70.4747045315,50.0
9,Trans,NA,2539,100.009527546,50.0
9,Trans,NA,3144,54.2673263263,50.0
9,Trans,NA,3251,157.462889699,50.0
9,Trans,NA,3363,128.88377458,50.0
9,Trans,NA,3364,153.967217412,50.0
9,Trans,NA,3806,54.130313196,50.0
9,Trans,NA,3807,30.4929464695,84.0
9,Trans,NA,3854,283.713970687,84.0
9,Trans,NA,4127,127.621434409,50.0
9,Trans,NA,4239,75.8299683713,50.0
9,Trans,NA,4449,92.0428382663,50.0
9,Trans,NA,4531,110.923614328,50.0
9,Trans,NA,4622,195.898175062,50.0
9,Trans,NA,4776,452.88790087,50.0
9,Trans,NA,4775,100.675838391,50.0
9,Trans,NA,5021,153.112618976,50.0
9,Trans,NA,5037,69.0495384474,50.0
9,Trans,NA,5115,230.614238187,50.0
9,Trans,NA,5116,118.815650424,50.0
9,Trans,NA,5184,89.0863839238,50.0
9,End,NA,5254,85.247371984,50.0
10,Taxi,NA,3002,41.294863731,50.0
10,Trans,NA,2847,259.587454977,60.0
10,Trans,NA,2846,98.2909261971,40.0
10,Trans,NA,2816,419.752683547,50.0
10,Trans,NA,2898,69.0126988245,50.0
10,Trans,NA,2822,161.96762046,50.0
10,Trans,NA,2767,77.0646873781,50.0
10,Trans,NA,2718,71.2126667433,50.0
10,Trans,NA,2567,170.766241962,50.0
10,Trans,NA,2475,215.678603526,60.0
10,Trans,NA,2474,116.123798979,60.0
10,Trans,NA,2354,116.708862137,40.0
10,Trans,NA,2330,54.340588706,50.0
10,Trans,NA,2331,224.120835285,50.0
10,Trans,NA,2321,107.364165186,50.0
10,Trans,NA,2469,208.000776296,63.3333333333333
10,Trans,NA,2444,359.655435069,60.0
10,Trans,NA,2450,306.505909872,70.0
10,Trans,NA,2443,42.9361637111,50.0
10,Trans,NA,2442,62.5637726742,50.0
10,Trans,NA,2414,279.718352863,50.0
10,Trans,NA,2517,72.6122120663,50.0
10,Trans,NA,2572,124.137855175,50.0
10,Trans,NA,2658,159.112629787,50.0
10,Trans,NA,2657,70.4747045315,50.0
10,Trans,NA,2539,100.009527546,50.0
10,Trans,NA,3144,54.2673263263,50.0
10,Trans,NA,3251,157.462889699,50.0
10,Trans,NA,3363,128.88377458,50.0
10,Trans,NA,3364,153.967217412,50.0
10,Trans,NA,3524,273.723522974,50.0
10,Trans,NA,3494,34.3451286057,50.0
10,Trans,NA,3370,49.016583758,84.0
10,Trans,NA,3314,39.9212382491,50.0
10,Trans,NA,3313,260.295455522,60.0
10,Trans,NA,3348,248.961539502,50.0
10,Trans,NA,3748,316.855115187,50.0
10,Trans,NA,3697,51.391048632,40.0
10,Trans,NA,3513,62.2745943763,50.0
10,Trans,NA,3477,46.6747929471,50.0
10,Trans,NA,3451,143.293251876,50.0
10,Trans,NA,3432,86.5369163275,50.0
10,Trans,NA,3431,66.2631953979,50.0
10,Trans,NA,3366,220.888739938,50.0
10,Trans,NA,3369,76.9746508106,65.0
10,Trans,NA,3355,45.7073984504,40.0
10,Trans,NA,3354,110.862377022,60.0
10,Trans,NA,3310,82.5386518284,50.0
10,Trans,NA,3291,41.7758883236,40.0
10,Start,44,3291,41.7758883236,40.0
10,Trans,NA,3310,82.5386518284,50.0
10,Trans,NA,3354,110.862377022,60.0
10,Trans,NA,3355,45.7073984504,40.0
10,Trans,NA,3369,76.9746508106,65.0
10,Trans,NA,3366,220.888739938,50.0
10,Trans,NA,3431,66.2631953979,50.0
10,Trans,NA,3432,86.5369163275,50.0
10,Trans,NA,3451,143.293251876,50.0
10,Trans,NA,3477,46.6747929471,50.0
10,Trans,NA,3513,62.2745943763,50.0
10,Trans,NA,3697,51.391048632,40.0
10,Trans,NA,3748,316.855115187,50.0
10,Trans,NA,3348,248.961539502,50.0
10,Trans,NA,3313,260.295455522,60.0
10,Trans,NA,3314,39.9212382491,50.0
10,Trans,NA,3370,49.016583758,84.0
10,Trans,NA,3494,34.3451286057,50.0
10,Trans,NA,3524,273.723522974,50.0
10,Trans,NA,3806,54.130313196,50.0
10,Trans,NA,3807,30.4929464695,84.0
10,Trans,NA,3854,283.713970687,84.0
10,Trans,NA,4127,127.621434409,50.0
10,Trans,NA,4239,75.8299683713,50.0
10,Trans,NA,4449,92.0428382663,50.0
10,Trans,NA,4448,124.198932034,40.0
10,Trans,NA,5008,65.3149403458,40.0
10,Trans,NA,5179,68.5105936189,50.0
10,Trans,NA,5329,110.59657394,40.0
10,Trans,NA,5514,251.180506503,50.0
10,Trans,NA,5762,82.2653419092,50.0
10,Trans,NA,5761,123.879586033,50.0
10,Trans,NA,6339,466.654147242,70.0
10,Trans,NA,6370,119.726268299,50.0
10,Trans,NA,6559,59.7720788276,50.0
10,Trans,NA,7051,160.986186007,40.0
10,Trans,NA,7352,108.419950217,50.0
10,Trans,NA,7677,259.292945501,50.0
10,Trans,NA,7770,243.041162714,50.0
10,Trans,NA,7771,145.908181222,50.0
10,Trans,NA,7891,134.199693155,50.0
10,Trans,NA,7908,46.5941944156,50.0
10,Trans,NA,7965,90.5334562195,50.0
10,Trans,NA,8055,47.3968598037,50.0
10,Trans,NA,8056,97.4811061995,50.0
10,Trans,NA,8181,76.9325066196,50.0
10,Trans,NA,8673,160.329937844,50.0
10,Trans,NA,8672,353.247426902,70.0
10,Trans,NA,9183,49.4484135069,60.0
10,Trans,NA,9757,137.13942894,50.0
10,Trans,NA,9532,99.4930958366,50.0
10,Trans,NA,9171,304.857438407,60.0
10,Trans,NA,9418,97.5632261856,50.0
10,Trans,NA,9419,121.134721635,50.0
10,Trans,NA,9622,114.501864998,50.0
10,Trans,NA,9623,76.8177959422,50.0
10,Trans,NA,9325,142.295926423,40.0
10,Trans,NA,9224,157.899494684,50.0
10,Trans,NA,9107,200.103149285,60.0
10,Trans,NA,9217,179.590326308,50.0
10,Trans,NA,9137,54.2277680827,40.0
10,Trans,NA,9053,68.6579257257,40.0
10,Trans,NA,9130,332.212767988,60.0
10,Trans,NA,8858,111.827154086,70.0
10,Trans,NA,8860,132.545018364,50.0
10,Trans,NA,8727,54.2346095875,50.0
10,Trans,NA,8574,167.322888705,40.0
10,Trans,NA,8744,77.8070944048,50.0
10,Trans,NA,8822,53.7188971361,40.0
10,Trans,NA,8880,124.289426109,40.0
10,End,NA,8881,127.682595095,60.0
10,Taxi,NA,2711,136.584508471,40.0
10,Trans,NA,2694,30.7596556888,50.0
10,Trans,NA,2687,35.4963526678,50.0
10,Trans,NA,2683,86.4969475496,50.0
10,Trans,NA,2681,63.1372200525,50.0
10,Trans,NA,2682,132.440076817,50.0
10,Trans,NA,2591,75.7574315815,50.0
10,Trans,NA,2590,169.413263357,70.0
10,Trans,NA,2559,200.300065103,50.0
10,Trans,NA,2535,39.9331370229,50.0
10,Trans,NA,2503,239.403819558,50.0
10,Trans,NA,2470,107.843106864,50.0
10,Trans,NA,2468,154.156408679,50.0
10,Trans,NA,2462,54.976111754,50.0
10,Trans,NA,2452,35.1916737029,40.0
10,Trans,NA,2451,304.042141515,40.0
10,Trans,NA,2354,116.708862137,40.0
10,Trans,NA,2330,54.340588706,50.0
10,Trans,NA,2331,224.120835285,50.0
10,Trans,NA,2301,40.2934239988,50.0
10,Trans,NA,2243,74.5655603263,50.0
10,Trans,NA,2166,217.801006931,50.0
10,Trans,NA,2004,56.2768876502,50.0
10,Trans,NA,1903,291.640815189,50.0
10,Trans,NA,1846,65.9838568443,40.0
10,Trans,NA,1754,152.014055602,50.0
10,Trans,NA,1755,60.7515597278,50.0
10,Trans,NA,1676,58.1449917657,50.0
10,Trans,NA,1625,196.41263407,50.0
10,Trans,NA,1572,98.0610243054,50.0
10,Trans,NA,1550,150.476704229,50.0
10,Trans,NA,1551,42.3008044382,50.0
10,Trans,NA,1535,57.3774012695,40.0
10,Trans,NA,1500,73.2586907498,40.0
10,Trans,NA,1501,74.021851407,50.0
10,Trans,NA,1478,35.9011626024,50.0
10,Trans,NA,1469,84.5539781095,50.0
10,Trans,NA,1437,111.501229879,60.0
10,Trans,NA,1426,219.584283857,65.0
10,Trans,NA,1425,99.4338426637,50.0
10,Trans,NA,1387,98.4912447843,70.0
10,Trans,NA,1202,423.816584703,50.0
10,Trans,NA,1201,49.0562946473,50.0
10,Trans,NA,1604,78.8757370873,50.0
10,Trans,NA,1605,164.366930949,50.0
10,Trans,NA,1887,124.705716047,50.0
10,Trans,NA,2038,339.24219485,50.0
10,Trans,NA,1997,98.5618469922,50.0
10,Trans,NA,1992,70.2601409798,40.0
10,Trans,NA,1986,195.805767726,50.0
10,Trans,NA,1987,580.472260216,50.0
10,Trans,NA,1999,58.5704971235,50.0
10,Trans,NA,2041,70.4823723939,50.0
10,Trans,NA,2083,83.3758655404,60.0
10,Trans,NA,2085,145.832579236,65.0
10,Trans,NA,2076,310.207682694,50.0
10,Trans,NA,2077,88.0073460795,40.0
10,Trans,NA,2319,235.777825836,60.0
10,Trans,NA,2415,146.784975009,40.0
10,Trans,NA,2636,125.427755299,40.0
10,Trans,NA,2637,287.077068196,60.0
10,Trans,NA,3069,76.9751364064,50.0
10,Trans,NA,3136,43.0115503571,50.0
10,Trans,NA,3362,166.649808436,50.0
10,Trans,NA,3596,509.610287848,50.0
10,Trans,NA,3597,179.872572865,82.0
10,Trans,NA,3832,72.8297462718,50.0
10,Trans,NA,4094,82.5167100307,50.0
10,Trans,NA,4280,44.6559598099,50.0
10,Trans,NA,4281,291.756210419,50.0
10,Trans,NA,4452,93.6602248544,50.0
10,Trans,NA,4552,105.820331102,50.0
10,Trans,NA,4737,37.0332663708,50.0
10,Trans,NA,4859,197.487551461,50.0
10,Trans,NA,4974,71.284233097,40.0
10,Trans,NA,5062,283.214574062,50.0
10,Trans,NA,5112,241.411715182,50.0
10,Trans,NA,5156,141.173464655,50.0
10,Trans,NA,5234,84.5541109136,50.0
10,Trans,NA,5386,256.442251444,50.0
10,Trans,NA,6081,77.6612603929,50.0
10,Trans,NA,6647,136.709631321,50.0
10,Trans,NA,7264,86.3951924753,50.0
10,Trans,NA,7631,68.4789149272,50.0
10,Trans,NA,8143,266.765047187,63.3333333333333
10,Trans,NA,8390,41.7480235869,50.0
10,Trans,NA,9098,401.339972583,60.0
10,Trans,NA,9953,54.7917314253,50.0
10,Trans,NA,9954,138.703928113,50.0
10,Trans,NA,10396,141.348329944,50.0
10,Trans,NA,10755,109.000773668,50.0
10,Trans,NA,11139,78.8791265777,50.0
10,Trans,NA,11438,67.8769404054,50.0
10,Trans,NA,11801,137.077377777,50.0
10,Trans,NA,12106,142.705932861,50.0
10,Trans,NA,12270,309.654446017,50.0
10,Trans,NA,12421,201.084861632,50.0
10,Trans,NA,12727,93.4142581613,50.0
10,Trans,NA,12728,626.257593336,50.0
10,Trans,NA,12949,93.1764614047,60.0
10,Trans,NA,13191,129.860045497,40.0
10,Trans,NA,13285,78.6380873848,50.0
10,Trans,NA,13325,148.035543571,40.0
10,Trans,NA,13326,68.8523235787,50.0
10,Trans,NA,13563,148.882592716,50.0
10,Trans,NA,13606,108.414935749,40.0
10,Trans,NA,13677,129.354330719,50.0
10,Trans,NA,13901,214.937432426,50.0
10,Trans,NA,13900,46.8370033463,50.0
10,Trans,NA,14175,190.602392325,50.0
10,Trans,NA,14249,93.3321427326,50.0
10,Trans,NA,14293,80.9943143342,40.0
10,Trans,NA,14316,70.6012315109,40.0
10,Trans,NA,14317,139.86202058,50.0
10,Trans,NA,14437,368.757879426,60.0
10,Start,46,14437,368.757879426,60.0
10,Trans,NA,14317,139.86202058,50.0
10,Trans,NA,14316,70.6012315109,40.0
10,Trans,NA,14293,80.9943143342,40.0
10,Trans,NA,14249,93.3321427326,50.0
10,Trans,NA,14175,190.602392325,50.0
10,Trans,NA,13900,46.8370033463,50.0
10,Trans,NA,13901,214.937432426,50.0
10,Trans,NA,13677,129.354330719,50.0
10,Trans,NA,13606,108.414935749,40.0
10,Trans,NA,13563,148.882592716,50.0
10,Trans,NA,13326,68.8523235787,50.0
10,Trans,NA,13325,148.035543571,40.0
10,Trans,NA,13285,78.6380873848,50.0
10,Trans,NA,13191,129.860045497,40.0
10,Trans,NA,12949,93.1764614047,60.0
10,Trans,NA,12728,626.257593336,50.0
10,Trans,NA,12727,93.4142581613,50.0
10,Trans,NA,12421,201.084861632,50.0
10,Trans,NA,12270,309.654446017,50.0
10,Trans,NA,12106,142.705932861,50.0
10,Trans,NA,11801,137.077377777,50.0
10,Trans,NA,11438,67.8769404054,50.0
10,Trans,NA,11139,78.8791265777,50.0
10,Trans,NA,10755,109.000773668,50.0
10,Trans,NA,10396,141.348329944,50.0
10,Trans,NA,9954,138.703928113,50.0
10,Trans,NA,9953,54.7917314253,50.0
10,Trans,NA,9098,401.339972583,60.0
10,Trans,NA,8390,41.7480235869,50.0
10,Trans,NA,8143,266.765047187,63.3333333333333
10,Trans,NA,7631,68.4789149272,50.0
10,Trans,NA,7264,86.3951924753,50.0
10,Trans,NA,6647,136.709631321,50.0
10,Trans,NA,6081,77.6612603929,50.0
10,Trans,NA,5386,256.442251444,50.0
10,Trans,NA,5234,84.5541109136,50.0
10,Trans,NA,5156,141.173464655,50.0
10,Trans,NA,5112,241.411715182,50.0
10,Trans,NA,5062,283.214574062,50.0
10,Trans,NA,4974,71.284233097,40.0
10,Trans,NA,4859,197.487551461,50.0
10,Trans,NA,4737,37.0332663708,50.0
10,Trans,NA,4552,105.820331102,50.0
10,Trans,NA,4452,93.6602248544,50.0
10,Trans,NA,4281,291.756210419,50.0
10,Trans,NA,4280,44.6559598099,50.0
10,Trans,NA,4094,82.5167100307,50.0
10,Trans,NA,3832,72.8297462718,50.0
10,Trans,NA,3597,179.872572865,82.0
10,Trans,NA,3596,509.610287848,50.0
10,Trans,NA,3362,166.649808436,50.0
10,Trans,NA,3136,43.0115503571,50.0
10,Trans,NA,3069,76.9751364064,50.0
10,Trans,NA,2637,287.077068196,60.0
10,Trans,NA,2636,125.427755299,40.0
10,Trans,NA,2415,146.784975009,40.0
10,Trans,NA,2319,235.777825836,60.0
10,Trans,NA,2077,88.0073460795,40.0
10,Trans,NA,2076,310.207682694,50.0
10,Trans,NA,2085,145.832579236,65.0
10,Trans,NA,2083,83.3758655404,60.0
10,Trans,NA,2041,70.4823723939,50.0
10,Trans,NA,1999,58.5704971235,50.0
10,Trans,NA,1987,580.472260216,50.0
10,Trans,NA,1986,195.805767726,50.0
10,Trans,NA,1992,70.2601409798,40.0
10,Trans,NA,1997,98.5618469922,50.0
10,Trans,NA,2038,339.24219485,50.0
10,Trans,NA,1887,124.705716047,50.0
10,Trans,NA,1605,164.366930949,50.0
10,Trans,NA,1604,78.8757370873,50.0
10,Trans,NA,1201,49.0562946473,50.0
10,Trans,NA,1202,423.816584703,50.0
10,Trans,NA,1387,98.4912447843,70.0
10,Trans,NA,1425,99.4338426637,50.0
10,Trans,NA,1426,219.584283857,65.0
10,Trans,NA,1437,111.501229879,60.0
10,Trans,NA,1469,84.5539781095,50.0
10,Trans,NA,1478,35.9011626024,50.0
10,Trans,NA,1501,74.021851407,50.0
10,Trans,NA,1500,73.2586907498,40.0
10,Trans,NA,1535,57.3774012695,40.0
10,Trans,NA,1551,42.3008044382,50.0
10,Trans,NA,1550,150.476704229,50.0
10,Trans,NA,1572,98.0610243054,50.0
10,Trans,NA,1625,196.41263407,50.0
10,Trans,NA,1676,58.1449917657,50.0
10,Trans,NA,1755,60.7515597278,50.0
10,Trans,NA,1754,152.014055602,50.0
10,Trans,NA,1846,65.9838568443,40.0
10,Trans,NA,1903,291.640815189,50.0
10,Trans,NA,2004,56.2768876502,50.0
10,Trans,NA,2166,217.801006931,50.0
10,Trans,NA,2243,74.5655603263,50.0
10,Trans,NA,2301,40.2934239988,50.0
10,Trans,NA,2331,224.120835285,50.0
10,Trans,NA,2330,54.340588706,50.0
10,Trans,NA,2354,116.708862137,40.0
10,Trans,NA,2451,304.042141515,40.0
10,Trans,NA,2452,35.1916737029,40.0
10,Trans,NA,2462,54.976111754,50.0
10,Trans,NA,2468,154.156408679,50.0
10,Trans,NA,2470,107.843106864,50.0
10,Trans,NA,2503,239.403819558,50.0
10,Trans,NA,2535,39.9331370229,50.0
10,Trans,NA,2559,200.300065103,50.0
10,Trans,NA,2590,169.413263357,70.0
10,Trans,NA,2591,75.7574315815,50.0
10,Trans,NA,2682,132.440076817,50.0
10,Trans,NA,2681,63.1372200525,50.0
10,Trans,NA,2683,86.4969475496,50.0
10,Trans,NA,2687,35.4963526678,50.0
10,Trans,NA,2694,30.7596556888,50.0
10,End,NA,2711,136.584508471,40.0
