Taxi,-77.0296216905089,38.919189631394,-77.0296789726071,38.9205065927785,LAVEROCK,84.073172,21.1346802511783
Trans,-77.0296227458746,38.9181215139789,-77.0296216905089,38.919189631394,13TH,146.428425,14.1677589319443
Trans,-77.0296236665146,38.9170067326599,-77.0296227458746,38.9181215139789,LAVEROCK,146.369431,17.5993228277926
Trans,-77.0296259068863,38.9162931819935,-77.0296236665146,38.9170067326599,LAUREL,10.401621,17.0107444636409
Trans,-77.0296237662534,38.9155813439279,-77.0296259068863,38.9162931819935,LAUREL,79.45356,12.5352475398789
Trans,-77.0296221115329,38.9140960498214,-77.0296237662534,38.9155813439279,LAUREL,132.613181,13.6458302571622
Trans,-77.0296243402659,38.9133546630091,-77.0296221115329,38.9140960498214,LAUREL,90.597631,13.2526940765875
Trans,-77.0296247242065,38.912613496142,-77.0296243402659,38.9133546630091,LAUREL,35.64064,13.8134175067607
Trans,-77.0278963360768,38.9126148077986,-77.0296247242065,38.912613496142,LOGAN,33.353435,12.9157764675188
Trans,-77.0270371095059,38.912614894936,-77.0278963360768,38.9126148077986,LOGAN,37.952185,16.8125973343568
Trans,-77.0259920093183,38.9126156726102,-77.0270371095059,38.912614894936,LOGAN,27.724418,13.7376322709078
Trans,-77.0239699514087,38.9126137627859,-77.0259920093183,38.9126156726102,R,90.642989,14.3382689115571
Trans,-77.0239691067117,38.9116228544741,-77.0239699514087,38.9126137627859,ILLINOIS,60.201435,15.3410440216367
Trans,-77.0239700300582,38.9111325212176,-77.0239691067117,38.9116228544741,ILLINOIS,179.390512,16.1749262786904
Trans,-77.0239718391669,38.9096542516475,-77.0239700300582,38.9111325212176,ILLINOIS,68.99472,15.0304315552732
Trans,-77.0239718245569,38.9085817180022,-77.0239718391669,38.9096542516475,ILLINOIS,69.315188,14.7373478517069
Trans,-77.0239650406833,38.9072516666898,-77.0239718245569,38.9085817180022,ILLINOIS,129.963052,13.8557492796774
Trans,-77.0239947660699,38.905653242024,-77.0239650406833,38.9072516666898,HILLANDALE,6.023321,13.8568701238962
Trans,-77.0240221666411,38.9041797953279,-77.0239947660699,38.905653242024,HIGHWOOD,32.048127,13.2783097850197
Trans,-77.0240452908055,38.9029362508055,-77.0240221666411,38.9041797953279,HIGHWOOD,27.06391,13.8117180780281
Trans,-77.0219213606219,38.9029466268509,-77.0240452908055,38.9029362508055,PENNSYLVANIA,97.824919,15.4429880395398
Trans,-77.0219199813837,38.902528902317,-77.0219213606219,38.9029466268509,7TH,136.428208,15.3928557899699
Trans,-77.02191731034,38.9021091426682,-77.0219199813837,38.902528902317,7TH,46.371622,12.9375703905996
Trans,-77.0219132717603,38.9008779086235,-77.02191731034,38.9021091426682,7TH,46.597337,13.4163533210981
Trans,-77.0199107987852,38.9008751237524,-77.0219132717603,38.9008779086235,14TH,134.822025,14.1734310577708
Trans,-77.0199120997696,38.8998185239841,-77.0199107987852,38.9008751237524,FOXHALL,31.58958,13.1198798470612
Trans,-77.019907952197,38.89831755085,-77.0199120997696,38.8998185239841,FOXHALL,128.389453,15.0202327159226
Trans,-77.019902895226,38.8973473272623,-77.019907952197,38.89831755085,FOXHALL,48.493901,14.2550198611807
Trans,-77.0199076651004,38.8961375260134,-77.019902895226,38.8973473272623,FOXHALL,18.097736,14.9851003120921
Trans,-77.0199069364057,38.894801765362,-77.0199076651004,38.8961375260134,FOXHALL,15.927162,14.5713139613171
Trans,-77.0199034952653,38.8944188134191,-77.0199069364057,38.894801765362,FOXHALL,32.617201,21.1440076270646
Trans,-77.0199266749712,38.893605546762,-77.0199034952653,38.8944188134191,FOXHALL,52.833203,14.3389968059074
Trans,-77.0152294304078,38.8935910239094,-77.0199266749712,38.893605546762,45TH,90.144291,16.2872212712009
Trans,-77.0152340673352,38.8920938318956,-77.0152294304078,38.8935910239094,3RD,134.56642,15.7219708955496
Trans,-77.0151835588145,38.891455415036,-77.0152340673352,38.8920938318956,3RD,166.202932,15.6805254092118
Trans,-77.0125723171822,38.8907180925773,-77.0151835588145,38.891455415036,PENNSYLVANIA,111.094295,16.6233712055989
Trans,-77.0125723171822,38.8907180925773,-77.0124009222777,38.8904271673998,TAYLOR,74.554426,27.3256219336117
Trans,-77.0125157326365,38.8897983704941,-77.0124009222777,38.8904271673998,1ST,139.694693,18.0764369346733
Trans,-77.0125157326365,38.8897983704941,-77.0123966214322,38.8892086210731,1ST,66.47665,33.2824999070496
Trans,-77.0123966214322,38.8892086210731,-77.0125855010325,38.8889266572242,GARFIELD,42.607463,37.5803877660853
Trans,-77.0125855010325,38.8889266572242,-77.0121938534788,38.8887849620773,GARFIELD,74.619642,37.5803877660853
Trans,-77.0121938534788,38.8887849620773,-77.0121539138356,38.8875714457823,1ST,134.857326,32.4996051997144
Trans,-77.0121539138356,38.8875714457823,-77.0121438917684,38.8860393041278,OLD CHAPEL,132.389418,16.9020029968945
Trans,-77.0107937056861,38.8850867039103,-77.0121438917684,38.8860393041278,WASHINGTON,158.237549,20.1193541034642
Trans,-77.0090629314709,38.885073073302,-77.0107937056861,38.8850867039103,FOLLEY,26.126077,12.7957179159006
Trans,-77.0090629314709,38.885073073302,-77.0090699079819,38.8838648202985,SOUTH CAPITOL,134.130875,15.6393369779191
Trans,-77.0090699079819,38.8838648202985,-77.0090698247353,38.8832100806378,SOUTH CAPITOL,72.681125,15.0151002408292
Trans,-77.0090698247353,38.8832100806378,-77.0090637508235,38.8823031160677,SOUTH CAPITOL,100.683402,14.5414698424199
Trans,-77.0090637508235,38.8823031160677,-77.0034488876022,38.8806402367922,VIRGINIA,130.520757,36.573575932752
Trans,-77.0034488876022,38.8806402367922,-77.0020573046138,38.8802070757857,VIRGINIA,138.204764,23.9469835625441
Trans,-77.0020573046138,38.8802070757857,-77.0005787589663,38.8797484752587,VIRGINIA,58.48452,16.1778066892582
Trans,-77.0005787589663,38.8797484752587,-76.9999877767817,38.8794951528203,VIRGINIA,68.752258,21.7145520039675
Trans,-76.9999877767817,38.8794951528203,-76.9992531671312,38.8792843619331,VIRGINIA,20.95687,25.6574468850208
Trans,-76.9992531671312,38.8792843619331,-76.9995205494366,38.8784138822388,DECATUR,132.38066,19.0850914908524
Trans,-76.9995205494366,38.8784138822388,-76.9995240127015,38.8775326810378,DECATUR,48.06644,25.2570485185611
Trans,-76.9995240127015,38.8775326810378,-76.9961894946751,38.8775375745201,L,289.343097,18.3798256492694
Trans,-76.9961894946751,38.8775375745201,-76.9949723850661,38.8775399607546,L,105.616859,15.1939244619878
Trans,-76.9949723850661,38.8775399607546,-76.9937601165209,38.8775328757479,L,105.228429,21.1156616945387
Trans,-76.9937601165209,38.8775328757479,-76.9937624758679,38.876909945266,WISCONSIN,53.474296,17.3543246032025
Trans,-76.9937624758679,38.876909945266,-76.9937717788681,38.8764821009473,JAY,79.978944,17.5425349055366
Trans,-76.9937717788681,38.8764821009473,-76.9926670013146,38.8764820368227,M,95.86425,17.1634241220816
Trans,-76.9926670013146,38.8764820368227,-76.9915359972299,38.8765053281328,M,98.21537,16.2961982469572
Trans,-76.9915359972299,38.8765053281328,-76.9902711954704,38.8764973022497,M,109.760696,15.9580084347932
Trans,-76.9902413493931,38.8773984704994,-76.9902711954704,38.8764973022497,2ND,20.8102,23.8128384290063
Trans,-76.9902413493931,38.8773984704994,-76.9796253243108,38.8776855482626,2ND,124.777031,23.0402428556683
Trans,-76.9796253243108,38.8776855482626,-76.979300795454,38.877521621158,PENNSYLVANIA,33.528925,20.336400017721
Trans,-76.979300795454,38.877521621158,-76.972950648129,38.87454051154,PENNSYLVANIA,643.180883,26.8000567610531
Trans,-76.972950648129,38.87454051154,-76.9727149467573,38.8744256688521,PENNSYLVANIA,24.110315,28.4459155173444
Trans,-76.9727149467573,38.8744256688521,-76.9714207820891,38.8738339769137,PENNSYLVANIA,130.154539,32.2528221772609
Trans,-76.9714207820891,38.8738339769137,-76.9706502938912,38.8734713828693,PENNSYLVANIA,78.076381,22.168976716784
Trans,-76.9706502938912,38.8734713828693,-76.9693413985937,38.8729437673153,PENNSYLVANIA,127.831352,22.3336901153793
Trans,-76.9693413985937,38.8729437673153,-76.9689642437322,38.8729426525621,O,32.728506,23.0739113353742
Trans,-76.9689642437322,38.8729426525621,-76.9689711098416,38.8727884305172,27TH,17.133643,22.8631368930278
Trans,-76.9689711098416,38.8727884305172,-76.9677730787108,38.872315435105,PENNSYLVANIA,116.48631,23.8920919828762
Trans,-76.9677730787108,38.872315435105,-76.9666231149577,38.8718469453096,STANTON,76.321737,26.174256265905
Trans,-76.9666231149577,38.8718469453096,-76.9647739409021,38.871094380454,51ST,58.211341,25.5690575167602
Trans,-76.9647739409021,38.871094380454,-76.9630917462783,38.8704069698878,MEMORIAL,167.030059,23.613808817157
Trans,-76.9630917462783,38.8704069698878,-76.960384819509,38.8692990391131,PENNSYLVANIA,265.157569,23.0045003871307
Trans,-76.960384819509,38.8692990391131,-76.9585672267829,38.8685611606689,PENNSYLVANIA,177.738969,23.0163885905516
Trans,-76.9585672267829,38.8685611606689,-76.9572222334516,38.868009451045,PENNSYLVANIA,131.826697,30.3570456421066
Trans,-76.9572222334516,38.868009451045,-76.9561119250919,38.8675522224693,PENNSYLVANIA,108.907122,34.4003639755057
Trans,-76.9561119250919,38.8675522224693,-76.9533106343882,38.8664113916078,PENNSYLVANIA,274.116889,37.8657796427189
Trans,-76.9533106343882,38.8664113916078,-76.9530036344189,38.8662870424246,PENNSYLVANIA,30.006511,41.036300571294
Trans,-76.9530036344189,38.8662870424246,-76.9522245623928,38.8659708912655,PENNSYLVANIA,76.177714,30.9093665980369
Trans,-76.9522245623928,38.8659708912655,-76.9513258127959,38.8656021660028,PENNSYLVANIA,88.085979,33.5155269624141
Trans,-76.9513258127959,38.8656021660028,-76.9499043261833,38.8650219633468,PENNSYLVANIA,139.166487,19.6968340223474
Trans,-76.9499043261833,38.8650219633468,-76.9475372696496,38.8640537801883,PENNSYLVANIA,231.846411,35.1223775284284
Trans,-76.9470006513878,38.8648572688624,-76.9475372696496,38.8640537801883,40TH,100.636646,19.905129805417
Start,-76.9470006513878,38.8648572688624,-76.9475372696496,38.8640537801883,40TH,100.636646,19.905129805417
Trans,-76.9475372696496,38.8640537801883,-76.9467615152338,38.863749777253,PENNSYLVANIA,75.313211,28.5354622651865
Trans,-76.9467615152338,38.863749777253,-76.9457815991996,38.8645137587579,SOUTHERN,120.104484,28.1683372943598
Trans,-76.9457815991996,38.8645137587579,-76.9446957570415,38.8653608514707,SOUTHERN,133.127059,30.2510082035349
Trans,-76.9446957570415,38.8653608514707,-76.9437024736542,38.8661357311494,SOUTHERN,121.777976,22.8133348407686
Trans,-76.9437024736542,38.8661357311494,-76.9424782210645,38.8670903867663,SOUTHERN,150.062346,21.152860879009
Trans,-76.9424782210645,38.8670903867663,-76.9413801945234,38.8679457300537,SOUTHERN,134.520427,27.8696480875073
Trans,-76.9413801945234,38.8679457300537,-76.9407861435072,38.8684098139809,SOUTHERN,72.881572,20.305467200774
Trans,-76.9407861435072,38.8684098139809,-76.9397305089468,38.8692330931313,SOUTHERN,129.401129,26.1720373382253
Trans,-76.9397305089468,38.8692330931313,-76.9395876421198,38.869344182532,SOUTHERN,17.486742,31.726189679556
Trans,-76.9395876421198,38.869344182532,-76.9389959908589,38.8698045656107,SOUTHERN,72.443241,30.5902817437648
Trans,-76.9389959908589,38.8698045656107,-76.9384024856569,38.8702679168936,SOUTHERN,72.789624,38.3538573767773
Trans,-76.9384024856569,38.8702679168936,-76.9378019412362,38.870733783733,SOUTHERN,73.419488,40.2147456234076
Trans,-76.9378019412362,38.870733783733,-76.9371631030609,38.8712311562796,SOUTHERN,78.241476,33.2606923745179
Trans,-76.9371631030609,38.8712311562796,-76.9366110875306,38.8716625408302,SOUTHERN,67.733976,30.2274851211442
Trans,-76.9366110875306,38.8716625408302,-76.9362913098699,38.8719175749838,SOUTHERN,39.647335,26.3293262740621
Trans,-76.9362913098699,38.8719175749838,-76.9360055589189,38.8721346114282,SOUTHERN,34.574476,15.8106698247341
Trans,-76.9360055589189,38.8721346114282,-76.935407289689,38.8725984852189,SOUTHERN,73.122506,21.5889704688039
Trans,-76.935407289689,38.8725984852189,-76.935015089318,38.8729025715713,SOUTHERN,47.935058,24.7849483004439
Trans,-76.935015089318,38.8729025715713,-76.9348157012811,38.8730571347665,SOUTHERN,24.367048,27.2407936407268
Trans,-76.9348157012811,38.8730571347665,-76.9342178737194,38.8735251465118,SOUTHERN,73.419146,28.0427503313791
Trans,-76.9342178737194,38.8735251465118,-76.9338565221518,38.8738254160423,SOUTHERN,45.766943,27.3787177761408
Trans,-76.9338339012937,38.8748873605204,-76.9338565221518,38.8738254160423,46TH,121.57252,28.8453780544216
Trans,-76.9338769680688,38.8756697646003,-76.9338339012937,38.8748873605204,46TH,86.988448,15.3228433575822
Trans,-76.9340605950305,38.8764936866436,-76.9338769680688,38.8756697646003,46TH,92.917138,41.1225491358062
Trans,-76.9340605950305,38.8764936866436,-76.931186518706,38.8764857316888,HILLTOP,90.029269,30.528929626355
Trans,-76.9315816824705,38.8786718426977,-76.931186518706,38.8764857316888,BENNING,246.299168,40.5367039363164
Trans,-76.9320537453096,38.8796307016844,-76.9315816824705,38.8786718426977,BENNING,114.097912,31.0838208826463
Trans,-76.9323049969796,38.8801074817464,-76.9320537453096,38.8796307016844,BENNING,57.240442,28.6274675214317
Trans,-76.9330424427718,38.8814989829229,-76.9323049969796,38.8801074817464,BENNING,167.203859,16.0014369720147
Trans,-76.9336259280564,38.8822811542606,-76.9330424427718,38.8814989829229,BENNING,100.609981,17.1531527887963
Trans,-76.9336259280564,38.8822811542606,-76.9313045463339,38.8833052370522,F,231.300256,40.129477714464
Trans,-76.9313045463339,38.8833052370522,-76.9310975633273,38.8832897107863,F,18.088626,24.3342743658673
Trans,-76.9309503063023,38.883964171986,-76.9310975633273,38.8832897107863,50TH,75.952791,24.5522080435641
Trans,-76.9308039702973,38.8846368317905,-76.9309503063023,38.883964171986,50TH,75.742871,15.6943501362494
Trans,-76.9324105325858,38.8848757025858,-76.9308039702973,38.8846368317905,CALL,142.369608,15.7572225093646
Trans,-76.9329449806058,38.8856251294479,-76.9324105325858,38.8848757025858,ST LOUIS,95.499112,15.4128048993463
Trans,-76.9328192941299,38.8862950108267,-76.9329449806058,38.8856251294479,49TH,75.32413,18.0917806088072
Trans,-76.9326710063448,38.8869731666805,-76.9328192941299,38.8862950108267,49TH,76.372006,27.398337962959
Trans,-76.932509002736,38.8877165051913,-76.9326710063448,38.8869731666805,49TH,83.70485,37.9140882801444
Trans,-76.9323747706684,38.8883267752686,-76.932509002736,38.8877165051913,49TH,68.738424,40.0217453047371
End,-76.9322264775157,38.8890016873012,-76.9323747706684,38.8883267752686,49TH,76.01712,15.2633409256489
Taxi,-76.9842024932076,38.9299149225991,-76.9842823146624,38.930903054894,51ST,155.251143,25.0458098410963
Trans,-76.9862090681488,38.9308074496818,-76.9842823146624,38.930903054894,MOUNT OLIVET,38.592872,25.0405451550266
Trans,-76.9862090681488,38.9308074496818,-76.9862885727569,38.9317937787376,50TH,75.909255,24.2495192253672
Trans,-76.9862885727569,38.9317937787376,-76.9863676168988,38.9327870438974,50TH,93.6094,22.1048103912586
Trans,-76.9886832165495,38.9326636069608,-76.9863676168988,38.9327870438974,4TH,47.164941,21.4799949664413
Trans,-76.9886832165495,38.9326636069608,-76.9887644871578,38.9336520961467,SYCAMORE,47.527654,22.9334161199305
Trans,-76.9887644871578,38.9336520961467,-76.9888436846129,38.9346362609076,WESTMORELAND,62.331158,19.3313887732867
Trans,-76.9911604920252,38.9345239453405,-76.9888436846129,38.9346362609076,ECKINGTON,84.633747,19.6524610433045
Trans,-76.9927952933333,38.9344371656764,-76.9911604920252,38.9345239453405,ECKINGTON,60.76381,26.6055738277683
Trans,-76.9927952933333,38.9344371656764,-76.992822706313,38.9348587176468,WISCONSIN,155.423135,24.1370532723766
Trans,-76.992822706313,38.9348587176468,-76.9929382334256,38.935281664463,9TH,45.957307,27.8827058105261
Trans,-76.9953625443047,38.9335002141898,-76.9929382334256,38.935281664463,1ST,127.006545,29.077078309206
Trans,-76.9953625443047,38.9335002141898,-77.0006748246242,38.947139309582,MONTANA,57.503498,38.1475800868417
Trans,-77.004854729873,38.9456933813171,-77.0006748246242,38.947139309582,CLINTON,329.821997,38.0252870134578
Trans,-77.004854729873,38.9456933813171,-77.0060067740264,38.946888096309,HILLTOP,283.2242,17.6768958260072
Trans,-77.0060067740264,38.946888096309,-77.0061112249895,38.9474965101999,HILLTOP,183.078902,42.3596747695254
Trans,-77.0061112249895,38.9474965101999,-77.0062351893986,38.9482862595501,HOLLY,104.059216,19.3975859622465
Trans,-77.0062351893986,38.9482862595501,-77.0078318130881,38.9518062374458,RANDLE,59.246368,19.6908373257735
Trans,-77.0084288157975,38.9516796296795,-77.0078318130881,38.9518062374458,EASTERN,60.726462,19.8372364849905
Trans,-77.0084288157975,38.9516796296795,-77.0084112315423,38.9524155572752,JEFFERSON,200.796156,19.8552272385732
Trans,-77.0090093127404,38.9524149316719,-77.0084112315423,38.9524155572752,RITTENHOUSE,131.50706,44.0001567197143
Trans,-77.0090093127404,38.9524149316719,-77.0090492469478,38.9534598880321,NORTH CAPITOL,116.120035,18.2924765378658
Trans,-77.0090492469478,38.9534598880321,-77.0116376401435,38.9533832688553,BILTMORE,138.157921,21.8542571746996
Trans,-77.0116376401435,38.9533832688553,-77.0135116726869,38.9533308192901,19TH,41.394057,47.2344956445224
Trans,-77.0135116726869,38.9533308192901,-77.0159425800974,38.9532591675299,19TH,56.978789,17.3104558882214
Trans,-77.0159425800974,38.9532591675299,-77.0175995645715,38.9532074199513,19TH,131.842899,26.3343998672535
Trans,-77.0175995645715,38.9532074199513,-77.0197312365174,38.9531449050633,19TH,82.295672,48.6588980128315
Trans,-77.0197312365174,38.9531449050633,-77.022155669612,38.9530695218966,19TH,115.411177,49.6990308880744
Trans,-77.022155669612,38.9530695218966,-77.0238793627455,38.9530190064368,19TH,114.165458,18.7710370576229
Trans,-77.0238793627455,38.9530190064368,-77.0254051986227,38.9529703103827,23RD,81.990048,18.8785603732324
Trans,-77.0254051986227,38.9529703103827,-77.0256282019228,38.9529638658344,23RD,88.497528,18.8662501844491
Trans,-77.0256282019228,38.9529638658344,-77.0275745494955,38.9529136071992,23RD,73.389683,20.0565084942307
Trans,-77.0275745494955,38.9529136071992,-77.0296989267022,38.9529122760654,CEDAR,153.218871,19.8676244123851
Trans,-77.0296989267022,38.9529122760654,-77.0296987247784,38.9540889364121,GEORGIA,13.831942,19.8317200444064
Trans,-77.0296987247784,38.9540889364121,-77.0296967467495,38.9551563266542,GEORGETOWN,34.416667,20.0844014238002
Trans,-77.0296967467495,38.9551563266542,-77.0296969610464,38.9562244367775,GEORGETOWN,64.69339,20.0254024043553
Trans,-77.0296969610464,38.9562244367775,-77.029696710736,38.9572850699359,GEORGETOWN,21.994681,19.7648894392726
Trans,-77.029696710736,38.9572850699359,-77.0296981958675,38.9583572330077,GEORGETOWN,51.0056,19.7939719139297
Trans,-77.0296981958675,38.9583572330077,-77.0296959716545,38.9602186103956,GEORGETOWN,23.704199,19.7835388975671
Trans,-77.0296959716545,38.9602186103956,-77.0334281600777,38.9602263814226,PENNSYLVANIA,64.847348,21.6188534077654
Trans,-77.0334281600777,38.9602263814226,-77.0334276218319,38.9610252445963,FESSENDEN,101.221549,21.5092644436465
Trans,-77.0334276218319,38.9610252445963,-77.033427234369,38.9615998003348,FESSENDEN,42.671836,18.0611187548538
Trans,-77.033427234369,38.9615998003348,-77.0334269319778,38.9620497836349,FESSENDEN,119.301753,16.339821949632
Trans,-77.0334269319778,38.9620497836349,-77.0526855867779,38.9616105312161,NEW HAMPSHIRE,85.751217,25.0693793130494
Trans,-77.0526855867779,38.9616105312161,-77.0562028809034,38.9610206063018,MILITARY,110.215387,30.6144964836083
Trans,-77.0580683684936,38.9567198720271,-77.0562028809034,38.9610206063018,KALMIA,253.897082,22.2528806894111
Trans,-77.0580683684936,38.9567198720271,-77.0651258351958,38.9584855965885,39TH,43.615689,21.9248273100967
Trans,-77.0651258351958,38.9584855965885,-77.066039267926,38.9586256604192,PRIMROSE,57.632529,21.7352573521538
Trans,-77.0689838536746,38.9555049413787,-77.066039267926,38.9586256604192,BROAD BRANCH,98.364371,19.892819444664
Trans,-77.0692281234817,38.9547020700704,-77.0689838536746,38.9555049413787,BROAD BRANCH,133.000371,19.8863417597883
Trans,-77.0692281234817,38.9547020700704,-77.0696324941427,38.9546992175275,14TH,64.850877,19.822133213647
Trans,-77.0696324941427,38.9546992175275,-77.0715610278969,38.9547004852175,14TH,88.681223,19.4855966789494
Trans,-77.0715610278969,38.9547004852175,-77.0727288065489,38.9546994042613,14TH,63.781025,19.7220135593271
Trans,-77.0727288065489,38.9546994042613,-77.0732210939081,38.9547009887173,14TH,49.952332,21.0758134876417
Trans,-77.0732210939081,38.9547009887173,-77.0745974637934,38.9547012896766,14TH,132.765769,18.3019018971114
Trans,-77.0745974637934,38.9547012896766,-77.0771472714847,38.954706030794,14TH,86.190135,17.8704446360146
Trans,-77.0771472714847,38.954706030794,-77.0792720524809,38.954708753197,14TH,157.08155,17.6453560965413
Trans,-77.0792720524809,38.954708753197,-77.0803069274043,38.954710298987,14TH,78.610057,17.674010306999
Trans,-77.0803069274043,38.954710298987,-77.0820289470778,38.9547101844387,14TH,79.130074,17.6853818358519
Trans,-77.0820289470778,38.9547101844387,-77.0826340628847,38.9547081368157,16TH,75.375419,20.7608878823289
Trans,-77.0821828670604,38.9538233025758,-77.0826340628847,38.9547081368157,RANDOLPH,63.375613,18.5328900181108
Start,-77.0821828670604,38.9538233025758,-77.0826340628847,38.9547081368157,RANDOLPH,63.375613,18.5328900181108
Trans,-77.0820289470778,38.9547101844387,-77.0826340628847,38.9547081368157,16TH,75.375419,20.7608878823289
Trans,-77.0803069274043,38.954710298987,-77.0820289470778,38.9547101844387,14TH,79.130074,17.6853818358519
Trans,-77.0792720524809,38.954708753197,-77.0803069274043,38.954710298987,14TH,78.610057,17.674010306999
Trans,-77.0771472714847,38.954706030794,-77.0792720524809,38.954708753197,14TH,157.08155,17.6453560965413
Trans,-77.0745974637934,38.9547012896766,-77.0771472714847,38.954706030794,14TH,86.190135,17.8704446360146
Trans,-77.0732210939081,38.9547009887173,-77.0745974637934,38.9547012896766,14TH,132.765769,18.3019018971114
Trans,-77.0727288065489,38.9546994042613,-77.0732210939081,38.9547009887173,14TH,49.952332,21.0758134876417
Trans,-77.0715610278969,38.9547004852175,-77.0727288065489,38.9546994042613,14TH,63.781025,19.7220135593271
Trans,-77.0696324941427,38.9546992175275,-77.0715610278969,38.9547004852175,14TH,88.681223,19.4855966789494
Trans,-77.0692281234817,38.9547020700704,-77.0696324941427,38.9546992175275,14TH,64.850877,19.822133213647
Trans,-77.0692281234817,38.9547020700704,-77.0689838536746,38.9555049413787,BROAD BRANCH,133.000371,19.8863417597883
Trans,-77.0689838536746,38.9555049413787,-77.066039267926,38.9586256604192,BROAD BRANCH,98.364371,19.892819444664
Trans,-77.0651258351958,38.9584855965885,-77.066039267926,38.9586256604192,PRIMROSE,57.632529,21.7352573521538
Trans,-77.0580683684936,38.9567198720271,-77.0651258351958,38.9584855965885,39TH,43.615689,21.9248273100967
Trans,-77.056297804387,38.953749000257,-77.0580683684936,38.9567198720271,33RD,109.20789,23.9673223901945
Trans,-77.0529835729405,38.9503662836882,-77.056297804387,38.953749000257,33RD,110.084757,23.5085615976209
Trans,-77.0503332444624,38.9447285631847,-77.0529835729405,38.9503662836882,33RD,71.05379,25.1390931546582
Trans,-77.0496885788901,38.9442194659602,-77.0503332444624,38.9447285631847,32ND,391.851375,17.7974806373447
Trans,-77.0495743461644,38.9433730072975,-77.0496885788901,38.9442194659602,45TH,88.77342,19.1222945540076
Trans,-77.0512337112033,38.9394985131753,-77.0495743461644,38.9433730072975,45TH,85.513696,16.7485275223744
Trans,-77.0477156083549,38.9350607641327,-77.0512337112033,38.9394985131753,52ND,92.185981,18.2047455753716
Trans,-77.0517254890076,38.9204391584139,-77.0477156083549,38.9350607641327,51ST,179.214623,17.6769917651859
Trans,-77.0553468467837,38.9187315659764,-77.0517254890076,38.9204391584139,MAPLE,131.178168,14.5847340980696
Trans,-77.056213387768,38.9184577793005,-77.0553468467837,38.9187315659764,N,125.344467,24.2634251102541
Trans,-77.0520480570337,38.9118554949227,-77.056213387768,38.9184577793005,MARIETTA,161.661264,24.5243061915176
Trans,-77.0572079394984,38.9009879338592,-77.0520480570337,38.9118554949227,N,80.851554,19.2319227543837
Trans,-77.0566068403724,38.9006722471624,-77.0572079394984,38.9009879338592,UPSHUR,74.420742,21.2848891112496
Trans,-77.0560939740955,38.9003982366865,-77.0566068403724,38.9006722471624,UNICORN,10.898956,20.6454643158049
Trans,-77.0560939740955,38.9003982366865,-77.0561150852801,38.9007005527765,FORT,69.970869,19.7951449329476
Trans,-77.0561150852801,38.9007005527765,-77.0561080203886,38.9025387349847,FORT,65.320104,19.6917257626311
Trans,-77.0533082868339,38.9025362614546,-77.0561080203886,38.9025387349847,18TH,117.680737,20.831135631334
Trans,-77.0466509831003,38.9025337220389,-77.0533082868339,38.9025362614546,18TH,117.832261,15.5579807917327
Trans,-77.0448997152368,38.9025328593737,-77.0466509831003,38.9025337220389,18TH,118.145207,15.1703364628603
Trans,-77.0448997152368,38.9025328593737,-77.0449019224925,38.9037499719149,17TH,82.281822,14.6515725694796
Trans,-77.0434586617963,38.9037520660327,-77.0449019224925,38.9037499719149,14TH,11.17004,12.0647590428088
Trans,-77.0416752995035,38.9037510267646,-77.0434586617963,38.9037520660327,14TH,34.880176,14.8992736112221
Trans,-77.0400137095039,38.9037486518293,-77.0416752995035,38.9037510267646,14TH,75.920189,13.555377679021
Trans,-77.038511121195,38.9037501640686,-77.0400137095039,38.9037486518293,14TH,68.130246,18.9118123427717
Trans,-77.0365408176223,38.9037467888124,-77.038511121195,38.9037501640686,14TH,58.090164,12.5471867590237
Trans,-77.0345791160386,38.9037446085483,-77.0365408176223,38.9037467888124,14TH,17.955869,12.2714189257629
Trans,-77.0345791160386,38.9037446085483,-77.0345715924083,38.9056541412697,GRANT,108.574916,12.2434265164296
Trans,-77.0345715924083,38.9056541412697,-77.0345701739241,38.9065661223746,GRANT,64.932513,12.3803284862963
Trans,-77.0296253010302,38.9048423664379,-77.0345701739241,38.9065661223746,ROCK CREEK FORD,106.521373,15.8763329011163
Trans,-77.0296295718405,38.9037445054519,-77.0296253010302,38.9048423664379,IVY TERRACE,28.581471,15.0547610654222
Trans,-77.0280859818292,38.9037474090951,-77.0296295718405,38.9037445054519,9TH,64.610175,13.1080381479647
Trans,-77.0270465626369,38.9037518500074,-77.0280859818292,38.9037474090951,9TH,63.700145,16.6081631499123
Trans,-77.0265955114648,38.903798864008,-77.0270465626369,38.9037518500074,9TH,131.110315,17.6506162159917
Trans,-77.0259859519937,38.9035863578519,-77.0265955114648,38.903798864008,ROCK CREEK CHURCH,83.552348,19.6202235247155
Trans,-77.0240452908055,38.9029362508055,-77.0259859519937,38.9035863578519,ROCK CREEK CHURCH,109.966075,13.9725053305638
Trans,-77.0219213606219,38.9029466268509,-77.0240452908055,38.9029362508055,PENNSYLVANIA,97.824919,15.4429880395398
Trans,-77.0219199813837,38.902528902317,-77.0219213606219,38.9029466268509,7TH,136.428208,15.3928557899699
Trans,-77.0199093004264,38.902528328252,-77.0219199813837,38.902528902317,20TH,82.476765,18.5813421255031
Trans,-77.0189299456759,38.9025289414793,-77.0199093004264,38.902528328252,ELLICOTT,87.735005,21.6937348544727
Trans,-77.0161782980136,38.9025270128069,-77.0189299456759,38.9025289414793,16TH,82.150516,14.6551017110224
Trans,-77.0151796317612,38.9025259172105,-77.0161782980136,38.9025270128069,16TH,82.321304,15.4049490918114
Trans,-77.0137247794857,38.902521381334,-77.0151796317612,38.9025259172105,20TH,91.024452,34.259094193071
Trans,-77.0136511393245,38.9020633150257,-77.0137247794857,38.902521381334,NEW JERSEY,141.402657,48.2412674864378
Trans,-77.0133112993442,38.9013267554809,-77.0136511393245,38.9020633150257,NEW JERSEY,51.624226,16.496190265877
Trans,-77.0129148148302,38.900207703358,-77.0133112993442,38.9013267554809,NEW JERSEY,88.729355,18.5587146638441
Trans,-77.0121765540692,38.9002065851036,-77.0129148148302,38.900207703358,16TH,118.835363,18.859285011967
Trans,-77.0090655416809,38.9002156702894,-77.0121765540692,38.9002065851036,16TH,70.20002,22.1802448690283
Trans,-77.0090655416809,38.9002156702894,-77.002040474482,38.9002108954703,SHERIFF,83.416935,19.3957841055591
Trans,-77.002040474482,38.9002108954703,-77.0005731614744,38.9002123532475,SHERIFF,80.97036,24.1153834329801
Trans,-77.0005731614744,38.9002123532475,-76.9995091058958,38.900211903223,SHERIFF,81.362026,19.270144581711
Trans,-76.9995091058958,38.900211903223,-76.9984443586194,38.9002122542501,SHERIFF,91.207118,19.8882597762289
Trans,-76.9984443586194,38.9002122542501,-76.9961696090782,38.9002126522711,SHERIFF,91.401918,19.3545135717582
Trans,-76.9961696090782,38.9002126522711,-76.9949630639835,38.9002108048303,SHERIFF,92.124575,15.3905559468595
Trans,-76.9949630639835,38.9002108048303,-76.9937597474972,38.9002098459368,SHERIFF,92.448858,15.0681427716025
Trans,-76.9937597474972,38.9002098459368,-76.9926472734037,38.9002096911524,SHERIFF,90.759949,16.2217050029881
Trans,-76.9926472734037,38.9002096911524,-76.9915278825809,38.9002078136847,H,111.500164,17.7987276725717
Trans,-76.9915278825809,38.9002078136847,-76.990242484959,38.9002086142547,SHERIFF,201.069737,15.5451542793854
Trans,-76.990242484959,38.9002086142547,-76.9883105842899,38.9002089774586,SHERIFF,116.842917,13.6704053781581
Trans,-76.9883105842899,38.9002089774586,-76.9855063433484,38.9002051499995,SHERIFF,121.292409,16.8681441426012
Trans,-76.9855042711967,38.8992864495183,-76.9855063433484,38.9002051499995,49TH,148.549564,16.6693566641299
Trans,-76.9855042711967,38.8992864495183,-76.9834447001374,38.9001385407573,MARYLAND,202.167183,20.2827984349415
Trans,-76.9834447001374,38.9001385407573,-76.981483317442,38.8998158399692,NEW JERSEY,34.12057,10.2875332482543
Trans,-76.981483317442,38.8998158399692,-76.9792979072713,38.8994184015082,NEW JERSEY,92.598357,16.0446949196491
Trans,-76.9792979072713,38.8994184015082,-76.9775256699368,38.899093482497,NEW JERSEY,89.283576,19.0567456664038
Trans,-76.9775256699368,38.899093482497,-76.9774924968563,38.9002000975374,16TH,105.198107,23.3683644491231
Trans,-76.9774924968563,38.9002000975374,-76.9762212781111,38.9002032689058,PEABODY,31.83011,24.1001683360332
Trans,-76.9762212781111,38.9002032689058,-76.97519192245,38.9002036854566,PEABODY,18.10502,20.678682209779
Trans,-76.97519192245,38.9002036854566,-76.9741755936598,38.90020015466,PENN,103.623583,21.8381453993254
Trans,-76.9741755936598,38.90020015466,-76.9741798428062,38.9027973328399,6TH,67.780846,22.0619748087724
Trans,-76.9741798428062,38.9027973328399,-76.9718921919693,38.9037290795961,MINNESOTA,137.929013,21.0226397083917
Trans,-76.9718921919693,38.9037290795961,-76.9702352465707,38.9034523627206,MINNESOTA,39.165852,21.7511939423824
Trans,-76.9704106762215,38.8978512912863,-76.9702352465707,38.9034523627206,8TH,111.170636,21.3531436934056
Trans,-76.9704106762215,38.8978512912863,-76.9694946421646,38.897701864226,20TH,37.162407,14.0995460622471
Trans,-76.9694946421646,38.897701864226,-76.9602640549862,38.8969271219418,60TH,156.353718,10.8274532425294
Trans,-76.9602640549862,38.8969271219418,-76.9574970741071,38.8965450980693,60TH,20.74225,34.033492333578
Trans,-76.9574970741071,38.8965450980693,-76.9548048197816,38.896103267035,60TH,21.869072,40.6355609928652
Trans,-76.9548048197816,38.896103267035,-76.9491626131074,38.8951408377293,61ST,245.197315,28.8059096671084
Trans,-76.9491626131074,38.8951408377293,-76.9480268375251,38.8946184903932,61ST,102.623318,31.4628043360831
Trans,-76.9480268375251,38.8946184903932,-76.9466413475066,38.8940294389808,61ST,174.864142,27.1182550742391
Trans,-76.9466413475066,38.8940294389808,-76.9445418860349,38.8934448087307,61ST,149.354695,28.8266537634133
Trans,-76.9445418860349,38.8934448087307,-76.9426132200599,38.8929467951686,61ST,31.107877,28.4615340978561
Trans,-76.9426132200599,38.8929467951686,-76.9409803849774,38.892283145456,61ST,21.365046,19.3957715068628
Trans,-76.9409803849774,38.892283145456,-76.9402476373571,38.8919832444818,62ND,102.922014,42.9331517066766
Trans,-76.9402476373571,38.8919832444818,-76.939207947068,38.8915348116088,62ND,161.839132,19.5159697464617
Trans,-76.939207947068,38.8915348116088,-76.9380778209748,38.8906462623189,62ND,22.684407,20.1258921038249
Trans,-76.9380778209748,38.8906462623189,-76.9376846231403,38.8900782191358,BANKS,95.316615,29.0771802210167
Trans,-76.9376846231403,38.8900782191358,-76.9375452054328,38.8897794110813,BANKS,179.948,22.7658725207485
Trans,-76.9375452054328,38.8897794110813,-76.9369613499087,38.8884241988375,BENNING,158.747719,26.9818867257813
Trans,-76.9369613499087,38.8884241988375,-76.9368829021649,38.8882412863388,BENNING,21.415005,23.2320434093003
Trans,-76.9368829021649,38.8882412863388,-76.9366027052042,38.8875844235681,BENNING,76.862396,27.5716414260537
Trans,-76.9366027052042,38.8875844235681,-76.9361619411512,38.8865565972475,BENNING,120.334925,37.123619161981
Trans,-76.9361619411512,38.8865565972475,-76.9359180991547,38.8859890255916,BENNING,66.461918,31.3444683702687
Trans,-76.9359180991547,38.8859890255916,-76.9348344094435,38.8837408335444,BENNING,267.161952,27.4133071011116
Trans,-76.9348344094435,38.8837408335444,-76.9343207176743,38.8831115800958,BENNING,82.870709,32.1127120301314
Trans,-76.9343207176743,38.8831115800958,-76.9336259280564,38.8822811542606,BENNING,110.144945,38.5274928364918
Trans,-76.9336259280564,38.8822811542606,-76.9330424427718,38.8814989829229,BENNING,100.609981,17.1531527887963
Trans,-76.9330424427718,38.8814989829229,-76.9319151840112,38.8813551878918,STANTON,100.209544,12.0836737148058
Trans,-76.9319151840112,38.8813551878918,-76.9292537284244,38.8811188766721,TANNER,34.21338,25.0553267067398
Trans,-76.9291420613869,38.8816359515198,-76.9292537284244,38.8811188766721,15TH,59.069417,25.1538789970723
Trans,-76.9289925975017,38.88231167029,-76.9291420613869,38.8816359515198,51ST,76.122761,18.0375895575834
End,-76.9289925975017,38.88231167029,-76.929142060662,38.8816359560236,TANNER,86.434823,18.0375895575834
Taxi,-77.0638834387705,38.9636757203647,-77.0636056503015,38.9639998986991,POTOMAC,65.207408,22.5356660311251
Trans,-77.0638915298555,38.9621470149751,-77.0638834387705,38.9636757203647,DELAFIELD,140.503493,22.2893927901495
Trans,-77.0638914459553,38.9610237753399,-77.0638915298555,38.9621470149751,DELAFIELD,149.602176,20.652515606537
Trans,-77.0644297555576,38.9598124094625,-77.0638914459553,38.9610237753399,KANSAS,58.971427,21.6370813411465
Trans,-77.0651258351958,38.9584855965885,-77.0644297555576,38.9598124094625,KANSAS,103.868586,22.3689516777694
Trans,-77.0580683684936,38.9567198720271,-77.0651258351958,38.9584855965885,39TH,43.615689,21.9248273100967
Trans,-77.056297804387,38.953749000257,-77.0580683684936,38.9567198720271,33RD,109.20789,23.9673223901945
Trans,-77.0529835729405,38.9503662836882,-77.056297804387,38.953749000257,33RD,110.084757,23.5085615976209
Trans,-77.0503332444624,38.9447285631847,-77.0529835729405,38.9503662836882,33RD,71.05379,25.1390931546582
Trans,-77.0496885788901,38.9442194659602,-77.0503332444624,38.9447285631847,32ND,391.851375,17.7974806373447
Trans,-77.0495743461644,38.9433730072975,-77.0496885788901,38.9442194659602,45TH,88.77342,19.1222945540076
Trans,-77.0512337112033,38.9394985131753,-77.0495743461644,38.9433730072975,45TH,85.513696,16.7485275223744
Trans,-77.0456097058385,38.9335908573294,-77.0512337112033,38.9394985131753,TENLEY,33.428428,23.983833291786
Trans,-77.0454087828968,38.9332174512001,-77.0456097058385,38.9335908573294,TAYLOR,202.066282,14.2745711394518
Trans,-77.0454052467525,38.9314680392016,-77.0454087828968,38.9332174512001,S,78.339269,24.6204908016063
Trans,-77.045544329203,38.9312723330482,-77.0454052467525,38.9314680392016,GALLAUDET,36.700311,22.4033247002359
Trans,-77.044171357081,38.9297521338591,-77.045544329203,38.9312723330482,5TH,43.804305,23.25752124891
Trans,-77.0421599475258,38.928824685003,-77.044171357081,38.9297521338591,13TH,134.805368,21.1748215876223
Trans,-77.0370084191698,38.927874161012,-77.0421599475258,38.928824685003,12TH,166.102848,26.7410533499867
Trans,-77.0367097058811,38.9271257047369,-77.0370084191698,38.927874161012,RITTENHOUSE,110.141469,30.0439593932617
Trans,-77.0364904911322,38.9265330756972,-77.0367097058811,38.9271257047369,RITTENHOUSE,106.410312,15.2508367254161
Trans,-77.0355268674012,38.9270577467389,-77.0364904911322,38.9265330756972,43RD,57.350713,18.2845198843173
Trans,-77.0355268674012,38.9270577467389,-77.0361993492802,38.9286827304682,JEFFERSON,93.644869,21.2675189730406
Trans,-77.034640114612,38.9286917609441,-77.0361993492802,38.9286827304682,13TH,75.375779,19.1950667805052
Trans,-77.0326433837082,38.9288144158427,-77.034640114612,38.9286917609441,14TH,14.266541,21.9224361006733
Trans,-77.0297101533676,38.9286426717119,-77.0326433837082,38.9288144158427,14TH,105.712034,20.8651624597378
Trans,-77.0275123695654,38.928712483719,-77.0297101533676,38.9286426717119,14TH,28.755401,18.5892703458686
Trans,-77.0262347577012,38.9288306208909,-77.0275123695654,38.928712483719,14TH,85.520445,19.5403605416813
Trans,-77.0232311437383,38.929048522448,-77.0262347577012,38.9288306208909,14TH,63.879045,19.0181702915579
Trans,-77.0195833791527,38.9293729494078,-77.0232311437383,38.929048522448,14TH,60.385701,18.7290286137606
Trans,-77.0180539420562,38.9296176812817,-77.0195833791527,38.9293729494078,14TH,97.65567,52.7005177164298
Trans,-77.015636010706,38.9310365611152,-77.0180539420562,38.9296176812817,14TH,119.050071,49.4556164106293
Trans,-77.0121537390952,38.9312465405257,-77.015636010706,38.9310365611152,14TH,78.670154,48.8040081178618
Trans,-77.0069543341199,38.9312666454206,-77.0121537390952,38.9312465405257,14TH,80.01086,15.9010175210326
Trans,-77.0069543341199,38.9312666454206,-77.0024498681875,38.9304480457344,IRVING,429.603663,15.8161266763271
Trans,-77.0062955169127,38.9270174546264,-77.0024498681875,38.9304480457344,1ST,109.300203,15.869642347498
Trans,-77.0062955169127,38.9270174546264,-77.0057321823821,38.9263116229243,HOWARD,177.248559,15.7939829576718
Trans,-77.0057321823821,38.9263116229243,-77.0024462173494,38.9256019726234,HOWARD,89.852479,24.2707260656399
Trans,-77.0024462173494,38.9256019726234,-77.0005726743215,38.925598843944,HOWARD,95.949585,24.839385784651
Trans,-77.0005726743215,38.925598843944,-76.9995055875281,38.9255935294126,HOWARD,44.199382,20.7373496332178
Trans,-76.9995055875281,38.9255935294126,-76.9984477266693,38.9255923490868,FRANKLIN,197.043628,25.9348341861729
Trans,-76.9984477266693,38.9255923490868,-76.9961753960206,38.9255893241085,HOWARD,71.341504,14.9265642224351
Trans,-76.9961753960206,38.9255893241085,-76.9924321160941,38.9255916640509,HOWARD,63.854235,20.5693973778111
Trans,-76.9924321160941,38.9255916640509,-76.9904425659791,38.9255327840795,I,92.260222,22.4630441596785
Trans,-76.9904425659791,38.9255327840795,-76.9905210521247,38.9265304081368,RHODE ISLAND,68.48716,23.6438931972102
Trans,-76.9905210521247,38.9265304081368,-76.9906073205966,38.9276107458012,RHODE ISLAND,51.105154,24.4233732204918
Trans,-76.9924353709348,38.9275233175701,-76.9906073205966,38.9276107458012,SOUTH DAKOTA,83.398253,24.4108569843933
Start,-76.9924353709348,38.9275233175701,-76.9906073205966,38.9276107458012,SOUTH DAKOTA,83.398253,24.4108569843933
Trans,-76.9905210521247,38.9265304081368,-76.9906073205966,38.9276107458012,RHODE ISLAND,51.105154,24.4233732204918
Trans,-76.9904425659791,38.9255327840795,-76.9905210521247,38.9265304081368,RHODE ISLAND,68.48716,23.6438931972102
Trans,-76.9903524201182,38.9244073673565,-76.9904425659791,38.9255327840795,RHODE ISLAND,141.439163,22.1171555068908
Trans,-76.9924287934364,38.924300591525,-76.9903524201182,38.9244073673565,PEABODY,100.320772,28.9845117882069
Trans,-76.9924308369766,38.9235176784824,-76.9924287934364,38.924300591525,QUINCY,132.274007,26.3921111861919
Trans,-76.9924171004798,38.9224438765393,-76.9924308369766,38.9235176784824,QUINCY,26.568766,26.3406896952291
Trans,-76.9938643949193,38.9219980584447,-76.9924171004798,38.9224438765393,12TH,72.330575,26.3690822642639
Trans,-76.9947695094993,38.9217076521091,-76.9938643949193,38.9219980584447,12TH,134.270987,33.2610650703248
Trans,-76.9995271890224,38.9201352967053,-76.9947695094993,38.9217076521091,12TH,85.800714,31.8716220729123
Trans,-77.000571773241,38.9197625102552,-76.9995271890224,38.9201352967053,12TH,87.62006,35.6853572018255
Trans,-77.0005704316844,38.9191850077259,-77.000571773241,38.9197625102552,MONTANA,29.054835,25.4360665604214
Trans,-77.0020332362037,38.919251885001,-77.0005704316844,38.9191850077259,WHITTIER,19.662375,24.6546504898068
Trans,-77.0035150103193,38.9187341388689,-77.0020332362037,38.919251885001,11TH,53.875608,20.4817642683651
Trans,-77.0035122424537,38.9181123344622,-77.0035150103193,38.9187341388689,8TH,54.170603,19.7891903280477
Trans,-77.003512215393,38.9175631866003,-77.0035122424537,38.9181123344622,8TH,72.959118,15.8323733607385
Trans,-77.0035111508113,38.9170047601314,-77.003512215393,38.9175631866003,8TH,44.380187,23.0063574383729
Trans,-77.003510884938,38.9162890480777,-77.0035111508113,38.9170047601314,VARNUM,61.982777,16.3008691559955
Trans,-77.0035091201748,38.9155753183715,-77.003510884938,38.9162890480777,WARD,55.524767,22.8303478313668
Trans,-77.0035108129844,38.9148282564983,-77.0035091201748,38.9155753183715,VARNUM,84.261237,22.6644453658513
Trans,-77.003507778354,38.9140829968951,-77.0035108129844,38.9148282564983,VARNUM,83.204592,22.9820345241232
Trans,-77.003507778354,38.9140829968951,-77.002038219935,38.9140892475493,WALBRIDGE,25.908868,18.0622240805393
Trans,-77.0020381986642,38.913345699339,-77.002038219935,38.9140892475493,10TH,56.834582,18.1235924658566
Trans,-77.0020357562536,38.9126094478249,-77.0020381986642,38.913345699339,10TH,96.426517,22.8564843905003
Trans,-77.002397538634,38.9109938310187,-77.0020357562536,38.9126094478249,INTERSTATE 66,81.819435,24.7584346228753
Trans,-77.0049393902197,38.9105888802119,-77.002397538634,38.9109938310187,ANDERSON,63.779269,24.6237322626714
Trans,-77.0053337258159,38.9092186036338,-77.0049393902197,38.9105888802119,OTIS,142.083885,41.0039699864969
Trans,-77.0058837106858,38.9094474792726,-77.0053337258159,38.9092186036338,FLORIDA,72.927794,21.961398023119
Trans,-77.0065968837341,38.9097503856091,-77.0058837106858,38.9094474792726,FLORIDA,54.049132,20.2272654882966
Trans,-77.0090533602963,38.9096460631902,-77.0065968837341,38.9097503856091,EMERSON,96.047352,15.1668530075915
Trans,-77.009065205633,38.9056551214844,-77.0090533602963,38.9096460631902,SUITLAND,130.58664,20.0230859957636
Trans,-77.0090708382559,38.9046915522518,-77.009065205633,38.9056551214844,ARNOLD,134.449979,14.2198605685884
Trans,-77.0090708382559,38.9046915522518,-77.0058879300899,38.9046946742164,F,87.091015,41.9815315965204
Trans,-77.0058877360286,38.9037406895924,-77.0058879300899,38.9046946742164,26TH,179.672238,42.6289281848556
Trans,-77.005889480042,38.9025227598753,-77.0058877360286,38.9037406895924,C,44.743373,42.1859108449212
Trans,-77.0069408692373,38.8995696889722,-77.005889480042,38.9025227598753,C,81.278883,16.4613530711265
Trans,-77.0071685623151,38.8989208761297,-77.0069408692373,38.8995696889722,C,128.638757,40.2903317199426
Trans,-77.0077806282616,38.8968678455048,-77.0071685623151,38.8989208761297,C,81.604981,16.8712800779771
Trans,-77.0077806282616,38.8968678455048,-77.0076425511487,38.8966536841097,COLUMBUS,46.604903,18.4202547310639
Trans,-77.0076425511487,38.8966536841097,-77.0074370087623,38.8962669192436,COLUMBUS,71.111648,17.3040288690111
Trans,-77.0074370087623,38.8962669192436,-77.0067683862874,38.8959273332276,COLUMBUS,76.264699,12.6836233032645
Trans,-77.0067683862874,38.8959273332276,-77.0059029859088,38.8959786755085,COLUMBUS,7.48832,15.0922818619085
Trans,-77.0058918387568,38.8947925037551,-77.0059029859088,38.8959786755085,C,81.310089,16.2700973785995
Trans,-77.005890820793,38.893633036555,-77.0058918387568,38.8947925037551,C,84.090646,42.2212780018441
Trans,-77.0059069405084,38.892020177414,-77.005890820793,38.893633036555,C,54.800267,15.4110841453319
Trans,-77.0059267953477,38.890976814716,-77.0059069405084,38.892020177414,C,104.250143,17.7017308401401
Trans,-77.0059180542699,38.8898196104803,-77.0059267953477,38.890976814716,C,82.380093,21.9208689102232
Trans,-77.0059180542699,38.8898196104803,-77.0058993145911,38.8876201257741,MEADE,105.084103,15.7364542022081
Trans,-77.0058993145911,38.8876201257741,-77.0058943435794,38.8860469923958,12TH,185.373611,15.4317371832035
Trans,-77.0058943435794,38.8860469923958,-77.0058950698335,38.8850722852835,EASTERN,91.750299,15.2001874466566
Trans,-77.0058950698335,38.8850722852835,-77.0058902135671,38.8834896923932,12TH,118.561058,15.2659503464611
Trans,-77.0065991611292,38.8832417436718,-77.0058902135671,38.8834896923932,NORTH CAROLINA,68.424635,15.5401253935069
Trans,-77.0065991611292,38.8832417436718,-77.0051799367901,38.8793001041158,NEW JERSEY,454.553166,18.5771711714649
Trans,-77.0058748845408,38.8792908826521,-77.0051799367901,38.8793001041158,I,60.336242,18.5149486881255
Trans,-77.0058748845408,38.8792908826521,-77.0058844930307,38.8784134646103,13TH,24.753217,18.4635485855945
Trans,-77.0058844930307,38.8784134646103,-77.0058754315543,38.8775368581316,W,93.997485,41.7082438965066
Trans,-77.0066997834447,38.8775333905448,-77.0058754315543,38.8775368581316,L,71.531073,24.0868320751131
Trans,-77.0066997834447,38.8775333905448,-77.0067000837503,38.8764898606711,CUSHING,115.841348,42.6018681545346
Trans,-77.0067000837503,38.8764898606711,-77.0058749001623,38.8764895526586,M,71.603338,20.7992815354773
Trans,-77.0058749001623,38.8764895526586,-77.0058660891898,38.8746432710468,MEIGS,48.614116,18.3128207188401
Trans,-77.0058660891898,38.8746432710468,-77.005866708683,38.8737683751091,MEIGS,77.059347,18.238288725976
Trans,-77.005866708683,38.8737683751091,-77.0058767843991,38.8729749145277,DUNCAN,227.414299,41.9219754734227
End,-77.0058767843991,38.8729749145277,-77.0058871309981,38.8719843566947,E,209.801227,18.6458688135654
Taxi,-76.9882875064369,38.9277268337204,-76.9883701504463,38.9287118109969,SUMMIT,147.879261,21.7910410243881
Trans,-76.9882875064369,38.9277268337204,-76.9859717218898,38.9278428760744,SOUTH DAKOTA,84.679683,22.5981092105801
Trans,-76.9858876291692,38.9267751103373,-76.9859717218898,38.9278428760744,50TH,36.340045,22.4037285681779
Trans,-76.9858876291692,38.9267751103373,-76.9839606379271,38.9268720615236,SHEPHERD,88.781413,18.3122773495702
Trans,-76.9839606379271,38.9268720615236,-76.9828445098465,38.9269269787515,SHEPHERD,88.623405,19.8465963212878
Trans,-76.9828445098465,38.9269269787515,-76.9822427289335,38.9269599144881,SHEPHERD,34.994423,21.9773247229658
Trans,-76.9820094320946,38.9262617962104,-76.9822427289335,38.9269599144881,16TH,45.992783,21.6770779968185
Trans,-76.9814912781651,38.9255893626223,-76.9820094320946,38.9262617962104,14TH,77.856426,25.251211040748
Trans,-76.9814912781651,38.9255893626223,-76.9807661245643,38.92558870504,FRANKLIN,62.880114,16.3895849137558
Trans,-76.9807642227575,38.9245159940753,-76.9807661245643,38.92558870504,WASHINGTON,38.417678,17.1195698613213
Trans,-76.9807646257527,38.9234494089342,-76.9807642227575,38.9245159940753,WASHINGTON,59.989011,19.3502768151961
Trans,-76.9807657193813,38.9223875080231,-76.9807646257527,38.9234494089342,14TH,156.994066,16.7291918925411
Trans,-76.980864407941,38.9211867145422,-76.9807657193813,38.9223875080231,14TH,33.526416,18.556334792296
Trans,-76.980864407941,38.9211867145422,-76.9792953592696,38.9201073937089,MEADE,90.712427,22.1408218682644
Trans,-76.9792953592696,38.9201073937089,-76.9789958736836,38.9202354747173,ADAMS,77.180944,20.4211971741152
Trans,-76.9790085727608,38.9199022786668,-76.9789958736836,38.9202354747173,WEBSTER,166.030476,20.4211971741152
Trans,-76.9790085727608,38.9199022786668,-76.978632282665,38.9194786191738,WISCONSIN,120.224382,19.6925473319392
Trans,-76.978632282665,38.9194786191738,-76.9781934732325,38.9175503793571,4TH,123.400035,20.090120941645
Trans,-76.9777880197035,38.9172405571288,-76.9781934732325,38.9175503793571,K,127.130041,20.1901405233672
Trans,-76.9780645033356,38.9169445730232,-76.9777880197035,38.9172405571288,K,132.840333,21.9773763266857
Trans,-76.9780645033356,38.9169445730232,-76.9770725704271,38.9158374261854,4TH,50.430089,23.5665647843933
Trans,-76.9770725704271,38.9158374261854,-76.9750699730947,38.9141359624417,4TH,118.920073,18.7758030573128
Trans,-76.9750699730947,38.9141359624417,-76.9741767937262,38.9140868627772,GALLAUDET,85.346719,25.2718282595101
Trans,-76.9741787875493,38.9133569170059,-76.9741767937262,38.9140868627772,7TH,88.930131,25.6492264922325
Trans,-76.9741781385083,38.9126017483268,-76.9741787875493,38.9133569170059,7TH,67.91104,25.2359864814106
Trans,-76.9762345313798,38.9126351281422,-76.9741781385083,38.9126017483268,VAN NESS,139.853968,19.8447149047487
Trans,-76.9790894637353,38.9067499203874,-76.9762345313798,38.9126351281422,A,161.440484,22.1444272712874
Trans,-76.9789900258517,38.9056365588244,-76.9790894637353,38.9067499203874,14TH,118.905028,25.4272855685253
Trans,-76.9789916032752,38.9049780485819,-76.9789900258517,38.9056365588244,14TH,75.843677,20.9545499280512
Trans,-76.9789921264403,38.9043784527033,-76.9789916032752,38.9049780485819,14TH,74.407767,24.8761686022818
Trans,-76.9789921264403,38.9043784527033,-76.9762209255485,38.9043737777432,MASSACHUSETTS,221.078025,25.5413220979176
Trans,-76.9762226412136,38.9037230145962,-76.9762209255485,38.9043737777432,UPSHUR,53.95084,26.0939716456974
Trans,-76.9762182453497,38.903076123722,-76.9762226412136,38.9037230145962,UPSHUR,83.890178,22.1605170985972
Trans,-76.9762182453497,38.903076123722,-76.9741725263171,38.9038982423163,LAFAYETTE,116.495276,21.6412403301358
Trans,-76.9741798428062,38.9027973328399,-76.9741725263171,38.9038982423163,6TH,67.593288,21.5792677204146
Trans,-76.9741755936598,38.90020015466,-76.9741798428062,38.9027973328399,6TH,67.780846,22.0619748087724
Trans,-76.9741755936598,38.90020015466,-76.9723891995726,38.9001593256316,SHERIFF,23.454695,24.6359983365034
Trans,-76.9723825173474,38.8989649071017,-76.9723891995726,38.9001593256316,7TH,196.933505,24.3334984226574
Trans,-76.9741690227991,38.8989299517354,-76.9723825173474,38.8989649071017,W,91.008774,29.5502179799315
Trans,-76.9741761825515,38.8985115936932,-76.9741690227991,38.8989299517354,6TH,59.821824,28.092496131261
Trans,-76.9741761825515,38.8985115936932,-76.9730738553314,38.8983159630111,NEW JERSEY,69.045642,20.8179974973456
Trans,-76.9736985639928,38.8961162642392,-76.9730738553314,38.8983159630111,7TH,103.27104,24.5286225120131
Trans,-76.9746027845939,38.8961214189105,-76.9736985639928,38.8961162642392,RAIL,9.47406,19.4695865880157
Trans,-76.9749838229853,38.894786843851,-76.9746027845939,38.8961214189105,6TH,197.442074,25.5892535879292
Start,-76.9762199714412,38.8947853679008,-76.9749838229853,38.894786843851,5TH,125.565043,18.9917719893288
Trans,-76.9772608917424,38.8947843139726,-76.9762199714412,38.8947853679008,4TH,46.479073,26.0150955114196
Trans,-76.9772616983077,38.8933092379999,-76.9772608917424,38.8947843139726,WESTERN,19.605297,19.3160535741357
Trans,-76.9781289462109,38.8933078918628,-76.9772616983077,38.8933092379999,1ST,81.680715,17.718103341268
Trans,-76.9781289462109,38.8933078918628,-76.9781253275105,38.8947856501168,WESTERN,45.121021,23.3284272710166
Trans,-76.9789977174758,38.8947859903738,-76.9781253275105,38.8947856501168,4TH,63.110724,20.8604860176223
Trans,-76.9789977174758,38.8947859903738,-76.9789909845247,38.8961203086075,WEBSTER,104.47605,25.0569279736402
Trans,-76.9807143751606,38.8961187804871,-76.9789909845247,38.8961203086075,R,91.080004,24.7298854217353
Trans,-76.9807143751606,38.8961187804871,-76.9807643514395,38.8966748087405,EAMES,62.31206,24.2712966097831
Trans,-76.9822157996839,38.8966715254348,-76.9807643514395,38.8966748087405,POLK,50.714419,24.2541836369001
Trans,-76.9836461505722,38.8966752476691,-76.9822157996839,38.8966715254348,POLK,85.188104,24.3929471165288
Trans,-76.9836498514156,38.8961198824089,-76.9836461505722,38.8966752476691,15TH,73.152421,16.241479890342
Trans,-76.9849985770413,38.896119252618,-76.9836498514156,38.8961198824089,R,86.890923,17.4027761835106
Trans,-76.9855107462614,38.8961223795394,-76.9849985770413,38.896119252618,E,117.003178,27.6312140711831
Trans,-76.9883115994962,38.8961231442931,-76.9855107462614,38.8961223795394,R,119.415289,13.7480694553986
Trans,-76.990246155962,38.8961240424753,-76.9883115994962,38.8961231442931,R,23.661403,19.6793471918667
Trans,-76.9915339005306,38.8961253139645,-76.990246155962,38.8961240424753,R,68.294923,16.2020628446397
Trans,-76.992645388621,38.8961264702138,-76.9915339005306,38.8961253139645,R,85.054824,14.6759425939909
Trans,-76.9932026486474,38.8961563306604,-76.992645388621,38.8961264702138,R,125.890595,16.5440510938542
Trans,-76.9937541072766,38.8961602260264,-76.9932026486474,38.8961563306604,N,143.29479,22.3252456727163
Trans,-76.9949638134779,38.8961246112894,-76.9937541072766,38.8961602260264,N,116.942005,20.0342573492054
Trans,-76.9949638134779,38.8961246112894,-76.9949674165496,38.8973406507121,24TH,30.411281,26.4325351104111
Trans,-76.9949674165496,38.8973406507121,-76.9949630401198,38.8989155826831,24TH,109.619855,18.4274591867025
Trans,-76.9961699085294,38.89891553838,-76.9949630401198,38.8989155826831,FITCH,97.835933,18.725500093582
Trans,-76.9984499202436,38.8989185636014,-76.9961699085294,38.89891553838,FITCH,70.682118,16.0535722649802
Trans,-76.9984499202436,38.8989185636014,-76.9984443586194,38.9002122542501,RANDOLPH,40.274286,19.9035442807954
Trans,-76.9995091058958,38.900211903223,-76.9984443586194,38.9002122542501,SHERIFF,91.207118,19.8882597762289
Trans,-77.0005731614744,38.9002123532475,-76.9995091058958,38.900211903223,SHERIFF,81.362026,19.270144581711
Trans,-77.002040474482,38.9002108954703,-77.0005731614744,38.9002123532475,SHERIFF,80.97036,24.1153834329801
Trans,-77.0090655416809,38.9002156702894,-77.002040474482,38.9002108954703,SHERIFF,83.416935,19.3957841055591
Trans,-77.0090655416809,38.9002156702894,-77.0121765540692,38.9002065851036,16TH,70.20002,22.1802448690283
Trans,-77.0121765540692,38.9002065851036,-77.0129148148302,38.900207703358,16TH,118.835363,18.859285011967
Trans,-77.0129148148302,38.900207703358,-77.0133112993442,38.9013267554809,NEW JERSEY,88.729355,18.5587146638441
Trans,-77.0133112993442,38.9013267554809,-77.0136511393245,38.9020633150257,NEW JERSEY,51.624226,16.496190265877
Trans,-77.0136511393245,38.9020633150257,-77.0137247794857,38.902521381334,NEW JERSEY,141.402657,48.2412674864378
Trans,-77.0137247794857,38.902521381334,-77.0151796317612,38.9025259172105,20TH,91.024452,34.259094193071
Trans,-77.0151796317612,38.9025259172105,-77.0161782980136,38.9025270128069,16TH,82.321304,15.4049490918114
Trans,-77.0161782980136,38.9025270128069,-77.0189299456759,38.9025289414793,16TH,82.150516,14.6551017110224
Trans,-77.0189299456759,38.9025289414793,-77.0199093004264,38.902528328252,ELLICOTT,87.735005,21.6937348544727
Trans,-77.0199093004264,38.902528328252,-77.0219199813837,38.902528902317,20TH,82.476765,18.5813421255031
Trans,-77.0219199813837,38.902528902317,-77.0219213606219,38.9029466268509,7TH,136.428208,15.3928557899699
Trans,-77.0219213606219,38.9029466268509,-77.0240452908055,38.9029362508055,PENNSYLVANIA,97.824919,15.4429880395398
Trans,-77.0240452908055,38.9029362508055,-77.0259859519937,38.9035863578519,ROCK CREEK CHURCH,109.966075,13.9725053305638
Trans,-77.0259859519937,38.9035863578519,-77.0265955114648,38.903798864008,ROCK CREEK CHURCH,83.552348,19.6202235247155
Trans,-77.0265955114648,38.903798864008,-77.0270465626369,38.9037518500074,9TH,131.110315,17.6506162159917
Trans,-77.0270465626369,38.9037518500074,-77.0280859818292,38.9037474090951,9TH,63.700145,16.6081631499123
Trans,-77.0280859818292,38.9037474090951,-77.0296295718405,38.9037445054519,9TH,64.610175,13.1080381479647
Trans,-77.0296295718405,38.9037445054519,-77.0296253010302,38.9048423664379,IVY TERRACE,28.581471,15.0547610654222
Trans,-77.0296253010302,38.9048423664379,-77.0345701739241,38.9065661223746,ROCK CREEK FORD,106.521373,15.8763329011163
Trans,-77.0345715924083,38.9056541412697,-77.0345701739241,38.9065661223746,GRANT,64.932513,12.3803284862963
Trans,-77.0345791160386,38.9037446085483,-77.0345715924083,38.9056541412697,GRANT,108.574916,12.2434265164296
Trans,-77.0345791160386,38.9037446085483,-77.0365408176223,38.9037467888124,14TH,17.955869,12.2714189257629
Trans,-77.0365408176223,38.9037467888124,-77.038511121195,38.9037501640686,14TH,58.090164,12.5471867590237
Trans,-77.038511121195,38.9037501640686,-77.0400137095039,38.9037486518293,14TH,68.130246,18.9118123427717
Trans,-77.0400137095039,38.9037486518293,-77.0416752995035,38.9037510267646,14TH,75.920189,13.555377679021
Trans,-77.0416752995035,38.9037510267646,-77.0434586617963,38.9037520660327,14TH,34.880176,14.8992736112221
Trans,-77.0434586617963,38.9037520660327,-77.0449019224925,38.9037499719149,14TH,11.17004,12.0647590428088
Trans,-77.0448997152368,38.9025328593737,-77.0449019224925,38.9037499719149,17TH,82.281822,14.6515725694796
Trans,-77.0448997152368,38.9025328593737,-77.0466509831003,38.9025337220389,18TH,118.145207,15.1703364628603
Trans,-77.0466509831003,38.9025337220389,-77.0533082868339,38.9025362614546,18TH,117.832261,15.5579807917327
Trans,-77.0533082868339,38.9025362614546,-77.0561080203886,38.9025387349847,18TH,117.680737,20.831135631334
Trans,-77.0561150852801,38.9007005527765,-77.0561080203886,38.9025387349847,FORT,65.320104,19.6917257626311
Trans,-77.0560939740955,38.9003982366865,-77.0561150852801,38.9007005527765,FORT,69.970869,19.7951449329476
Trans,-77.0560939740955,38.9003982366865,-77.0566068403724,38.9006722471624,UNICORN,10.898956,20.6454643158049
Trans,-77.0566068403724,38.9006722471624,-77.0572079394984,38.9009879338592,UPSHUR,74.420742,21.2848891112496
Trans,-77.0572079394984,38.9009879338592,-77.0520480570337,38.9118554949227,N,80.851554,19.2319227543837
Trans,-77.0520480570337,38.9118554949227,-77.056213387768,38.9184577793005,MARIETTA,161.661264,24.5243061915176
Trans,-77.056213387768,38.9184577793005,-77.0553468467837,38.9187315659764,N,125.344467,24.2634251102541
Trans,-77.0553468467837,38.9187315659764,-77.0517254890076,38.9204391584139,MAPLE,131.178168,14.5847340980696
Trans,-77.0517254890076,38.9204391584139,-77.0477156083549,38.9350607641327,51ST,179.214623,17.6769917651859
Trans,-77.0477156083549,38.9350607641327,-77.0512337112033,38.9394985131753,52ND,92.185981,18.2047455753716
Trans,-77.0512337112033,38.9394985131753,-77.0495743461644,38.9433730072975,45TH,85.513696,16.7485275223744
Trans,-77.0495743461644,38.9433730072975,-77.0496885788901,38.9442194659602,45TH,88.77342,19.1222945540076
Trans,-77.0496885788901,38.9442194659602,-77.041814646472,38.9606705420174,41ST,139.000867,16.3814816967566
Trans,-77.041814646472,38.9606705420174,-77.0461296440688,38.9690684826653,47TH,153.77049,16.3165533270749
Trans,-77.0461296440688,38.9690684826653,-77.040608361806,38.9728453432385,48TH,53.372257,14.0511299457477
End,-77.0363733551548,38.9722766233618,-77.040608361806,38.9728453432385,RANDOLPH,30.122787,13.9363604695649
Taxi,-76.9378019412362,38.870733783733,-76.9377247976701,38.8706723576355,ANGELL,95.102745,40.8402594236272
Trans,-76.9391196679866,38.8717934164403,-76.9378019412362,38.870733783733,BECK,164.292332,38.5790621321273
Trans,-76.941607099572,38.8711653593809,-76.9391196679866,38.8717934164403,ALABAMA,227.80806,36.1593563911684
Trans,-76.9435235373634,38.8707807420707,-76.941607099572,38.8711653593809,ALABAMA,171.701946,22.958328855162
Trans,-76.948682008207,38.8728830723896,-76.9435235373634,38.8707807420707,I,167.810286,22.4367889008979
Trans,-76.9498098650408,38.8733448829259,-76.948682008207,38.8728830723896,I,111.281089,39.6289129978376
Trans,-76.9529252029341,38.8746143831512,-76.9498098650408,38.8733448829259,I,96.830844,19.4131836628214
Trans,-76.956251148181,38.8759693687419,-76.9529252029341,38.8746143831512,I,96.41049,22.3885771609018
Trans,-76.9575141372619,38.8764837641768,-76.956251148181,38.8759693687419,M,84.701495,34.0380851860336
Trans,-76.9600607978544,38.87751459292,-76.9575141372619,38.8764837641768,M,103.85349,36.1007720426981
Trans,-76.9600607978544,38.87751459292,-76.9605286128144,38.8764132951888,ANACOSTIA,128.905185,35.5838272598229
Trans,-76.9605286128144,38.8764132951888,-76.9611675838632,38.8756587384305,ANACOSTIA,101.534129,29.3059015558687
Trans,-76.9611675838632,38.8756587384305,-76.9622810094152,38.8753259299213,ANACOSTIA,103.642904,22.5713152673061
Trans,-76.9622810094152,38.8753259299213,-76.9636432608124,38.8749235062757,ANACOSTIA,126.814538,32.3179929359557
Trans,-76.9636432608124,38.8749235062757,-76.9647718672933,38.8748283631139,ANACOSTIA,99.120567,26.307412638413
Trans,-76.9647718672933,38.8748283631139,-76.9647710463013,38.8746224302594,30TH,22.860204,27.4352464691589
Trans,-76.9664223364949,38.8746187733902,-76.9647710463013,38.8746224302594,E,48.468288,25.8187347387078
Trans,-76.9677699643473,38.8746185224789,-76.9664223364949,38.8746187733902,E,48.042369,24.9459584825627
Trans,-76.9677768448477,38.874948952514,-76.9677699643473,38.8746185224789,28TH,36.687758,23.8854364028323
Trans,-76.9680758473621,38.8748012067757,-76.9677768448477,38.874948952514,MINNESOTA,30.69612,27.6658233370498
Trans,-76.9683407315083,38.8746665132058,-76.9680758473621,38.8748012067757,MINNESOTA,27.420467,27.6658233370498
Trans,-76.9690291009182,38.8743209553469,-76.9683407315083,38.8746665132058,MINNESOTA,70.992197,28.1348173787339
Trans,-76.9693218767854,38.8741696013918,-76.9690291009182,38.8743209553469,MINNESOTA,30.458762,21.4449625877855
Trans,-76.9707717456709,38.8749366782456,-76.9693218767854,38.8741696013918,BURNS,153.734224,21.4427126032392
Trans,-76.972950648129,38.87454051154,-76.9707717456709,38.8749366782456,FAIRLAWN,194.396417,24.9517513942819
Trans,-76.979300795454,38.877521621158,-76.972950648129,38.87454051154,PENNSYLVANIA,643.180883,26.8000567610531
Trans,-76.9796253243108,38.8776855482626,-76.979300795454,38.877521621158,PENNSYLVANIA,33.528925,20.336400017721
Trans,-76.9902413493931,38.8773984704994,-76.9796253243108,38.8776855482626,2ND,124.777031,23.0402428556683
Trans,-76.9902413493931,38.8773984704994,-76.9902711954704,38.8764973022497,2ND,20.8102,23.8128384290063
Trans,-76.9915359972299,38.8765053281328,-76.9902711954704,38.8764973022497,M,109.760696,15.9580084347932
Trans,-76.9926670013146,38.8764820368227,-76.9915359972299,38.8765053281328,M,98.21537,16.2961982469572
Trans,-76.9937717788681,38.8764821009473,-76.9926670013146,38.8764820368227,M,95.86425,17.1634241220816
Trans,-76.9937624758679,38.876909945266,-76.9937717788681,38.8764821009473,JAY,79.978944,17.5425349055366
Trans,-76.9937601165209,38.8775328757479,-76.9937624758679,38.876909945266,WISCONSIN,53.474296,17.3543246032025
Trans,-76.9949723850661,38.8775399607546,-76.9937601165209,38.8775328757479,L,105.228429,21.1156616945387
Trans,-76.9961894946751,38.8775375745201,-76.9949723850661,38.8775399607546,L,105.616859,15.1939244619878
Trans,-76.9995240127015,38.8775326810378,-76.9961894946751,38.8775375745201,L,289.343097,18.3798256492694
Trans,-76.9995205494366,38.8784138822388,-76.9995240127015,38.8775326810378,DECATUR,48.06644,25.2570485185611
Trans,-76.9992531671312,38.8792843619331,-76.9995205494366,38.8784138822388,DECATUR,132.38066,19.0850914908524
Trans,-76.9999877767817,38.8794951528203,-76.9992531671312,38.8792843619331,VIRGINIA,20.95687,25.6574468850208
Trans,-77.0005787589663,38.8797484752587,-76.9999877767817,38.8794951528203,VIRGINIA,68.752258,21.7145520039675
Trans,-77.0020573046138,38.8802070757857,-77.0005787589663,38.8797484752587,VIRGINIA,58.48452,16.1778066892582
Trans,-77.0034488876022,38.8806402367922,-77.0020573046138,38.8802070757857,VIRGINIA,138.204764,23.9469835625441
Trans,-77.0090637508235,38.8823031160677,-77.0034488876022,38.8806402367922,VIRGINIA,130.520757,36.573575932752
Trans,-77.0090698247353,38.8832100806378,-77.0090637508235,38.8823031160677,SOUTH CAPITOL,100.683402,14.5414698424199
Trans,-77.0090699079819,38.8838648202985,-77.0090698247353,38.8832100806378,SOUTH CAPITOL,72.681125,15.0151002408292
Trans,-77.0090629314709,38.885073073302,-77.0090699079819,38.8838648202985,SOUTH CAPITOL,134.130875,15.6393369779191
Trans,-77.0090629314709,38.885073073302,-77.0107937056861,38.8850867039103,FOLLEY,26.126077,12.7957179159006
Trans,-77.0107937056861,38.8850867039103,-77.0121438917684,38.8860393041278,WASHINGTON,158.237549,20.1193541034642
Trans,-77.0121438917684,38.8860393041278,-77.0129949434843,38.886680548529,WASHINGTON,102.570644,47.2639600969197
Trans,-77.0129949434843,38.886680548529,-77.0135197612131,38.8871455674663,WASHINGTON,68.851882,20.2559293337816
Trans,-77.0135197612131,38.8871455674663,-77.0138090012439,38.8875698987269,WASHINGTON,55.088229,17.9638017020389
Trans,-77.0138090012439,38.8875698987269,-77.0151802949149,38.8875740660677,INDEPENDENCE,122.645358,15.4050613033278
Trans,-77.0151802949149,38.8875740660677,-77.0165938845799,38.8875710169896,INDEPENDENCE,82.894273,26.7400843848002
Trans,-77.0165938845799,38.8875710169896,-77.0175491949546,38.8875790552683,INDEPENDENCE,104.285154,24.3912817083542
Trans,-77.0175633078319,38.8888041865411,-77.0175491949546,38.8875790552683,HURSTON,75.872725,23.8318203973943
Trans,-77.017557152118,38.8897119808233,-77.0175633078319,38.8888041865411,4TH,136.015759,15.9888527995397
Trans,-77.017557152118,38.8897119808233,-77.0175702065646,38.8906037889618,4TH,168.009104,33.0932197065044
Trans,-77.0175702065646,38.8906037889618,-77.0219102845982,38.8905459428867,Q,110.590265,21.3818556292092
Trans,-77.0219102845982,38.8905459428867,-77.0281888739682,38.890468461477,Q,91.570531,19.4362537534273
Trans,-77.0281888739682,38.890468461477,-77.0281397052782,38.8920931793123,GEORGIA,90.713143,17.2698223389421
Trans,-77.0281397052782,38.8920931793123,-77.0319661319333,38.8921009937156,CONSTITUTION,146.566298,17.7761216701957
Trans,-77.0319661319333,38.8921009937156,-77.0336552972257,38.8920973026676,UNICORN,121.081408,18.0327889569908
Trans,-77.0336552972257,38.8920973026676,-77.0365437572127,38.8921042359382,UNIVERSITY,209.994735,15.1003971588577
Trans,-77.0365437572127,38.8921042359382,-77.0394832526639,38.892107519984,UNIVERSITY,115.584088,17.3396372897701
Trans,-77.0394832526639,38.892107519984,-77.0406782485808,38.8921075603481,UNIVERSITY,108.812873,18.0481416617897
Trans,-77.0406782485808,38.8921075603481,-77.0417331924901,38.892107728694,UNIVERSITY,102.043024,18.1018391970112
Trans,-77.0417331924901,38.892107728694,-77.0434796368543,38.892108623639,UNIVERSITY,101.647757,20.7539905001027
Trans,-77.0434796368543,38.892108623639,-77.0449403284343,38.8921087908847,UNIVERSITY,72.291967,17.6774444032102
Trans,-77.0449403284343,38.8921087908847,-77.0466780119918,38.8921090102318,FLORIDA,71.263465,18.9982533005508
Trans,-77.0466780119918,38.8921090102318,-77.0479739837392,38.8921089355635,FLORIDA,24.518816,19.349720339831
Trans,-77.0479739837392,38.8921089355635,-77.0488513005473,38.8921098668948,FLORIDA,102.689017,20.3440483149924
Trans,-77.0488513005473,38.8921098668948,-77.050161704289,38.8921029876204,FLORIDA,30.579895,19.4741749064713
Trans,-77.050161704289,38.8921029876204,-77.0544625335805,38.8927979988352,FLORIDA,53.635117,20.5888002740699
Trans,-77.0544625335805,38.8927979988352,-77.0537474222708,38.8953950308316,7TH,58.517323,20.6277569480792
Trans,-77.0537474222708,38.8953950308316,-77.0591085015375,38.9025747470461,WASHINGTON,77.190591,24.4647466182148
Trans,-77.0591085015375,38.9025747470461,-77.0702311292696,38.9050308931064,WARDER,83.242193,20.2520341652615
Trans,-77.0702311292696,38.9050308931064,-77.071509481698,38.9051003659136,1ST,197.648953,19.3777041647358
Trans,-77.071509481698,38.9051003659136,-77.0791733145069,38.9059620183353,1ST,229.716142,28.9656746449338
Trans,-77.0791733145069,38.9059620183353,-77.0868087934106,38.9067216097833,SHERMAN,47.579174,27.5117650697149
Trans,-77.0868087934106,38.9067216097833,-77.1005254292429,38.9190006081029,ARIZONA,90.640219,22.5234747731751
Trans,-77.0985071764027,38.9168773499443,-77.1005254292429,38.9190006081029,SHERIDAN,257.007698,25.7213297564395
Trans,-77.0974131993895,38.9164276699999,-77.0985071764027,38.9168773499443,SHERIDAN,323.34418,22.9458816550331
Trans,-77.0956460490021,38.9158776393554,-77.0974131993895,38.9164276699999,SHERIDAN,81.3302,19.7013719071101
Trans,-77.0946754767867,38.9156365372977,-77.0956460490021,38.9158776393554,SHERIDAN,22.657171,19.1869553841052
Trans,-77.0946754767867,38.9156365372977,-77.0961262679551,38.9169496159077,NEWARK,140.591808,21.5704121854616
Trans,-77.0961262679551,38.9169496159077,-77.096686787867,38.9174632113973,OLIVER,223.90368,20.2201374242375
Trans,-77.096686787867,38.9174632113973,-77.0976565357075,38.9179991300925,OLIVER,216.790292,23.1242721383012
Start,-77.096686787867,38.9174632113973,-77.0976565357075,38.9179991300925,OLIVER,216.790292,23.1242721383012
Trans,-77.0961262679551,38.9169496159077,-77.096686787867,38.9174632113973,OLIVER,223.90368,20.2201374242375
Trans,-77.0946754767867,38.9156365372977,-77.0961262679551,38.9169496159077,NEWARK,140.591808,21.5704121854616
Trans,-77.0946754767867,38.9156365372977,-77.0956460490021,38.9158776393554,SHERIDAN,22.657171,19.1869553841052
Trans,-77.0956460490021,38.9158776393554,-77.0974131993895,38.9164276699999,SHERIDAN,81.3302,19.7013719071101
Trans,-77.0974131993895,38.9164276699999,-77.0985071764027,38.9168773499443,SHERIDAN,323.34418,22.9458816550331
Trans,-77.0985071764027,38.9168773499443,-77.1005254292429,38.9190006081029,SHERIDAN,257.007698,25.7213297564395
Trans,-77.0868087934106,38.9067216097833,-77.1005254292429,38.9190006081029,ARIZONA,90.640219,22.5234747731751
Trans,-77.0791733145069,38.9059620183353,-77.0868087934106,38.9067216097833,SHERMAN,47.579174,27.5117650697149
Trans,-77.071509481698,38.9051003659136,-77.0791733145069,38.9059620183353,1ST,229.716142,28.9656746449338
Trans,-77.0702311292696,38.9050308931064,-77.071509481698,38.9051003659136,1ST,197.648953,19.3777041647358
Trans,-77.0591085015375,38.9025747470461,-77.0702311292696,38.9050308931064,WARDER,83.242193,20.2520341652615
Trans,-77.0561080203886,38.9025387349847,-77.0591085015375,38.9025747470461,VARNUM,14.884976,21.3742394616176
Trans,-77.0533082868339,38.9025362614546,-77.0561080203886,38.9025387349847,18TH,117.680737,20.831135631334
Trans,-77.0466509831003,38.9025337220389,-77.0533082868339,38.9025362614546,18TH,117.832261,15.5579807917327
Trans,-77.0448997152368,38.9025328593737,-77.0466509831003,38.9025337220389,18TH,118.145207,15.1703364628603
Trans,-77.0448997152368,38.9025328593737,-77.0449019224925,38.9037499719149,17TH,82.281822,14.6515725694796
Trans,-77.0434586617963,38.9037520660327,-77.0449019224925,38.9037499719149,14TH,11.17004,12.0647590428088
Trans,-77.0416752995035,38.9037510267646,-77.0434586617963,38.9037520660327,14TH,34.880176,14.8992736112221
Trans,-77.0400137095039,38.9037486518293,-77.0416752995035,38.9037510267646,14TH,75.920189,13.555377679021
Trans,-77.038511121195,38.9037501640686,-77.0400137095039,38.9037486518293,14TH,68.130246,18.9118123427717
Trans,-77.0365408176223,38.9037467888124,-77.038511121195,38.9037501640686,14TH,58.090164,12.5471867590237
Trans,-77.0365408176223,38.9037467888124,-77.0365359807574,38.9056616509643,CORREGIDOR,42.795583,21.8301765824313
Trans,-77.0365359807574,38.9056616509643,-77.0365290873793,38.9087040767282,CORREGIDOR,43.647371,20.2731273371773
Trans,-77.0365290873793,38.9087040767282,-77.0365260119169,38.9096497400811,ELLICOTT,35.190884,11.4113164167516
Trans,-77.0365260119169,38.9096497400811,-77.0365228174435,38.9103913080162,ELLICOTT,229.141676,10.9577004794072
Trans,-77.0345587044725,38.9103940680609,-77.0365228174435,38.9103913080162,33RD,100.795002,12.8478800312237
Trans,-77.0345587044725,38.9103940680609,-77.0345581406675,38.9111341030759,IDAHO,130.592574,13.061747431086
Trans,-77.0345581406675,38.9111341030759,-77.0345546963741,38.9118783733265,IDAHO,27.641112,13.235646278985
Trans,-77.0319508491018,38.9118756912373,-77.0345546963741,38.9118783733265,FLORIDA,103.949627,13.3732574599339
Trans,-77.0296245317503,38.9118726108313,-77.0319508491018,38.9118756912373,FLORIDA,68.224348,13.0569641936337
Trans,-77.0296245317503,38.9118726108313,-77.0296247242065,38.912613496142,JEFFERSON,180.087461,12.7449401487116
Trans,-77.0278963360768,38.9126148077986,-77.0296247242065,38.912613496142,LOGAN,33.353435,12.9157764675188
Trans,-77.0270371095059,38.912614894936,-77.0278963360768,38.9126148077986,LOGAN,37.952185,16.8125973343568
Trans,-77.0259920093183,38.9126156726102,-77.0270371095059,38.912614894936,LOGAN,27.724418,13.7376322709078
Trans,-77.0239699514087,38.9126137627859,-77.0259920093183,38.9126156726102,R,90.642989,14.3382689115571
Trans,-77.0229472194526,38.9126132474677,-77.0239699514087,38.9126137627859,LOGAN,93.094525,14.6368361573592
Trans,-77.0219201071304,38.9126163273555,-77.0229472194526,38.9126132474677,LOGAN,33.016042,12.7760092871709
Trans,-77.0210161822888,38.9126413300077,-77.0219201071304,38.9126163273555,LOGAN,37.997079,12.7485978096957
Trans,-77.019903080503,38.9130444234822,-77.0210161822888,38.9126413300077,RHODE ISLAND,86.182867,16.8418115346374
Trans,-77.019903080503,38.9130444234822,-77.0198998472033,38.9140989209783,KENNEDY,64.25057,15.7469831026493
Trans,-77.0198998472033,38.9140989209783,-77.019978231514,38.9154576693195,KENNEDY,93.737282,32.9646928371321
End,-77.019978231514,38.9154576693195,-77.02066041322,38.9157458731404,20TH,107.686698,16.5336215941807
