"unique.Id","from","to","length","street.name","type","num.lanes","one.way","from.x","from.y","to.x","to.y","avg_speed","var_speed"
0,10788,13050,127.84350514,"WOODVILLE AVE","AVE",1,"FT",-80.0282000949053,40.4309920091858,-80.0286177170125,40.430954209413,35.4697545855041,125.971015888469
0,11324,1905,2308.16778323,"I-376 RAMP","RAMP",1,"FT",-80.0083407450601,40.439211987358,-80.0008965479285,40.4364275526205,41.6218736799201,114.965646643883
0,15928,13284,0,"LIBERTY BRG RAMP","RAMP",1,"FT",-79.9946983800652,40.4355432937646,-79.9943026969946,40.4356667535349,31.3487242008849,53.4422225628017
0,5202,4582,175.50262002,"31ST ST","ST",1,"TF",-79.9717001349899,40.4602128031582,-79.9712749696591,40.4598569651379,20.7314401782893,62.8281158864079
0,7805,11111,64.16066476,"QUEEN ST","ST",0,"N",-79.9663362730442,40.4365606619021,-79.965629730508,40.4372100827977,58.6329838899907,59.5611609565682
0,798,10935,608.15805959,"BLOOMFIELD BRG RAMP","RAMP",1,"FT",-79.9540109979473,40.4633777635809,-79.9541690711869,40.4622434599613,21.4023502593357,42.7908174361037
0,14703,1357,260.90413599,"I-376 RAMP","RAMP",1,"FT",-79.9309885907971,40.4284244896935,-79.9317528558071,40.4287094869369,50.3616954194236,74.2898425167358
0,11730,17186,234.65689458,"BEECHWOOD BLVD RAMP","RAMP",1,"FT",-79.9296204602831,40.4281248270879,-79.9287982360223,40.4280124307563,33.9713396675805,211.275322800177
0,10604,13593,321.97434966,"PA RT 28 RAMP","RAMP",0,"FT",-79.8957050627039,40.4922365267319,-79.8950595469347,40.4916571912579,61.3715746322489,45.2464765580842
0,10895,17358,469.6122654,"PA RT 28",NA,0,"FT",-79.8862857600105,40.4908741651117,-79.8846026765158,40.4907768381229,60.3480421601466,63.0729307785513
4808,14756,15884,103.61188487,"OVERBECK ST","ST",1,"N",-80.0115464072748,40.4935458824299,-80.01136371975,40.4929881730364,45.2385035949671,64.6109584289997
5419,15960,15958,425.58397979,"N ST CLAIR ST","ST",2,"N",-79.9288454955397,40.4627904411104,-79.9285826861448,40.4626972008111,16.0261797688026,34.4474918934361
10571,982,14801,537.08317172,"LIBERTY AVE","AVE",4,"N",-79.986890305975,40.4482209559937,-79.9853935919249,40.4491515919171,22.9590943789808,59.0085487019749
6340,10935,6622,631.77500124,"BLOOMFIELD BRG","BRG",4,"N",-79.9541690711869,40.4622434599613,-79.9528271869621,40.4636423840418,33.0412146305324,45.4531216106532
6565,1010,13301,122.24415203,"MACE WAY","WAY",0,"N",-80.0538479907543,40.4379395958248,-80.0549468283133,40.4378567646919,27.3780367602796,44.1888984010787
13888,15212,1626,1133.2067846,"S DALLAS AVE","AVE",2,"N",-79.9125789881898,40.4411143783345,-79.9130828733393,40.4380276555525,13.5624164274422,38.8910588665547
14420,4822,3284,278.81382449,"I-376 RAMP","RAMP",0,"N",-79.9960646294861,40.4342152641568,-79.9950846969213,40.4340592584893,29.1313924850998,21.4201515839685
14055,5277,2892,656.24961438,"GRANT ST RAMP","RAMP",0,"N",-80.0009760641647,40.4363019000935,-79.9989958336719,40.4361359760979,31.135140044805,97.2936241651309
11954,6873,1688,244.95481032,"FORT DUQUESNE BRG","BRG",0,"FT",-80.0091531118291,40.4440205485541,-80.0088605316052,40.4433865606611,30.8924362948585,113.120572843095
4932,5316,15949,305.67815594,"MARSHALL AVE RAMP","RAMP",2,"FT",-80.031657017862,40.462526387256,-80.0307811486813,40.4621110069382,27.505308404631,58.3401179660689
5206,13203,12700,772.42840443,"PENN AVE","AVE",2,"N",-79.9672138150534,40.4626735671717,-79.9650672892723,40.4639911955612,21.1065088107649,52.425318036129
14892,10788,13946,143.39586933,"I-376 RAMP","RAMP",0,"FT",-80.0282000949053,40.4309920091858,-80.0283320577193,40.4306115274666,35.4697545855041,125.971015888469
14892,1484,10788,674.41758948,"I-376 RAMP","RAMP",0,"FT",-80.0263769229602,40.4310828697937,-80.0282000949053,40.4309920091858,35.4697545855041,125.971015888469
15152,3656,7585,1020.58984195,"SAW MILL RUN BLVD RAMP","RAMP",0,"FT",-80.0273293518876,40.4301995589354,-80.0242829714115,40.4291029347163,35.664579085061,114.339798192124
73,5353,10821,478.80339667,"IVORY AVE","AVE",2,"N",-80.0202610648327,40.4982443165317,-80.0190122841179,40.4975130362144,27.1665974287735,63.0971313639245
3548,4174,500,581.13836533,"BUTLER ST","ST",2,"N",-79.9637529801949,40.4675682977016,-79.9622902158894,40.4687069929587,26.3448760245737,92.8936254276879
22416,12450,11369,91.73957417,"SAW MILL RUN BLVD","BLVD",0,"N",-79.9960007426047,40.3824801641446,-79.9959525089591,40.3822310530178,36.7856168528804,66.6270704197094
8012,9156,11767,255.89237672,"HERRON AVE","AVE",2,"N",-79.9659832780028,40.4557081979193,-79.9654767856393,40.4562933343775,20.858304996222,33.1738727506639
12366,281,7759,1121.03720366,"CROSSTOWN BLVD","BLVD",0,"N",-79.9910359219339,40.4441669287633,-79.992709830116,40.4414098558353,58.7579271763389,40.8340855294472
348,248,17538,989.89345537,"62ND ST BRG","BRG",0,"N",-79.9371556186231,40.48842923155,-79.9380118560555,40.491066601729,30.0329497741113,67.0520311235833
21474,9962,14063,2479.15592433,"GLENWOOD BRG","BRG",0,"N",-79.9359242542782,40.3998662779811,-79.9348708627099,40.3931345795683,30.074582443446,84.7199190441461
99678,7613,17271,443.25524716,"FAGEL ST","ST",2,"N",-79.9561527456392,40.4108678910847,-79.9573054096043,40.4109230116721,32.201890274473,34.0938221002177
13192,6932,14030,612.57134226,"FORT DUQUESNE BRG RAMP","RAMP",1,"TF",-80.0061304308189,40.4385687659164,-80.0080607820311,40.4393713038958,36.4508469977274,65.7626463754326
21143,13075,7492,154.02639469,"WHITED ST","ST",2,"N",-79.9981940565017,40.3962777164987,-79.998721841927,40.3961515116272,34.4508044902713,98.9701412723306
13084,12303,6026,151.51936771,"5TH AVE","AVE",3,"N",-79.9972911850742,40.4395769586883,-79.9968026100721,40.4393935602654,17.2704925872372,38.8917913150003
34007,287,5761,314.39968787,"MAZEROSKI WAY","WAY",0,"N",-80.0078912959664,40.4484326874606,-80.0076613675614,40.4476600731837,57.9906679055954,93.2086760466044
12894,4049,12588,302.93052346,"COMMONWEALTH PL","PL",2,"N",-80.0070118065913,40.440296741003,-80.0075491094673,40.4395039861128,24.8055398579602,22.1019096896032
11864,12356,8863,295.9906492,"FORT DUQUESNE BLVD","BLVD",2,"FT",-80.0046754462284,40.4434580775322,-80.0036701762343,40.4437230789619,40.7721818187693,72.7631819742988
30231,10771,14856,1843.2053276,"PA RT 28 RAMP","RAMP",1,"FT",-79.994345449673,40.4508737849517,-79.992594276606,40.4555879483839,46.6488921522293,74.8283422728875
11596,4331,199,467.09249345,"GARRISON PL","PL",1,"N",-79.9982712475594,40.4455680725947,-79.9976321603095,40.4445121472975,25.6409652807872,48.8618221595357
12181,8863,8363,477.10177008,"CECIL WAY","WAY",1,"TF",-80.0036701762343,40.4437230789619,-80.0030963247696,40.4424896293097,19.819665139148,22.5642381770129
12172,7813,727,411.59387903,"FORBES AVE","AVE",4,"FT",-79.9521361159119,40.4435358779992,-79.950739870938,40.4439080229979,23.8890012384028,69.7660062339726
19416,1673,3960,443.81567908,"IRVINE ST","ST",0,"N",-79.9450855925,40.4124845322975,-79.9447232733177,40.4113125005758,33.0883819321905,113.03439948788
34098,4503,6579,161.593426,"WEST LIBERTY AVE","AVE",0,"N",-80.0099467728547,40.4133356123782,-80.0101194513336,40.4129121305256,11.4570140433609,21.3224137340523
13662,3079,6097,521.58797316,"FORT PITT BLVD","BLVD",2,"FT",-80.0043708845284,40.4377395287773,-80.0026825130979,40.4371189094927,25.3996052384177,62.2267502905216
14294,8585,6428,120.9962796,"HAMLET ST","ST",1,"TF",-79.9628641666581,40.4356927029049,-79.9626500443936,40.4359957996879,25.2198247554233,74.0509349118162
10603,8549,6981,432.36243828,"PENN AVE","AVE",3,"N",-79.9887042039809,40.4480629560666,-79.987504012933,40.4488165147956,18.3509604491758,116.651069011602
12282,467,12992,1055.3562824,"WOODMERE DR","DR",2,"N",-80.0805267944109,40.4405461276996,-80.0824758384522,40.4429728537704,32.6377800799675,64.1024641811726
30251,6871,247,754.81183768,"I-279 HOV",NA,0,"N",-80.0112023195838,40.493840726432,-80.0101871745366,40.4919643749712,35.0769550700438,104.970437570204
15473,2644,10397,1392.35304521,"WILLIAM ST","ST",1,"N",-79.9967858546487,40.428194351801,-80.0011631704317,40.4288779959375,28.5521751636785,75.6211445171045
501,14057,248,168.10416343,"BUTLER ST","ST",2,"N",-79.9377041981304,40.4882355937109,-79.9371556186231,40.48842923155,33.7261221726994,65.4642171746663
12590,5020,8501,84.72515336,"COMMONWEALTH PL","PL",2,"N",-80.0068014015707,40.441070643868,-80.0067515173083,40.4408418211718,19.8545502377026,53.8010310118495
9950,6201,5035,741.27756908,"PENN AVE","AVE",0,"N",-79.9103804516838,40.4526300043459,-79.9081917255399,40.4514869349057,26.2390729726815,161.018385420977
11519,2966,6856,362.25843247,"PENN AVE","AVE",0,"N",-79.895162141258,40.4471325111818,-79.8939641859437,40.4467438997784,26.4356715847902,45.4185001761819
31949,14159,10943,1266.29396298,"I-376",NA,0,"N",-79.8954867327822,40.4260918458056,-79.8912583999688,40.4272022288893,32.9725608490839,115.779047074147
31949,15707,11040,299.72016701,"I-376",NA,0,"N",-79.8940053329598,40.4262852401387,-79.8957161291078,40.4261534940996,32.3421487830775,158.817561783269
32039,247,53,15778.4996737,"I-279 HOV",NA,0,"N",-80.0101871745366,40.4919643749712,-79.9991860138232,40.4592068976146,44.4633904761112,89.675636422775
32039,53,59,15778.4996737,"I-279 HOV",NA,0,"N",-79.9991860138232,40.4592068976146,-79.9969617486047,40.4524120429157,53.8498258821787,74.3808352753459
32039,59,15969,15778.4996737,"I-279 HOV",NA,0,"N",-79.9969617486047,40.4524120429157,-79.9977090760507,40.4507438912947,53.7212224051382,105.59664022895
32192,8318,5424,1665.9748575,"HOT METAL ST BRG","BRG",0,"N",-79.962506963268,40.4271822397996,-79.9578169472402,40.4300216919363,30.6017526905837,78.2262129652194
484,248,15422,202.54418196,"BUTLER ST","ST",2,"N",-79.9371556186231,40.48842923155,-79.9364899634275,40.4886546203303,30.0329497741113,67.0520311235833
8399,4700,15474,717.00721146,"EAST OHIO ST","ST",0,"TF",-79.9968277007334,40.4541608560298,-79.994517148852,40.4549550973842,39.0713160244217,167.252748577984
14739,3479,3843,3110.69708165,"W CARSON ST","ST",0,"N",-80.0081235793174,40.4345371287456,-80.0169876050877,40.4396997937826,22.8134761611806,35.9774038409968
11671,11801,12019,203.17850132,"S MAIN ST","ST",0,"N",-80.0274857520419,40.4437747503356,-80.028157188782,40.4435559154858,39.7453532485082,54.5722076091554
13264,13801,3184,180.06004078,"CROSSTOWN BLVD","BLVD",2,"FT",-79.9937329087073,40.4388939853645,-79.9935120093967,40.4393249196003,55.1295963230411,97.3291234459658
9845,6568,2382,2226.04505675,"OHIO RIVER BLVD","BLVD",0,"N",-80.027817276899,40.4515703660394,-80.0212593300147,40.4490133346654,51.7291209577683,90.3753365089285
19019,1825,10529,550.84839717,"BANKSVILLE RD","RD",0,"N",-80.0299444733957,40.4158994069639,-80.0301700107379,40.4143991191973,27.3288200563028,60.4455686807031
13113,9627,8906,429.98433467,"BLVD OF THE ALLIES",NA,4,"N",-80.0050212863367,40.4395985870424,-80.0036346644576,40.4390783472366,32.8813196597803,58.5727810151552
14406,1905,4822,1591.78020912,"I-376 RAMP","RAMP",1,"FT",-80.0008965479285,40.4364275526205,-79.9960646294861,40.4342152641568,49.1547991842158,165.138736632758
30220,15122,2397,1914.98511974,"I-279",NA,0,"N",-80.0136733192931,40.4485659658004,-80.0068155470256,40.4486238853136,61.7959547585151,72.1532936471825
22571,4202,16500,532.25863217,"SAW MILL RUN BLVD","BLVD",0,"N",-79.994033231545,40.3797725121875,-79.9928810581136,40.3786370809245,28.8388462128484,82.2711612068636
6098,5035,14394,480.35277308,"SLOPE ST","ST",2,"N",-79.9081917255399,40.4514869349057,-79.9077893596162,40.45204095017,26.2390729726815,161.018385420977
8065,15353,7628,181.74687137,"MANHATTAN ST","ST",2,"N",-80.0251245300812,40.449731047449,-80.0243993817196,40.4504910050384,22.1223827039947,24.1198818566561
19529,14239,17861,207.07136036,"HOMESTEAD HIGH LEVEL BRG","BRG",0,"N",-79.9202701024264,40.4120259479582,-79.9197386035871,40.4116284054559,52.3122823953048,88.7549306730241
12320,14463,15615,314.02797815,"6TH ST","ST",2,"N",-80.0021496442316,40.4427416558446,-80.0017948324561,40.4419235161292,22.3518416610956,20.3098167808278
16056,1530,12346,691.62055907,"I-376 RAMP","RAMP",0,"N",-79.8914151409475,40.4275983240338,-79.893355366441,40.4264946555158,34.9630042505684,98.9483870613097
22275,15361,5029,219.09842036,"HOLCOMB AVE","AVE",2,"N",-79.9949063860501,40.3850024555724,-79.9950761982209,40.3846962459415,36.7942840347146,85.9625506548603
6639,10987,10988,31.98955607,"PENN AVE","AVE",2,"TF",-79.9714493529901,40.4597334055361,-79.9713670515473,40.459794711228,15.6896225414104,40.0000939096513
22581,3232,12241,159.52584954,"MC NEILLY AVE","AVE",0,"N",-80.0041812112315,40.3781696461072,-80.0037535671907,40.3778788131584,29.2930291151172,33.5066189667149
22434,11369,9480,87.42201181,"SAW MILL RUN BLVD","BLVD",0,"N",-79.9959525089591,40.3822310530178,-79.9958984152473,40.3819946691852,36.7856168528804,66.6270704197094
9702,1919,2995,518.66510671,"SHADY AVE","AVE",2,"N",-79.9207120976228,40.4528937793734,-79.920298105726,40.4515057331093,17.3498326688518,59.5565002074861
12442,50,9227,519.48426306,"BEDFORD AVE","AVE",2,"FT",-79.9910980624676,40.4425574001907,-79.9907961306246,40.4428090280145,55.7218080891778,231.623101833679
10306,1178,8084,181.77945535,"FEDERAL ST S","ST",4,"N",-80.0043741528635,40.4486516249613,-80.0045265038133,40.4491368209507,17.9394875052495,46.9796515454794
12050,2245,6597,372.35145739,"FORT PITT BRG RAMP","RAMP",0,"FT",-79.9983628267293,40.4370636187516,-79.9951103950099,40.4359318661507,21.965985008304,67.7817773526091
5078,6642,798,314.26151061,"LIBERTY AVE","AVE",2,"N",-79.9551083741504,40.4631761015134,-79.9540109979473,40.4633777635809,21.4023502593357,42.7908174361037
14435,12377,13735,142.7007367,"BLVD OF THE ALLIES",NA,4,"N",-79.9564077994022,40.4351240791048,-79.9559382017702,40.4349670067122,32.1955860145661,75.1585013851638
32191,3553,12713,407.1460444,"HOT METAL ST","ST",0,"N",-79.964528550566,40.4254184567748,-79.9635668684572,40.4262604416841,31.6430480325948,82.4173048882709
2435,3863,1050,1409.83859993,"SWINDELL BRG","BRG",0,"N",-80.0072608299231,40.4712739676124,-80.0028681272323,40.4732005010262,46.1216766678246,126.86799192695
7800,10188,6897,739.1516463,"BENNETT ST","ST",0,"N",-79.9040674261812,40.458007251718,-79.9014791839787,40.457554433013,32.7190914502561,43.6621756325156
16534,11040,8273,449.39900665,"I-376",NA,0,"FT",-79.8957161291078,40.4261534940996,-79.8973249689572,40.4260539043826,53.7203791871327,103.10436984939
8444,2650,4700,296.63034949,"EAST OHIO ST","ST",0,"TF",-79.9978701588806,40.4540184862617,-79.9968277007334,40.4541608560298,49.3018547247545,139.973490760914
18607,8220,3364,218.9478856,"W WARRINGTON AVE","AVE",2,"N",-80.01128660901,40.4151925796286,-80.0113863018024,40.4150351259468,26.1117030301634,69.2963385246787
13802,4705,8075,260.37964553,"FORBES AVE","AVE",2,"FT",-79.9734580090101,40.4371489132862,-79.9725284218537,40.4370888827526,31.8466688372482,84.6793375614704
14394,308,15928,617.2738302,"LIBERTY BRG RAMP","RAMP",0,"N",-79.9956981025702,40.4342580217106,-79.9946983800652,40.4355432937646,29.1313924850998,21.4201515839685
18483,15338,3442,278.83514913,"SCHUCK WAY","WAY",1,"N",-79.9952806176304,40.4358701393128,-79.9947814578496,40.4356781864908,28.5435510039913,35.3848834802706
21927,7170,15134,148.10573026,"GLASS RUN RD","RD",2,"N",-79.9328302098985,40.3898243015772,-79.9333568584801,40.3897684265684,39.148841264164,82.9935892518975
14281,13528,12421,203.04316085,"BLVD OF THE ALLIES",NA,0,"N",-79.9622513904278,40.4357700350497,-79.9615272177539,40.4358364117414,36.5244023006069,43.1922816655582
15533,152,14875,271.31742019,"S 10TH ST","ST",2,"N",-79.9885734086844,40.4287024904679,-79.9885545438754,40.4279578633851,24.194439035192,51.0947495034015
14204,6873,5251,736.60978319,"FORT PITT BRG RAMP","RAMP",0,"FT",-80.0091531118291,40.4440205485541,-80.0089667632282,40.4420244081969,30.8924362948585,113.120572843095
10572,3740,982,128.2508619,"16TH ST","ST",4,"N",-79.987175340069,40.4484975776809,-79.986890305975,40.4482209559937,22.9590943789808,59.0085487019749
15094,10705,10706,250.6644218,"TECHNOLOGY CENTER DR","DR",2,"N",-79.9592027818445,40.431135859948,-79.9597843134282,40.4306105762956,25.2740144411005,58.7911649140558
99984,12233,1069,199.95111843,"WILKINS AVE","AVE",2,"N",-79.9205127602105,40.4438511543988,-79.9198112496364,40.4439693553477,19.1788126188744,53.3220657464944
6428,2976,9682,617.33280703,"PENN AVE","AVE",0,"N",-79.9227225155921,40.4606559341915,-79.9208303232947,40.4598057873675,20.5253927076173,31.1396009558438
5306,15948,15949,396.15850952,"CALIFORNIA AVE","AVE",2,"FT",-80.0293632527143,40.4613931557779,-80.0307811486813,40.4621110069382,27.505308404631,58.3401179660689
6539,55,13489,341.31984345,"EAST ST","ST",1,"TF",-79.9986763560681,40.4585825305189,-79.9984155976068,40.4588420025037,58.8196841631253,57.7328990594832
6539,56,55,341.31984345,"EAST ST","ST",1,"FT",-79.9982495047053,40.458439006243,-79.9986763560681,40.4585825305189,58.8196841631253,57.7328990594832
4511,8766,6901,173.16402999,"40TH ST","ST",2,"N",-79.9579610956355,40.4651823191294,-79.9578411209539,40.464716014657,21.3459247918924,59.4381967417795
13400,4595,4956,161.50708498,"CHATHAM SQ","SQ",2,"N",-79.9909436559591,40.4388066149727,-79.9909873691433,40.4383645388461,16.1035913200225,31.6773598626652
16615,15671,3129,61.59160273,"BEECHWOOD BLVD","BLVD",2,"N",-79.929988274027,40.4282106911143,-79.9302272928193,40.4282715333115,24.1241351462671,124.591009886529
9772,6660,15353,232.07396157,"OHIO RIVER BLVD RAMP","RAMP",0,"N",-80.0259069912836,40.4499511033239,-80.0251245300812,40.449731047449,22.1223827039947,24.1198818566561
14206,2876,15943,406.04595114,"BLUFF ST","ST",0,"N",-79.9940991622838,40.435873153946,-79.9934234338469,40.4356650788675,30.1188586463573,53.1918593152868
19484,3960,5481,147.7633631,"HAZELWOOD AVE","AVE",2,"N",-79.9447232733177,40.4113125005758,-79.9442062656609,40.4114038407508,33.0883819321905,113.03439948788
13107,3881,9627,221.81474477,"STANWIX ST","ST",4,"N",-80.0053891127074,40.4390584478796,-80.0050212863367,40.4395985870424,32.8813196597803,58.5727810151552
12113,48,52,911.50220914,"BEDFORD AVE","AVE",2,"TF",-79.9909998666038,40.4428772592068,-79.9892657192969,40.4436089833346,55.7218080891778,231.623101833679
12113,9227,51,911.50220914,"BEDFORD AVE","AVE",2,"FT",-79.9907961306246,40.4428090280145,-79.989200325114,40.4435179232021,55.7218080891778,231.623101833679
745,3825,6341,1177.25282049,"WASHINGTON BLVD","BLVD",0,"N",-79.9107570017796,40.4855758818875,-79.9147775339484,40.486584333386,25.8278138639217,99.5518626023644
32128,5903,13952,1242.11728275,"BLVD OF THE ALLIES",NA,2,"TF",-79.972246447193,40.4368609067091,-79.9696389664093,40.4363261098287,20.4896131086757,87.3208721934686
4690,4331,2614,82.27797856,"PENN AVE","AVE",2,"N",-79.9982712475594,40.4455680725947,-79.9981850012754,40.4458065887355,25.6409652807872,48.8618221595357
13193,6932,13696,657.12781246,"FORT PITT BRG RAMP","RAMP",0,"N",-80.0061304308189,40.4385687659164,-80.0082794300643,40.4393139150965,54.0102272378071,64.5941489769672
9936,4467,15969,1004.23524044,"I-279 HOV",NA,0,"N",-80.0010121014421,40.4497543298167,-79.9977090760507,40.4507438912947,53.7212224051382,105.59664022895
15097,3923,3029,262.35103324,"S 10TH ST","ST",4,"N",-79.9886983152917,40.4307478126265,-79.9886430349599,40.4300293772109,25.8047218392387,109.709360600602
12114,4892,8313,169.85315715,"BEELER ST","ST",2,"N",-79.9387957756585,40.4438816427602,-79.9382791275436,40.4441295945014,12.4424230008531,36.9359524046097
34078,3553,7132,106.36463554,"E CARSON ST","ST",0,"N",-79.964528550566,40.4254184567748,-79.9642446434004,40.4252230901446,31.6430480325948,82.4173048882709
18840,10400,15108,108.43765126,"SAW MILL RUN BLVD","BLVD",0,"N",-80.0099750997733,40.4141620792672,-80.0096847882152,40.4139636773791,30.1525504687408,66.1224126527571
18840,15108,11077,1060.97508235,"SAW MILL RUN BLVD","BLVD",0,"N",-80.0096847882152,40.4139636773791,-80.0069334685479,40.411972855867,32.2304365802966,73.7873014787491
13904,11818,5277,2844.46439766,"I-376",NA,0,"FT",-80.0101932577667,40.4394384197128,-80.0009760641647,40.4363019000935,39.6221215708598,230.213805903222
30158,339,707,173.71132878,"SMITHFIELD ST BRG","BRG",0,"N",-80.003962049183,40.432164496017,-80.0036427278569,40.4325692227536,22.975227086193,85.6233525666874
11792,8863,3311,285.57164055,"FORT DUQUESNE BLVD","BLVD",2,"FT",-80.0036701762343,40.4437230789619,-80.0027081358173,40.4439950799799,19.4117993844669,40.3570152508296
30240,4919,3211,429.87603827,"WEST END BRG RAMP","RAMP",0,"N",-80.0259997145711,40.4481585188543,-80.0248714366943,40.4489409190515,26.0181292184459,99.7513057650846
11711,15815,4201,198.39293029,"BEELER ST","ST",2,"N",-79.9328575493774,40.4454899799005,-79.9327058124292,40.4455023138771,10.2599166877568,31.5333876826099
32085,1141,11172,1774.18525927,"W CARSON ST","ST",0,"N",-80.018878456957,40.4406917121188,-80.0246823277918,40.4427737351423,21.4979987410714,41.7839532701939
10135,1142,10736,1244.02641715,"I-279",NA,0,"N",-80.0136015893187,40.4487446526553,-80.018067712638,40.4488832222785,29.508086723681,133.321571955769
12100,1595,14463,195.16874696,"6TH ST","ST",2,"N",-80.0023754785236,40.4432488471692,-80.0021496442316,40.4427416558446,22.3518416610956,20.3098167808278
11078,4633,4035,263.09321941,"11TH ST","ST",4,"N",-79.9944194541772,40.4463348640889,-79.9941320158161,40.4456472008481,15.7520478940765,78.1271077963882
8095,1516,4656,321.80206129,"LIBERTY AVE","AVE",2,"N",-79.9396398601339,40.4566268392728,-79.9387173220977,40.4560988354605,17.5144948860651,49.2827721912504
335,459,2967,133.46623945,"BAYTREE ST","ST",2,"N",-80.0178685023432,40.4894882389429,-80.0183475206854,40.4895086196958,21.3355326332467,28.827314952357
11324,1137,16100,5084.96256111,"EAST BUSWAY",NA,0,"N",-79.9938644319296,40.4438255489674,-79.9793887794441,40.4516364037542,15.0806007823602,31.8963956537999
7486,11127,6733,79.0095492,"5TH AVE","AVE",0,"N",-79.9084329710842,40.458141190118,-79.9082947972864,40.4583306568065,17.5274998200866,78.2916447137613
13570,13753,2370,514.26398799,"FORBES AVE","AVE",4,"N",-79.8994848006696,40.439556911445,-79.8976423114958,40.4396613586183,15.7115772304485,75.2681873342616
4440,10871,14140,1549.25884163,"31ST ST BRG","BRG",2,"N",-79.97942123021,40.4645937635711,-79.9746014247983,40.4624650538394,35.283209584244,85.0354071619834
4440,14140,10988,1327.29382478,"31ST ST BRG","BRG",2,"N",-79.9746014247983,40.4624650538394,-79.9713670515473,40.459794711228,15.6896225414104,40.0000939096513
12393,1951,13682,371.55842956,"FORT DUQUESNE BRG RAMP","RAMP",0,"FT",-80.0088069468123,40.4411423244976,-80.0088011027333,40.4421618525958,38.798654856055,188.099288684965
17221,14410,16983,2373.52478381,"E CARSON ST","ST",0,"N",-79.9564082166558,40.4174687290481,-79.9555233801388,40.4110243253521,38.1062959361993,79.2281764765081
18941,3377,4503,175.45066717,"WEST LIBERTY AVE","AVE",0,"N",-80.009752071392,40.4137936395103,-80.0099467728547,40.4133356123782,11.4570140433609,21.3224137340523
12449,8876,12794,210.53779036,"LIBERTY AVE OUT","AVE",2,"FT",-80.0051495034853,40.4415661762868,-80.0058531209424,40.4413544815655,26.2923625171494,7.23748916390487
1921,15110,12971,111.54318166,"PERRYSVILLE AVE","AVE",2,"N",-80.0109533263964,40.4747429707023,-80.0112488201551,40.4749499114852,31.8480970621564,92.2183910000591
12749,13956,13682,1066.50684188,"FORT DUQUESNE BRG RAMP","RAMP",0,"FT",-80.0083878876282,40.439480754166,-80.0088011027333,40.4421618525958,38.798654856055,188.099288684965
12657,5854,6464,203.99474017,"FORBES AVE","AVE",3,"FT",-79.9569706346605,40.4415641163604,-79.956438303489,40.4419490041434,32.8635710744705,105.817946238016
14954,3656,3769,277.2555929,"I-376",NA,0,"FT",-80.0273293518876,40.4301995589354,-80.0265358940255,40.4306586606179,33.9924931340168,99.613736597508
10970,9899,982,826.76196739,"LIBERTY AVE","AVE",4,"N",-79.9892230651962,40.4468161444903,-79.986890305975,40.4482209559937,22.9590943789808,59.0085487019749
13851,6776,13774,250.68179833,"FORBES AVE","AVE",2,"N",-79.933551332112,40.4382901950184,-79.9330880664023,40.4377031017482,25.9657657177955,94.7310652731064
15198,255,9573,477.19745181,"LIME ST","ST",2,"N",-80.0241686810616,40.4288845379861,-80.0241010031242,40.4300070431932,39.8447939626717,151.154952178663
455,3655,13688,1566.71842843,"MC KNIGHT RD RAMP","RAMP",2,"TF",-80.0094893220899,40.4915855241028,-80.008887253372,40.4869745617861,65.0207031597355,45.5011645560755
7578,400,10188,68.24217915,"BENNETT ST","ST",0,"N",-79.9042720271095,40.4581105249132,-79.9040674261812,40.458007251718,32.7190914502561,43.6621756325156
12758,5854,277,305.66125211,"OAKLAND AVE","AVE",2,"TF",-79.9569706346605,40.4415641163604,-79.9562153213218,40.4409550584561,32.8635710744705,105.817946238016
15209,7585,255,85.73480863,"SAW MILL RUN BLVD","BLVD",0,"N",-80.0242829714115,40.4291029347163,-80.0241686810616,40.4288845379861,39.8447939626717,151.154952178663
21588,3525,16406,134.71484038,"PA RT 837",NA,0,"N",-79.932898353441,40.3928428089954,-79.9324234258616,40.3929127097395,33.1361797937216,76.481069526318
13621,9630,14998,413.56457574,"5TH AVE","AVE",2,"TF",-79.9742604468441,40.4380119769369,-79.9728247676085,40.4377530026108,23.1904761297528,62.217229518961
9104,3330,9401,996.91234393,"ALLEGHENY SQ E","SQ",2,"FT",-80.0038402357049,40.4534334441301,-80.0034402704753,40.4522209545314,26.2544711675702,71.0662186647644
10990,13021,12631,220.39866344,"5TH AVE","AVE",4,"N",-79.9380804246964,40.4477414115529,-79.9372913679998,40.4477923958027,24.9602233872249,91.1006708238872
12224,409,12233,698.32726364,"SHADY AVE","AVE",2,"N",-79.9210742461402,40.4457194374813,-79.9205127602105,40.4438511543988,19.1788126188744,53.3220657464944
2268,10551,5207,308.08569234,"ECKERT ST","ST",2,"N",-80.0374356674009,40.4717748592097,-80.0385339084131,40.4716825538355,43.8763025498328,59.3550604662431
16373,11039,5445,247.03344511,"I-376",NA,0,"N",-79.897445970603,40.4259951014493,-79.8965606534151,40.4260391502265,53.7203791871327,103.10436984939
13473,1649,6932,617.18384929,"I-376",NA,0,"N",-80.0041424469514,40.4378194052253,-80.0061304308189,40.4385687659164,53.0648838928435,61.6024356264142
9348,3432,499,163.37582335,"ALLEGHENY AVE","AVE",3,"N",-80.0187553958422,40.4510827240505,-80.0188971891777,40.451517912158,23.1361883894999,40.1177903647816
13133,3184,6173,145.33532203,"CROSSTOWN BLVD","BLVD",0,"N",-79.9935120093967,40.4393249196003,-79.9933235729219,40.4396967831457,55.1295963230411,97.3291234459658
10295,4919,15353,622.65445762,"WEST END BRG","BRG",0,"N",-80.0259997145711,40.4481585188543,-80.0251245300812,40.449731047449,26.0181292184459,99.7513057650846
30210,6597,7806,141.02955123,"BLVD OF THE ALLIES",NA,0,"N",-79.9951103950099,40.4359318661507,-79.994663583583,40.4358001059384,28.5435510039913,35.3848834802706
30210,7806,13284,141.02955123,"BLVD OF THE ALLIES",NA,1,"FT",-79.994663583583,40.4358001059384,-79.9943026969946,40.4356667535349,31.3487242008849,53.4422225628017
10464,6981,3740,147.8754322,"16TH ST","ST",4,"N",-79.987504012933,40.4488165147956,-79.987175340069,40.4484975776809,18.3509604491758,116.651069011602
11953,3311,1595,287.18673927,"6TH ST","ST",2,"N",-80.0027081358173,40.4439950799799,-80.0023754785236,40.4432488471692,19.4117993844669,40.3570152508296
422,5916,2967,409.70645272,"SEMICIR ST","ST",2,"N",-80.0194922181472,40.4890109523492,-80.0183475206854,40.4895086196958,21.3355326332467,28.827314952357
15035,13421,13446,1209.64308619,"I-376 RAMP","RAMP",0,"N",-79.9585031032464,40.4315923489135,-79.9561660988133,40.4288591298682,53.7284733245374,54.3576120243946
14171,884,586,498.82298617,"BLVD OF THE ALLIES",NA,2,"FT",-79.9687810253884,40.436071179229,-79.9643326420165,40.4357531125975,13.8783629425051,51.6692021489755
9071,9571,3711,251.95380286,"5TH AVE","AVE",4,"N",-79.9133041914447,40.4538950253375,-79.9124236185605,40.4540374680032,25.6808740486176,119.20626649654
16161,13157,14695,1487.72712332,"BOULEVARD DR","DR",2,"TF",-79.9341451365221,40.4281738536301,-79.9380271354269,40.4268581551245,30.5835584204931,64.2828655850402
15801,11730,15671,107.11789239,"BEECHWOOD BLVD","BLVD",1,"TF",-79.9296204602831,40.4281248270879,-79.929988274027,40.4282106911143,24.1241351462671,124.591009886529
13965,13335,15261,177.44770061,"FORBES AVE","AVE",2,"N",-79.9635767268325,40.4367758096251,-79.9631114964208,40.4371088182258,12.5957903822572,33.4675362061082
7612,5355,14650,151.03901227,"BIGELOW BLVD","BLVD",0,"N",-79.9573391450432,40.4586336883718,-79.9568349743246,40.4584803708789,31.9229198267394,58.3613482252116
15411,15261,9905,305.12643319,"E CARSON ST","ST",0,"N",-79.9631114964208,40.4371088182258,-79.9619869216205,40.4379203551098,12.5957903822572,33.4675362061082
11994,1688,9760,803.09907157,"10TH ST BYP RAMP","RAMP",1,"FT",-80.0088605316052,40.4433865606611,-80.0062755351174,40.4434133763627,30.8924362948585,113.120572843095
30218,2397,47,1174.3888021,"I-279",NA,0,"N",-80.0068155470256,40.4486238853136,-80.0040286394832,40.449101803241,43.2004548366512,75.0314805315622
30218,47,6646,1174.3888021,"I-279",NA,0,"N",-80.0040286394832,40.449101803241,-80.002910222571,40.4493018151819,52.0849571069297,76.0544268213045
16072,4560,9922,1382.35808359,"BANKSVILLE RD","RD",0,"TF",-80.0301981535007,40.4274028797985,-80.0295406931265,40.4236467596248,38.2613737135395,222.676949145908
16072,9922,12441,461.95581813,"BANKSVILLE RD","RD",0,"TF",-80.0295406931265,40.4236467596248,-80.029637549836,40.4223812812222,28.0490462833778,57.1812541663072
12296,14322,1137,675.72436225,"GRANT ST","ST",2,"N",-79.9949588752294,40.4421572580961,-79.9938644319296,40.4438255489674,19.9068313539234,42.7862435620839
12244,5827,8363,300.77443265,"PENN AVE","AVE",2,"N",-80.0041140549738,40.4422129563758,-80.0030963247696,40.4424896293097,38.543155781191,39.6981866841075
30244,1980,9344,1573.99321997,"I-279 RAMP","RAMP",0,"N",-80.0125747403016,40.4954964173777,-80.0103184230196,40.4917490052393,45.2385035949671,64.6109584289997
5827,11230,6600,654.92366378,"LINCOLN AVE BRG","BRG",2,"N",-79.9064454750625,40.4621579880553,-79.9045066779035,40.4631772233954,39.4840607949946,58.4085211981504
21145,7115,8924,89.05081008,"BECKS RUN RD","RD",0,"N",-79.9786810663557,40.3967268236653,-79.9786844801315,40.3969661650849,18.6772634195971,48.1051209467866
11643,13449,17694,180.42540385,"S MAIN ST","ST",0,"N",-80.0269655597472,40.4442952243475,-80.0273099026248,40.4438756088457,39.7453532485082,54.5722076091554
12044,1688,8851,809.23744278,"FORT DUQUESNE BLVD RAMP","RAMP",0,"FT",-80.0088605316052,40.4433865606611,-80.0063103674142,40.4431250638336,30.8924362948585,113.120572843095
6936,11958,5355,139.28172636,"BLESSING ST","ST",2,"N",-79.9570810867496,40.4583138339616,-79.9573391450432,40.4586336883718,31.9229198267394,58.3613482252116
8794,5267,12916,302.6077156,"EAST OHIO ST","ST",0,"N",-80.0036758059675,40.4529634141981,-80.0026157622243,40.453148489408,26.2544711675702,71.0662186647644
11220,1674,429,398.04169877,"5TH AVE","AVE",4,"N",-79.9519108858938,40.4464763390984,-79.9505884684963,40.4467997950008,19.9089104934281,88.0953307912845
4618,187,10871,158.65688993,"RIVER AVE","AVE",2,"N",-79.9796611740764,40.4641987082843,-79.97942123021,40.4645937635711,35.283209584244,85.0354071619834
14924,339,14344,773.33600739,"E CARSON ST","ST",0,"N",-80.003962049183,40.432164496017,-80.0016356882526,40.4310047498777,22.975227086193,85.6233525666874
14179,13284,1716,344.47684331,"BLVD OF THE ALLIES",NA,0,"N",-79.9943026969946,40.4356667535349,-79.9934301019148,40.4353895128448,30.1188586463573,53.1918593152868
9379,5948,1919,324.01620063,"SHADY AVE","AVE",2,"N",-79.9212101953712,40.4536977009815,-79.9207120976228,40.4528937793734,17.3498326688518,59.5565002074861
16410,8177,1845,324.9809924,"BEECHWOOD BLVD","BLVD",2,"N",-79.9196062036864,40.4257772048927,-79.9199556449102,40.4249260419208,30.2769255413733,49.5297998258266
30155,15116,1141,3943.29239604,"STATION SQUARE DR W","DR",0,"N",-80.0080318754189,40.4352420212568,-80.018878456957,40.4406917121188,22.8134761611806,35.9774038409968
12464,2531,5854,344.586925,"OAKLAND AVE","AVE",2,"TF",-79.9578534244725,40.4422106344922,-79.9569706346605,40.4415641163604,32.8635710744705,105.817946238016
16356,6000,10943,345.70221234,"I-376 RAMP","RAMP",0,"N",-79.8918808523293,40.4264626070471,-79.8912583999688,40.4272022288893,29.6220861121212,106.401852390699
11727,3311,13596,275.36256696,"FORT DUQUESNE BLVD","BLVD",2,"FT",-80.0027081358173,40.4439950799799,-80.0017888478448,40.4442743702389,19.4117993844669,40.3570152508296
19506,9996,3960,66.74887973,"HAZELWOOD AVE","AVE",2,"N",-79.9449524597054,40.4112588275507,-79.9447232733177,40.4113125005758,33.0883819321905,113.03439948788
7420,6655,7540,269.06791052,"BAUM BLVD","BLVD",0,"N",-79.9351770024901,40.4579448199671,-79.9345972725653,40.4581190230101,27.4365874741733,25.6103313487601
15766,514,2569,729.08867338,"I-376 RAMP","RAMP",1,"FT",-79.9345395499204,40.4280926881383,-79.9324016481417,40.4288983220687,30.5835584204931,64.2828655850402
12604,515,15041,2215.71502713,"VETERANS BRG RAMP","RAMP",0,"N",-79.9925236069677,40.441227007875,-79.9902988955971,40.4468784437075,38.6692315746866,65.9829796673194
11470,2174,8342,167.53178976,"WEST END CIR","CIR",0,"N",-80.0282028692209,40.4442566805771,-80.0286874038591,40.444529526755,37.9970162827877,62.4940704839207
13864,6656,579,454.52374454,"FORBES AVE","AVE",2,"N",-79.919359125803,40.4380405984466,-79.9177262284597,40.4380394072182,25.2378748649843,101.725164875784
17096,9921,12295,3709.80757268,"I-376",NA,0,"FT",-80.0333846314198,40.4200348667975,-80.0293313319559,40.4288350771519,38.2613737135395,222.676949145908
22597,12241,6569,260.0416275,"LIBRARY RD","RD",0,"N",-80.0037535671907,40.3778788131584,-80.0042048702743,40.3772542301777,29.2930291151172,33.5066189667149
10093,5035,7140,175.42121267,"S DALLAS AVE","AVE",2,"N",-79.9081917255399,40.4514869349057,-79.9085008901241,40.4510673159153,26.2390729726815,161.018385420977
1340,514,10723,443.00688249,"COLERIDGE ST","ST",2,"N",-79.9345395499204,40.4280926881383,-79.9351024987781,40.4279721930733,30.5835584204931,64.2828655850402
4476,12501,14030,140.04788656,"N EVALINE ST","ST",2,"N",-80.0073741412109,40.439176632758,-80.0080607820311,40.4393713038958,28.1438285501694,67.8427517499418
11175,15799,10711,46.60097619,"CHARTIERS AVE","AVE",2,"N",-80.0206440450246,40.4262141608152,-80.0198895135336,40.4258249072459,32.9450073652243,110.53969438965
8554,884,15012,1089.35579944,"SILVERDALE ST","ST",1,"N",-79.9687810253884,40.436071179229,-79.965318655588,40.4358507210328,13.8783629425051,51.6692021489755
12099,14463,14676,277.65417269,"PENN AVE","AVE",2,"N",-80.0021496442316,40.4427416558446,-80.001204476475,40.44298540556,22.3518416610956,20.3098167808278
17986,6116,87,141.525266,"HAZELWOOD AVE","AVE",2,"N",-79.9271513790389,40.4196075507179,-79.9266450563605,40.4195733304629,19.8268863690938,38.9845093719141
11530,1674,13047,538.92576779,"S BELLEFIELD AVE","AVE",3,"TF",-79.9519108858938,40.4464763390984,-79.9512731712971,40.4450795248934,19.9089104934281,88.0953307912845
13622,7662,17782,418.00250735,"FORT PITT BLVD RAMP","RAMP",0,"N",-80.002637166602,40.4373795328687,-80.0040003774801,40.4376679780696,25.3996052384177,62.2267502905216
5019,798,6622,345.52383426,"LIBERTY AVE","AVE",2,"N",-79.9540109979473,40.4633777635809,-79.9528271869621,40.4636423840418,21.4023502593357,42.7908174361037
3226,803,500,188.03564356,"40TH ST","ST",2,"N",-79.962754192734,40.4690822740393,-79.9622902158894,40.4687069929587,26.3448760245737,92.8936254276879
9378,1919,15914,287.89837327,"5TH AVE","AVE",4,"N",-79.9207120976228,40.4528937793734,-79.9196924176311,40.4530269621728,17.3498326688518,59.5565002074861
7398,6733,5513,143.87214625,"5TH AVE","AVE",0,"N",-79.9082947972864,40.4583306568065,-79.908039780233,40.4586741824186,17.5274998200866,78.2916447137613
11309,9148,9156,507.78121154,"BIGELOW BLVD","BLVD",0,"N",-79.9676790316223,40.4551960239326,-79.9659832780028,40.4557081979193,20.858304996222,33.1738727506639
14994,3923,12553,1395.18254562,"10TH ST BRG","BRG",4,"N",-79.9886983152917,40.4307478126265,-79.9898189304022,40.4344805751812,41.037973038977,69.9510452962741
12021,11865,4892,704.73482854,"FORBES AVE","AVE",4,"N",-79.9412574697754,40.4443325900566,-79.9387957756585,40.4438816427602,12.4424230008531,36.9359524046097
34077,5424,10254,1872.3717542,"2ND AVE","AVE",0,"N",-79.9578169472402,40.4300216919363,-79.9537801038007,40.4259127094974,30.6017526905837,78.2262129652194
15738,3129,10755,448.63798755,"BEECHWOOD BLVD","BLVD",2,"N",-79.9302272928193,40.4282715333115,-79.9318305867599,40.4283111234862,50.3616954194236,74.2898425167358
12402,467,16646,310.13851426,"TOWNSHIP RD","RD",2,"N",-80.0805267944109,40.4405461276996,-80.0807661830769,40.4397451575873,32.6377800799675,64.1024641811726
14951,9866,1484,314.53090003,"SAW MILL RUN BLVD","BLVD",0,"FT",-80.0255747887141,40.4304749793851,-80.0263769229602,40.4310828697937,38.656210922732,78.0589641790904
15647,5691,12204,3043.32193774,"I-376",NA,0,"N",-79.929185267285,40.4287156742664,-79.9399628672101,40.4290539909476,48.2871926405496,74.960185945105
10546,11395,11698,76.03903486,"CASINO DR RAMP","RAMP",0,"N",-80.0213379835163,40.4482199890876,-80.0211864833022,40.4480470057226,15.7860268225458,36.4528095666064
10546,11698,11697,117.20876631,"CASINO DR RAMP","RAMP",2,"N",-80.0211864833022,40.4480470057226,-80.0210438489677,40.4477455115666,15.7860268225458,36.4528095666064
22413,11369,2590,252.59040248,"IVYGLEN ST","ST",2,"N",-79.9959525089591,40.3822310530178,-79.9950613491877,40.3823463799155,36.7856168528804,66.6270704197094
8436,12771,1601,365.50822162,"CHESTNUT ST","ST",4,"N",-79.9937682460772,40.4540926917328,-79.994451373618,40.45483488248,14.8757929697879,51.6933747324443
30162,4705,16966,1248.88048235,"BIRMINGHAM BRG RAMP","RAMP",0,"N",-79.9734580090101,40.4371489132862,-79.9734063428119,40.4338502307246,18.0044056788168,56.3862527599338
14048,11300,7805,188.48981084,"5TH AVE","AVE",2,"TF",-79.9669918300384,40.4364539405332,-79.9663362730442,40.4365606619021,58.6329838899907,59.5611609565682
12504,8078,8941,81.15177002,"STANWIX ST","ST",4,"N",-80.0039818989551,40.4411618846041,-80.0038972596147,40.4413715362493,18.3399205627823,28.1606073746649
30214,2867,3924,1815.35796885,"FORT DUQUESNE BRG RAMP","RAMP",0,"N",-80.005515472769,40.4490855180288,-80.0096948616985,40.445829454165,46.0816661572113,117.106486279197
5105,8356,15949,253.01373942,"CALIFORNIA AVE","AVE",2,"FT",-80.0300782889178,40.4617208630434,-80.0307811486813,40.4621110069382,27.505308404631,58.3401179660689
30152,2377,10870,6161.20989129,"LIBERTY TUNL","TUNL",0,"N",-80.0095969522231,40.4141981108114,-79.9992681610306,40.4291466738305,29.8612770558861,63.3046448894606
6239,10988,4582,34.21823086,"PENN AVE","AVE",2,"TF",-79.9713670515473,40.459794711228,-79.9712749696591,40.4598569651379,18.2105313598499,51.4141048980296
6239,4582,6877,497.24683688,"PENN AVE","AVE",2,"TF",-79.9712749696591,40.4598569651379,-79.9699490292631,40.4607719970544,20.7314401782893,62.8281158864079
12240,10072,12233,465.23827543,"WILKINS AVE","AVE",2,"N",-79.9221829029156,40.4439024065098,-79.9205127602105,40.4438511543988,19.1788126188744,53.3220657464944
15151,7585,3189,1584.59762175,"SAW MILL RUN BLVD","BLVD",0,"FT",-80.0242829714115,40.4291029347163,-80.0279597942606,40.4323757968184,42.3967445610276,87.6818867499081
22093,4583,3767,146.08696074,"BISCAYNE DR","DR",2,"N",-79.9837980479006,40.3873246882703,-79.9840850626818,40.3870046449802,30.3466815902512,31.9162956574445
12060,13047,727,451.85341263,"S BELLEFIELD AVE","AVE",3,"TF",-79.9512731712971,40.4450795248934,-79.950739870938,40.4439080229979,23.8890012384028,69.7660062339726
30250,6646,10772,2878.0759579,"I-279",NA,2,"FT",-80.002910222571,40.4493018151819,-79.9971486809939,40.4541025848934,53.5564687979087,169.78524523516
30250,10772,6976,1618.03969492,"I-279",NA,2,"FT",-79.9971486809939,40.4541025848934,-79.9986594993056,40.4584198646058,54.0607694439399,98.8531949101984
16656,10705,5424,377.37744628,"ELEANOR ST","ST",1,"N",-79.9592027818445,40.431135859948,-79.9578169472402,40.4300216919363,30.097105718198,60.5961823135997
14363,3120,2892,1690.35682251,"GRANT ST RAMP","RAMP",0,"N",-79.9941367802249,40.4341204455353,-79.9989958336719,40.4361359760979,13.1154809053942,29.4485116975033
13226,3121,8500,729.2424699,"FORT PITT BRG","BRG",0,"FT",-80.0101087189678,40.4395385919405,-80.0122598022373,40.4383966725365,31.4311787804295,144.92666516512
12200,3924,6873,676.16812939,"FORT DUQUESNE BRG","BRG",0,"FT",-80.0096948616985,40.445829454165,-80.0091531118291,40.4440205485541,47.56467695985,135.166766181129
6604,7496,154,1275.92488743,"EAST ST RAMP","RAMP",1,"FT",-79.9997673154233,40.4616951722614,-79.999260117561,40.4582368282583,53.8498258821787,74.3808352753459
14968,3189,7015,955.24790223,"I-376 RAMP","RAMP",0,"FT",-80.0279597942606,40.4323757968184,-80.0286385077037,40.4299818770868,44.5440500307093,121.260835175415
7276,2576,7540,149.40649424,"ROUP AVE","AVE",2,"N",-79.9348165465068,40.4584933733674,-79.9345972725653,40.4581190230101,27.4365874741733,25.6103313487601
22303,5029,14506,255.0072708,"SAW MILL RUN BLVD","BLVD",0,"N",-79.9950761982209,40.3846962459415,-79.9954735654743,40.3840657120996,36.7942840347146,85.9625506548603
12600,870,569,542.48801497,"BIGELOW BLVD","BLVD",0,"N",-79.9938766303193,40.4410276910209,-79.9920341724785,40.4416530201428,38.6692315746866,65.9829796673194
16578,1802,16740,580.91881775,"I-376 RAMP","RAMP",0,"N",-79.8953810601923,40.4259057499781,-79.8933302696545,40.4256739916683,38.7066598973228,288.894851205745
488,8078,9770,408.99236359,"RICHEY AVE","AVE",2,"N",-80.0039818989551,40.4411618846041,-80.0034702022821,40.4409731298199,18.3399205627823,28.1606073746649
14389,8442,8585,243.88424361,"HAMLET ST","ST",2,"N",-79.9632506180624,40.4351057079071,-79.9628641666581,40.4356927029049,25.2198247554233,74.0509349118162
12534,6895,4464,598.58329086,"COMMONWEALTH PL","PL",4,"N",-80.0074025879989,40.4424408369052,-80.0074308050373,40.4426801391244,18.4199054633279,49.7864378909548
14686,6189,3189,135.24218342,"SAW MILL RUN BLVD","BLVD",0,"FT",-80.0282041299434,40.4326964587646,-80.0279597942606,40.4323757968184,53.6183454759144,116.550654462361
417,6423,2967,1442.32944316,"EAST ST","ST",2,"N",-80.0136677001289,40.4879453303554,-80.0183475206854,40.4895086196958,21.3355326332467,28.827314952357
31896,12902,8568,1768.07836548,"I-376",NA,0,"FT",-80.0305372118505,40.422755257464,-80.0350106772891,40.4200229177011,39.7517472099482,135.404739856729
30151,12262,13835,3614.98494622,"FORT PITT TUNL","TUNL",0,"FT",-80.0244036478342,40.4318052129682,-80.0137496315058,40.437476134165,36.5892404350478,91.197705647549
5199,798,6529,213.92426386,"MAGER ST","ST",1,"N",-79.9540109979473,40.4633777635809,-79.9538768699893,40.4628808976891,21.4023502593357,42.7908174361037
6102,15722,152,201.36841572,"S MATHILDA ST","ST",2,"N",-79.9885898049125,40.4290748402177,-79.9885734086844,40.4287024904679,24.194439035192,51.0947495034015
99721,9883,4931,134.36187241,"CHESTNUT ST","ST",4,"N",-79.9926875889815,40.4531861602506,-79.9930120897127,40.4534592565003,13.0254909264181,58.4703105915027
13881,9779,13774,263.11644514,"SCHENLEY DR","DR",0,"N",-79.934032881622,40.4377073860047,-79.9330880664023,40.4377031017482,25.9657657177955,94.7310652731064
11688,15750,1601,598.73387645,"DAVENPORT ST","ST",2,"FT",-79.9967945383682,40.4540789407027,-79.994451373618,40.45483488248,39.0713160244217,167.252748577984
21280,15075,17994,321.0398586,"SAW MILL RUN BLVD","BLVD",0,"N",-79.9974483108745,40.3953454957625,-79.9972991530441,40.3944819507148,29.5770700847899,126.430427933353
18238,10711,9021,274.64582214,"SAW MILL RUN BLVD","BLVD",0,"N",-80.0198895135336,40.4258249072459,-80.0192635818944,40.4252421997684,32.9450073652243,110.53969438965
13804,2245,7354,426.39939314,"COURT PL","PL",2,"TF",-79.9983628267293,40.4370636187516,-79.9971150263124,40.4365811039443,18.6772020104603,83.9802242887784
8759,10674,7390,199.38971705,"BAUM BLVD","BLVD",0,"N",-79.953333955181,40.4539936016825,-79.9526179446311,40.4540134268256,26.9674612275412,140.434289877918
19638,5977,7613,1808.79445126,"BECKS RUN RD","RD",0,"N",-79.9624399739081,40.4096383546918,-79.9561527456392,40.4108678910847,32.201890274473,34.0938221002177
13380,8500,3843,1525.86383725,"CARSON ST RAMP","RAMP",0,"FT",-80.0122598022373,40.4383966725365,-80.0169876050877,40.4396997937826,22.8134761611806,35.9774038409968
12507,5074,8941,531.20031869,"LIBERTY AVE IN","AVE",2,"FT",-80.0057367068331,40.4411376831204,-80.0038972596147,40.4413715362493,18.3399205627823,28.1606073746649
1012,12617,2250,642.23658127,"EAST ST","ST",3,"N",-80.0059759658937,40.4823586583765,-80.0079411571393,40.4831475146918,61.4339922881719,76.9229953020478
11644,11801,2174,265.92835606,"WEST END CIR","CIR",0,"N",-80.0274857520419,40.4437747503356,-80.0282028692209,40.4442566805771,37.9970162827877,62.4940704839207
969,6508,3825,958.86216763,"WASHINGTON BLVD","BLVD",0,"N",-79.9078463338854,40.484269090485,-79.9107570017796,40.4855758818875,25.8278138639217,99.5518626023644
2002,11369,13522,239.10745966,"DRAKE WAY","WAY",1,"N",-79.9959525089591,40.3822310530178,-79.9997307235887,40.3807447223128,34.5152795372646,41.8079927081271
6052,400,7305,128.32643299,"GLEN MAWR ST","ST",2,"N",-79.9042720271095,40.4581105249132,-79.9037612815201,40.4581152374452,32.7190914502561,43.6621756325156
32336,2974,7703,228.56171328,"31ST ST","ST",0,"N",-79.9706857360367,40.4592223983745,-79.9702339743353,40.4587260968906,17.4423263693923,46.3111286184149
11866,11825,1137,429.7470076,"LIBERTY AVE","AVE",4,"N",-79.9952372278265,40.4436501588053,-79.9938644319296,40.4438255489674,15.0806007823602,31.8963956537999
13969,1626,9293,118.29371589,"S DALLAS AVE","AVE",2,"N",-79.9130828733393,40.4380276555525,-79.9131156241335,40.4377041505693,13.5624164274422,38.8910588665547
13083,6026,4901,290.69525001,"GRANT ST","ST",2,"N",-79.9968026100721,40.4393935602654,-79.9963417340988,40.4401094140799,17.2704925872372,38.8917913150003
21103,8924,17148,160.25430063,"E AGNEW AVE","AVE",2,"N",-79.9786844801315,40.3969661650849,-79.9781091313297,40.3969697844693,18.6772634195971,48.1051209467866
10404,287,8084,1060.79945483,"LACOCK ST","ST",2,"TF",-80.0078912959664,40.4484326874606,-80.0045265038133,40.4491368209507,42.9903548564787,87.5197513308272
16273,10874,8177,69.94258864,"BEECHWOOD BLVD","BLVD",2,"N",-79.9195314199195,40.4259604940957,-79.9196062036864,40.4257772048927,30.2769255413733,49.5297998258266
15685,6378,1935,104.24535912,"I-376 RAMP","RAMP",1,"FT",-79.9299223626795,40.4286177919182,-79.9296058998581,40.4284660931419,20.651609939491,143.215055947673
13672,11298,14765,472.34825604,"5TH AVE","AVE",2,"TF",-79.9726059506553,40.4376832445192,-79.9710423713806,40.4371794628171,23.1904761297528,62.217229518961
14414,12553,12003,1441.42525716,"ARMSTRONG TUNL","TUNL",0,"N",-79.9898189304022,40.4344805751812,-79.9920515017368,40.4379707143341,18.8816412056439,55.2718665609259
13238,2661,8888,150.76946233,"FORBES AVE","AVE",3,"FT",-79.9977485898516,40.4388786732699,-79.9972665783316,40.4386899150787,18.7262151997617,45.0883767418509
30150,1722,2404,3613.54212174,"FORT PITT TUNL","TUNL",0,"FT",-80.0138669491192,40.4375887084023,-80.0245353220566,40.4319386126445,36.5892404350478,91.197705647549
12709,5567,8501,406.37524677,"LIBERTY AVE RAMP","RAMP",0,"FT",-80.0080859350681,40.4403911695669,-80.0067515173083,40.4408418211718,19.8545502377026,53.8010310118495
15765,13157,514,113.71397139,"BEECHWOOD BLVD","BLVD",2,"N",-79.9341451365221,40.4281738536301,-79.9345395499204,40.4280926881383,30.5835584204931,64.2828655850402
13944,167,2892,297.70089392,"FORT PITT BLVD","BLVD",2,"TF",-79.9999946535174,40.4363857136566,-79.9989958336719,40.4361359760979,13.1154809053942,29.4485116975033
12284,15464,2006,63.49490754,"ALLEQUIPPA ST","ST",2,"N",-79.9887397472419,40.4571803847748,-79.979833939892,40.4647756106821,28.3069822802295,102.886157643671
1442,7408,17344,1606.99938412,"MCKEES ROCKS BRG","BRG",0,"N",-80.0430767604775,40.4788616713903,-80.0483759571475,40.4771248893656,22.504264279694,77.5003501762945
31897,4349,1767,129.40453665,"BANKSVILLE RD RAMP","RAMP",0,"FT",-80.031216066113,40.425140243601,-80.0308857670384,40.4248955995166,50.9727806218259,51.6149349912526
14344,6680,13446,3586.51488565,"I-376",NA,0,"N",-79.966140398264,40.4348225854141,-79.9561660988133,40.4288591298682,30.6017526905837,78.2262129652194
7592,8749,10553,2102.93024885,"OHIO RIVER BLVD","BLVD",0,"N",-80.0282575927149,40.4519026941595,-80.0300355653061,40.457513127521,52.7189949560825,120.973784051231
20718,3812,7712,548.6395887,"BANKSVILLE RD","RD",0,"N",-80.0408154672207,40.4033271978306,-80.0419719354015,40.4021083500057,25.532924822025,49.4594544518723
32044,8924,3900,179.95289116,"BECKS RUN RD","RD",0,"N",-79.9786844801315,40.3969661650849,-79.9788999795673,40.3974315009989,18.6772634195971,48.1051209467866
22204,2245,7354,403.75613498,"PARKLYN ST","ST",2,"N",-79.9983628267293,40.4370636187516,-79.9971150263124,40.4365811039443,18.6772020104603,83.9802242887784
32080,1046,7370,149.49577821,"LACOCK ST","ST",3,"FT",-80.0025581772866,40.4494869449858,-80.0020331507225,40.4495735469239,57.8110828710629,199.596999709405
11353,2966,6166,364.96920638,"N BRADDOCK AVE","AVE",2,"N",-79.895162141258,40.4471325111818,-79.8945355291973,40.4480120715977,26.4356715847902,45.4185001761819
10451,11396,11397,120.56856136,"REEDSDALE ST","ST",2,"FT",-80.0207930078115,40.4479085529215,-80.0211864844504,40.4480470047992,15.7860268225458,36.4528095666064
30223,12346,15707,196.53728362,"I-376 RAMP","RAMP",0,"N",-79.893355366441,40.4264946555158,-79.8940053329598,40.4262852401387,34.9630042505684,98.9483870613097
15318,9619,10870,290.4722671,"P J MC ARDLE RDWY","RDWY",2,"N",-79.9983610458865,40.4289903082903,-79.9992681610306,40.4291466738305,31.1703789480937,50.9881452618167
14340,463,12377,555.27701656,"BLVD OF THE ALLIES",NA,0,"N",-79.9581186911883,40.4359040854435,-79.9564077994022,40.4351240791048,32.1955860145661,75.1585013851638
156,10820,247,915.76047638,"I-279 HOV",NA,0,"N",-80.0117499035409,40.4941427185599,-80.0101871745366,40.4919643749712,40.1577293325055,84.7906979996019
18662,65,3364,1242.35236892,"SAW MILL RUN BLVD","BLVD",0,"N",-80.0126044557656,40.4153589945659,-80.0113863018024,40.4150351259468,26.1117030301634,69.2963385246787
14270,12012,12421,169.8623742,"CRAFT AVE","AVE",2,"N",-79.961946202081,40.4361753993862,-79.9615272177539,40.4358364117414,36.5244023006069,43.1922816655582
12811,5251,11324,1130.22406621,"FORT PITT BLVD RAMP","RAMP",0,"FT",-80.0089667632282,40.4420244081969,-80.0083407450601,40.439211987358,40.3495047099489,162.127562606406
12811,11324,12895,790.43776005,"FORT PITT BLVD RAMP","RAMP",0,"FT",-80.0083407450601,40.439211987358,-80.0057756145069,40.4382827775262,53.6951127894859,63.5969111934496
15405,3741,152,344.00531025,"E CARSON ST","ST",0,"N",-79.9898085257721,40.428673919942,-79.9885734086844,40.4287024904679,24.194439035192,51.0947495034015
3094,1459,15849,1098.44124082,"WASHINGTON BLVD","BLVD",0,"N",-79.908622020827,40.4702810699454,-79.9083629382984,40.4732893989325,37.1824865454764,98.2190767611907
30252,9344,5425,942.93013503,"I-279",NA,3,"FT",-80.0103184230196,40.4917490052393,-80.009507014655,40.4881950037267,35.0769550700438,104.970437570204
21186,13075,15769,106.2907994,"SAW MILL RUN BLVD","BLVD",0,"N",-79.9981940565017,40.3962777164987,-79.9979881575911,40.3960320577118,34.4508044902713,98.9701412723306
21186,2476,15075,150.46457798,"SAW MILL RUN BLVD","BLVD",0,"N",-79.9977145375443,40.3957046964732,-79.9974483108745,40.3953454957625,29.5770700847899,126.430427933353
15522,13479,6217,159.56475655,"E CARSON ST","ST",0,"N",-79.9736072798972,40.4283624304508,-79.9730368160275,40.4283201203986,26.3929390802638,77.6609547589819
9005,9925,9883,106.17811932,"CHESTNUT ST","ST",4,"N",-79.9924275349933,40.4529729083925,-79.9926875889815,40.4531861602506,13.0254909264181,58.4703105915027
15234,15251,1919,454.71904645,"WEDDLE WAY","WAY",1,"N",-79.9213191329339,40.4528123669667,-79.9207120976228,40.4528937793734,17.3498326688518,59.5565002074861
21225,2376,15075,155.94036284,"PARKFIELD ST","ST",0,"N",-79.9971246478931,40.3956696323175,-79.9974483108745,40.3953454957625,29.5770700847899,126.430427933353
9993,2382,15353,1109.12622014,"WEST END BRG RAMP","RAMP",0,"N",-80.0212593300147,40.4490133346654,-80.0251245300812,40.449731047449,36.9257518308815,57.2476091827923
20268,3812,14184,198.96025022,"POTOMAC AVE","AVE",2,"N",-80.0408154672207,40.4033271978306,-80.041403750629,40.4036345710759,25.532924822025,49.4594544518723
14388,13587,6597,632.18833525,"LIBERTY BRG RAMP","RAMP",0,"N",-79.9957772085268,40.4343115505143,-79.9951103950099,40.4359318661507,28.5435510039913,35.3848834802706
31947,12087,1994,4235.10219299,"SQUIRREL HILL TUNL","TUNL",0,"N",-79.9115565058271,40.4258732587351,-79.9264800061217,40.4281225755988,49.7721656750958,79.1278628977979
21135,14998,11298,151.60832627,"WEDGEMERE ST","ST",2,"TF",-79.9728247676085,40.4377530026108,-79.9726059506553,40.4376832445192,23.1904761297528,62.217229518961
14341,3442,10083,628.58452669,"2ND AVE","AVE",0,"N",-79.9947814578496,40.4356781864908,-79.9927549742099,40.4349170260538,32.5785897554124,53.6925858103166
13061,13696,3121,528.51716327,"FORT PITT BRG RAMP","RAMP",0,"FT",-80.0082794300643,40.4393139150965,-80.0101087189678,40.4395385919405,38.9484017557876,205.09761222854
30187,12042,11172,1686.26718531,"W CARSON ST","ST",0,"N",-80.0297918986936,40.4451540593758,-80.0246823277918,40.4427737351423,29.7475075119295,52.1390118770573
5799,11815,1459,1056.2954038,"WASHINGTON BLVD","BLVD",0,"N",-79.90874113232,40.4673910089661,-79.908622020827,40.4702810699454,37.1824865454764,98.2190767611907
5799,14567,8392,377.33197756,"WASHINGTON BLVD","BLVD",0,"N",-79.9056391473005,40.4625852184847,-79.9060663721046,40.4635567605325,39.4840607949946,58.4085211981504
5799,8391,14567,118.27420317,"WASHINGTON BLVD","BLVD",0,"N",-79.9056170292506,40.4622611348407,-79.9056391473005,40.4625852184847,39.4840607949946,58.4085211981504
7719,2230,10188,126.46783236,"N DALLAS AVE","AVE",0,"N",-79.9042051524725,40.4576768196413,-79.9040674261812,40.458007251718,32.7190914502561,43.6621756325156
9514,11228,6508,270.2125574,"SUMMERLEA ST","ST",2,"N",-79.9082751832002,40.4742161006876,-79.9078463338854,40.484269090485,38.5679116939329,88.4664884269903
13441,7742,8888,264.88700557,"GRANT ST","ST",2,"N",-79.9976996157799,40.4380424735153,-79.9972665783316,40.4386899150787,18.7262151997617,45.0883767418509
13547,3575,11730,25.8688993,"ALLEQUIPPA ST","ST",2,"N",-79.9273604672171,40.4269649194408,-79.9296204602831,40.4281248270879,52.9679296703967,75.6121620642649
11799,1137,1082,158.62055704,"LIBERTY AVE","AVE",4,"N",-79.9938644319296,40.4438255489674,-79.9934510406774,40.4441241025735,15.0806007823602,31.8963956537999
30195,8363,10194,129.00802815,"PENN AVE","AVE",2,"N",-80.0030963247696,40.4424896293097,-80.0026610197992,40.4426111265534,19.819665139148,22.5642381770129
8041,9607,722,186.91971096,"EAST OHIO ST",NA,1,"FT",-79.9929472209117,40.4552404355382,-79.9923099456391,40.4554095797535,33.2667605834681,83.298247132255
7399,8451,6733,682.54682527,"TRANSIT WAY","WAY",1,"N",-79.9106745877391,40.4587823310727,-79.9082947972864,40.4583306568065,17.5274998200866,78.2916447137613
15905,11102,15581,61.34878816,"FORWARD AVE","AVE",2,"N",-79.9281024742984,40.427541122488,-79.9279089232774,40.4276216274133,54.4980489307343,62.9579823581069
150,14554,5353,205.29944302,"PERRYSVILLE AVE","AVE",0,"N",-80.0200763100483,40.4976987131254,-80.0202610648327,40.4982443165317,27.1665974287735,63.0971313639245
21611,15581,14916,937.95511823,"TEXOLA WAY","WAY",1,"N",-79.9279089232774,40.4276216274133,-79.9271052926905,40.4279722016031,54.4980489307343,62.9579823581069
8161,11298,7669,183.24196713,"CHESTNUT ST","ST",4,"N",-79.9726059506553,40.4376832445192,-79.9734063093925,40.4338525078765,18.8631095084685,40.3073095524926
15761,14703,10755,238.01661244,"BEECHWOOD BLVD","BLVD",1,"FT",-79.9309885907971,40.4284244896935,-79.9318305867599,40.4283111234862,50.3616954194236,74.2898425167358
15761,3153,14703,609.99843417,"BEECHWOOD BLVD RAMP","RAMP",2,"FT",-79.9288416746472,40.4282945683593,-79.9309885907971,40.4284244896935,37.2429152828454,99.4404262016326
30234,57,6185,6136.43447761,"I-279",NA,3,"FT",-80.0033718183344,40.470506506281,-80.0074063091892,40.4767068490662,60.2679478215184,64.1060512952123
30245,10771,3893,1412.39972218,"I-579",NA,2,"FT",-79.994345449673,40.4508737849517,-79.9969882004674,40.4541319005631,48.4759578704624,82.7958332133604
15649,1764,12077,1387.01761833,"I-376",NA,0,"N",-79.9313115194314,40.4289075869972,-79.9265064045837,40.4279535385354,42.9754649512591,98.712068425914
630,567,13152,503.89602917,"WASHINGTON BLVD","BLVD",0,"N",-79.9162458619726,40.4869707978988,-79.91802507949,40.4873608478726,37.5792233097562,65.7924200062687
14448,3284,861,6038.49013245,"I-376",NA,0,"N",-79.9950846969213,40.4340592584893,-79.975451887022,40.4358814204197,38.4772105414869,74.3451281372378
31888,13121,2028,2071.37729562,"OHIO RIVER BLVD","BLVD",0,"N",-80.0313990066487,40.4621392443405,-80.0295331809106,40.4566353374556,52.7189949560825,120.973784051231
30249,1691,10872,1811.63569146,"I-579 RAMP","RAMP",1,"FT",-79.9949596707118,40.4543568578977,-79.9946287411732,40.4507727787591,48.4759578704624,82.7958332133604
13986,9114,5392,700.46805638,"CROSSTOWN BLVD","BLVD",0,"N",-79.9944787458684,40.4361386820739,-79.9942849895089,40.4380381363846,42.8195898506042,50.2584953430888
21167,1319,13075,326.315937,"COLERAIN ST","ST",2,"N",-79.997091061129,40.396117181992,-79.9981940565017,40.3962777164987,34.4508044902713,98.9701412723306
31280,15261,9641,150.62924661,"BASIC AVE","AVE",0,"N",-79.9631114964208,40.4371088182258,-79.9623107071182,40.4364693508806,12.5957903822572,33.4675362061082
6479,491,2974,139.01857022,"31ST ST","ST",2,"N",-79.9710247909783,40.4595026543043,-79.9706857360367,40.4592223983745,17.4423263693923,46.3111286184149
5557,1103,15957,301.04185078,"PENN AVE","AVE",2,"TF",-79.928791068069,40.4628794249706,-79.9282445002211,40.4626744698083,16.0261797688026,34.4474918934361
5557,15958,882,301.04185078,"PENN AVE","AVE",2,"TF",-79.9285826861448,40.4626972008111,-79.9278224036318,40.4625110416774,16.0261797688026,34.4474918934361
12976,9627,12311,181.59115119,"STANWIX ST","ST",4,"N",-80.0050212863367,40.4395985870424,-80.0047198050239,40.4400406378971,32.8813196597803,58.5727810151552
15637,1764,6378,405.04335574,"I-376 RAMP","RAMP",1,"FT",-79.9313115194314,40.4289075869972,-79.9299223626795,40.4286177919182,42.9754649512591,98.712068425914
4329,8766,7701,365.72537421,"PENN AVE","AVE",2,"N",-79.9579610956355,40.4651823191294,-79.9566780260826,40.4654002285792,21.3459247918924,59.4381967417795
15296,6183,15216,1077.43728476,"BATES ST RAMP","RAMP",0,"N",-79.9567804119214,40.4296381202042,-79.9585270016229,40.4322675441752,53.7284733245374,54.3576120243946
13132,3184,7275,736.74778218,"CENTRE AVE RAMP","RAMP",0,"N",-79.9935120093967,40.4393249196003,-79.9915320209725,40.4404391281538,55.1295963230411,97.3291234459658
13985,9114,13801,1017.45950069,"CROSSTOWN BLVD RAMP","RAMP",1,"FT",-79.9944787458684,40.4361386820739,-79.9937329087073,40.4388939853645,42.8195898506042,50.2584953430888
6824,5355,7652,218.15465338,"BLOOMFIELD BRG","BRG",0,"N",-79.9573391450432,40.4586336883718,-79.9570244477642,40.4591644978913,31.9229198267394,58.3613482252116
15242,3029,10293,224.15937936,"S 10TH ST","ST",4,"N",-79.9886430349599,40.4300293772109,-79.9886091628178,40.4294146117413,25.8047218392387,109.709360600602
11865,12356,13141,71.71075626,"STANWIX ST","ST",5,"N",-80.0046754462284,40.4434580775322,-80.0047553970918,40.4436452062084,40.7721818187693,72.7631819742988
9726,3183,14146,559.81170613,"SOUTH COMMONS",NA,0,"N",-80.0048978138933,40.4503119386,-80.0029523507111,40.4507018675502,21.4639846880933,36.831157894715
13340,8500,1722,536.53269948,"FORT PITT BRG","BRG",0,"FT",-80.0122598022373,40.4383966725365,-80.0138669491192,40.4375887084023,34.8384134828284,104.790866175186
9181,499,6291,159.05642218,"ALLEGHENY AVE","AVE",2,"N",-80.0188971891777,40.451517912158,-80.0190439298868,40.4519398725942,23.1361883894999,40.1177903647816
32127,9156,14338,256.89211864,"BIGELOW BLVD","BLVD",0,"N",-79.9659832780028,40.4557081979193,-79.9651564455697,40.4560207704863,20.858304996222,33.1738727506639
12742,8501,4049,214.76424157,"COMMONWEALTH PL","PL",2,"N",-80.0067515173083,40.4408418211718,-80.0070118065913,40.440296741003,21.092297642767,45.8762506812879
99928,8084,1046,150.139277,"CHANCERY LN","LN",1,"FT",-80.0045265038133,40.4491368209507,-80.0025581772866,40.4494869449858,42.611842494414,107.543692692063
3323,500,5659,188.33241548,"40TH ST","ST",2,"N",-79.9622902158894,40.4687069929587,-79.9618319181068,40.4683265385708,26.3448760245737,92.8936254276879
13488,12895,11326,336.50249682,"FORT PITT BLVD","BLVD",2,"FT",-80.0057756145069,40.4382827775262,-80.0046968362185,40.4378659969865,45.4557885635356,218.076040664159
8795,5267,3330,177.24480141,"EAST COMMONS",NA,0,"N",-80.0036758059675,40.4529634141981,-80.0038402357049,40.4534334441301,26.2544711675702,71.0662186647644
354,12598,2967,256.30374579,"PERRYSVILLE AVE","AVE",0,"N",-80.0178138243588,40.4889587560272,-80.0183475206854,40.4895086196958,21.3355326332467,28.827314952357
21928,15134,13459,203.87794011,"TRESTLE ST","ST",0,"N",-79.9333568584801,40.3897684265684,-79.9333942871692,40.3903272377044,39.148841264164,82.9935892518975
11221,1674,13332,724.20177414,"N BELLEFIELD AVE","AVE",2,"N",-79.9519108858938,40.4464763390984,-79.9527239624267,40.4483583117502,19.9089104934281,88.0953307912845
13855,10541,6656,425.14904705,"FORBES AVE","AVE",2,"N",-79.9208864853009,40.438045295221,-79.919359125803,40.4380405984466,25.2378748649843,101.725164875784
13867,13774,4313,656.81866526,"FORBES AVE","AVE",2,"N",-79.9330880664023,40.4377031017482,-79.9307349156035,40.4378353150662,25.9657657177955,94.7310652731064
14395,308,9114,766.870774,"LIBERTY BRG RAMP","RAMP",0,"N",-79.9956981025702,40.4342580217106,-79.9944787458684,40.4361386820739,35.9855503394266,45.8644627781559
13819,8075,3011,1541.35426484,"FORBES AVE","AVE",2,"FT",-79.9725284218537,40.4370888827526,-79.9669779554227,40.435816601867,18.2858630532855,75.4369821786375
30122,47,15473,1432.44361246,"PA RT 28 RAMP","RAMP",1,"FT",-80.0040286394832,40.449101803241,-79.99774393878,40.4500642937025,54.9480199889963,137.825713265355
15895,4595,1218,92.79333012,"BEECHWOOD BLVD","BLVD",1,"FT",-79.9909436559591,40.4388066149727,-79.9903216585652,40.4387760865923,16.1035913200225,31.6773598626652
15895,1968,15836,376.80049384,"BEECHWOOD BLVD RAMP","RAMP",1,"FT",-79.9269333026423,40.4269047618018,-79.927907282891,40.427622886212,53.7329893005655,69.2850722111859
15973,1802,16188,1404.45332016,"I-376 RAMP","RAMP",0,"N",-79.8953810601923,40.4259057499781,-79.8920015498497,40.4278762786416,36.5851561925744,245.535754731587
9030,3711,6990,217.59787452,"5TH AVE","AVE",0,"N",-79.9124236185605,40.4540374680032,-79.9118895187654,40.4544620760169,25.6808740486176,119.20626649654
11728,8565,3311,46.86439441,"6TH ST","ST",2,"N",-80.002760387476,40.4441122731106,-80.0027081358173,40.4439950799799,19.4117993844669,40.3570152508296
16324,10777,3553,450.92462939,"E CARSON ST","ST",0,"N",-79.9657412530761,40.4262389426205,-79.964528550566,40.4254184567748,31.6430480325948,82.4173048882709
34097,3364,10400,506.30582786,"SAW MILL RUN BLVD","BLVD",0,"N",-80.0113863018024,40.4150351259468,-80.0099750997733,40.4141620792672,26.1117030301634,69.2963385246787
13567,1878,14065,33.44904708,"5TH AVE","AVE",0,"N",-79.9639324432461,40.4378419395798,-79.9638248676575,40.4378828569689,19.240302646995,64.4729643193723
13567,14065,792,669.33877992,"5TH AVE","AVE",0,"N",-79.9638248676575,40.4378828569689,-79.9620709760214,40.4391314168854,19.240302646995,64.4729643193723
5207,13203,1068,163.27304238,"BUTLER ST","ST",2,"N",-79.9672138150534,40.4626735671717,-79.9669389614765,40.463069541508,21.1065088107649,52.425318036129
9318,3711,12322,438.12212183,"PENN AVE","AVE",0,"N",-79.9124236185605,40.4540374680032,-79.9112547560137,40.4532318097762,25.6808740486176,119.20626649654
12389,8876,5827,382.79547421,"PENN AVE","AVE",2,"TF",-80.0051495034853,40.4415661762868,-80.0041140549738,40.4422129563758,40.7007215738582,34.5892703464048
31944,8568,17108,1304.67532124,"I-376",NA,0,"FT",-80.0350106772891,40.4200229177011,-80.0396212476243,40.4206599976251,39.7517472099482,135.404739856729
13261,15203,1010,447.1739021,"NOBLESTOWN RD","RD",0,"N",-80.0523570655334,40.4375722670311,-80.0538479907543,40.4379395958248,27.3780367602796,44.1888984010787
12977,4049,9627,611.25966635,"BLVD OF THE ALLIES",NA,4,"N",-80.0070118065913,40.440296741003,-80.0050212863367,40.4395985870424,30.1893930591736,46.4158239066379
14095,5436,3681,2290.00987364,"I-376",NA,2,"FT",-79.9677361415063,40.4355085412257,-79.9758229996351,40.4361389807959,40.9965236603105,89.5155083897031
15602,8229,12204,2221.51108733,"I-376 RAMP","RAMP",2,"FT",-79.9321239011022,40.4294067440185,-79.9399628672101,40.4290539909476,23.6197000244401,107.909760135927
13292,12631,10953,173.49295516,"5TH AVE","AVE",2,"TF",-79.9372913679998,40.4477923958027,-79.9371099767609,40.4478072335549,24.9602233872249,91.1006708238872
13075,12588,12501,167.54085312,"COMMONWEALTH PL RAMP","RAMP",1,"TF",-80.0075491094673,40.4395039861128,-80.0073741412109,40.439176632758,28.1438285501694,67.8427517499418
15022,1219,10705,1995.00491384,"2ND AVE","AVE",0,"N",-79.9652637939903,40.4340356295261,-79.9592027818445,40.431135859948,25.2740144411005,58.7911649140558
99769,12003,9916,282.48052898,"FORBES AVE","AVE",3,"N",-79.9920515017368,40.4379707143341,-79.9910380719666,40.4379300494291,18.8816412056439,55.2718665609259
13892,1878,15261,353.26936673,"CRAFT AVE","AVE",2,"N",-79.9639324432461,40.4378419395798,-79.9631114964208,40.4371088182258,15.9180465146261,48.9702502627403
12008,2578,9760,950.22766709,"10TH ST BYP RAMP","RAMP",1,"FT",-80.0086820224255,40.4419328381355,-80.0062755351174,40.4434133763627,24.7486083846797,70.2788707639881
14409,12377,7828,309.58109078,"BATES ST","ST",2,"N",-79.9564077994022,40.4351240791048,-79.9561756181335,40.4359497809869,32.1955860145661,75.1585013851638
15403,152,4915,294.00249857,"E CARSON ST","ST",0,"N",-79.9885734086844,40.4287024904679,-79.9875177884176,40.4287261132372,24.194439035192,51.0947495034015
9953,5035,5650,565.34090358,"PENN AVE","AVE",0,"N",-79.9081917255399,40.4514869349057,-79.90633362374,40.4508599618404,26.2390729726815,161.018385420977
861,3825,2538,823.60225331,"HIGHLAND PARK BRG RAMP","RAMP",0,"N",-79.9107570017796,40.4855758818875,-79.9132036093955,40.4866083805403,25.8278138639217,99.5518626023644
5830,10735,7440,130.35303228,"SEDGWICK ST","ST",2,"N",-80.0038716728955,40.4470597159218,-80.00402958783,40.447550294912,16.4131106012966,34.4459412863336
12603,515,1876,1595.72483796,"BIGELOW BLVD RAMP","RAMP",0,"N",-79.9925236069677,40.441227007875,-79.9896241758045,40.4449731821684,38.6692315746866,65.9829796673194
13422,11172,11801,861.38906197,"WEST END CIR RAMP","RAMP",0,"N",-80.0246823277918,40.4427737351423,-80.0274857520419,40.4437747503356,30.6216759947898,48.1780804396746
10976,10735,8565,1115.69223245,"ROBERTO CLEMENTE BRG","BRG",0,"N",-80.0038716728955,40.4470597159218,-80.002760387476,40.4441122731106,16.4131106012966,34.4459412863336
13328,3843,1443,1580.02065564,"FORT PITT BRG RAMP","RAMP",0,"FT",-80.0169876050877,40.4396997937826,-80.0122166400866,40.4383687712438,27.1223274708051,90.4520345030586
9180,1110,499,679.57135777,"WESTERN AVE","AVE",0,"N",-80.0165253772716,40.4519615734197,-80.0188971891777,40.451517912158,23.1361883894999,40.1177903647816
22091,4583,7442,169.56900249,"BROWNSVILLE RD","RD",2,"N",-79.9837980479006,40.3873246882703,-79.9833025253891,40.3870543645284,30.3466815902512,31.9162956574445
15111,3029,4335,308.37705324,"MURIEL ST","ST",2,"N",-79.9886430349599,40.4300293772109,-79.987535748169,40.4300532287352,25.8047218392387,109.709360600602
30188,11173,15459,652.80274834,"W CARSON ST","ST",0,"N",-80.0252399678347,40.4430442959976,-80.0273438815426,40.4438283318765,39.7453532485082,54.5722076091554
30188,11172,11173,184.3752341,"W CARSON ST","ST",0,"N",-80.0246823277918,40.4427737351423,-80.0252399678347,40.4430442959976,21.4979987410714,41.7839532701939
30524,10774,10872,1453.82969886,"I-579",NA,2,"FT",-79.9976159174451,40.4540170964931,-79.9946287411732,40.4507727787591,52.1300893069285,98.7308150943061
4343,2006,2607,69.71268802,"EAST OHIO ST","ST",0,"N",-79.979833939892,40.4647756106821,-79.9797040845952,40.4649392631946,28.3069822802295,102.886157643671
1049,6508,17533,6653.73540898,"ALLEGHENY RIVER BLVD","BLVD",0,"N",-79.9078463338854,40.484269090485,-79.884275265365,40.4814453500513,10.8349261460774,29.1498420535762
9341,7884,10674,641.3140531,"N CRAIG ST","ST",2,"N",-79.9523469867286,40.4524028323757,-79.953333955181,40.4539936016825,26.9674612275412,140.434289877918
6894,5670,2974,531.95155878,"LIBERTY AVE","AVE",4,"N",-79.9721104595487,40.4582488130971,-79.9706857360367,40.4592223983745,17.4423263693923,46.3111286184149
11043,4633,12352,754.32028532,"WATERFRONT PL","PL",2,"N",-79.9944194541772,40.4463348640889,-79.9923098235013,40.4476347189048,15.7520478940765,78.1271077963882
10176,12645,4648,689.58845535,"I-279 RAMP","RAMP",0,"N",-80.015877744718,40.4488935489873,-80.0134910270279,40.448395428959,29.508086723681,133.321571955769
16071,1767,4560,1321.85329446,"I-376 RAMP","RAMP",0,"FT",-80.0308857670384,40.4248955995166,-80.0301981535007,40.4274028797985,46.7356449857304,108.635606376138
13972,8568,17522,1300.99989309,"PARKWAY CENTER MALL RAMP","RAMP",0,"FT",-80.0350106772891,40.4200229177011,-80.0390230887067,40.4216311016753,39.7517472099482,135.404739856729
14977,3769,9866,1114.45104807,"SAW MILL RUN BLVD RAMP","RAMP",0,"FT",-80.0265358940255,40.4306586606179,-80.0255747887141,40.4304749793851,38.656210922732,78.0589641790904
3225,500,7344,222.40091611,"BUTLER ST","ST",2,"N",-79.9622902158894,40.4687069929587,-79.9617324544809,40.4691443005922,26.3448760245737,92.8936254276879
22544,9480,4202,966.59060494,"SAW MILL RUN BLVD","BLVD",0,"N",-79.9958984152473,40.3819946691852,-79.994033231545,40.3797725121875,31.7955503417545,75.2419231719897
13842,207,6656,387.99158211,"SHADY AVE","AVE",2,"N",-79.9195014551853,40.4391000462965,-79.919359125803,40.4380405984466,25.2378748649843,101.725164875784
10972,10953,11781,113.58710073,"5TH AVE","AVE",4,"N",-79.9371099767609,40.4478072335549,-79.9367041945329,40.4478406081577,24.9602233872249,91.1006708238872
16374,15051,12346,642.30246298,"I-376 RAMP","RAMP",0,"N",-79.8921554634648,40.4279482401579,-79.893355366441,40.4264946555158,34.9630042505684,98.9483870613097
10318,838,2397,1411.84753891,"I-279 RAMP","RAMP",0,"N",-80.009642218588,40.4458002787287,-80.0068155470256,40.4486238853136,55.7837665413202,100.176245291639
12429,8941,8876,363.70691397,"LIBERTY AVE OUT","AVE",2,"FT",-80.0038972596147,40.4413715362493,-80.0051495034853,40.4415661762868,26.2923625171494,7.23748916390487
12157,11363,4464,637.6250538,"FORT DUQUESNE BLVD RAMP","RAMP",0,"N",-80.0076703790632,40.442532613334,-80.0074308050373,40.4426801391244,18.7034181943263,71.3584968247561
21933,830,15134,147.78317332,"GLASS RUN RD","RD",4,"N",-79.9338848811324,40.3897292306978,-79.9333568584801,40.3897684265684,39.148841264164,82.9935892518975
99905,8363,729,152.21391227,"5TH AVE","AVE",2,"FT",-80.0030963247696,40.4424896293097,-80.0028881459205,40.4421076336734,19.819665139148,22.5642381770129
30017,2308,15750,605.52647164,"MADISON AVE RAMP","RAMP",0,"N",-79.9978397129922,40.4539265375579,-79.9967945383682,40.4540789407027,50.2354661382466,182.502963130834
30017,9547,15750,605.52647164,"MADISON AVE RAMP","RAMP",0,"N",-79.9960749247851,40.4526853329167,-79.9967945383682,40.4540789407027,51.1690775517386,225.032435500754
14407,5277,3284,1866.34013309,"I-376",NA,0,"N",-80.0009760641647,40.4363019000935,-79.9950846969213,40.4340592584893,42.4803302845104,117.232541616495
22589,13698,12241,843.276794,"LIBRARY RD","RD",0,"N",-80.0013135152071,40.3791758129516,-80.0037535671907,40.3778788131584,29.2930291151172,33.5066189667149
13237,8888,6026,287.03362775,"GRANT ST","ST",2,"N",-79.9972665783316,40.4386899150787,-79.9968026100721,40.4393935602654,17.7557334580787,40.9573197906172
21102,13766,8924,620.14715536,"E AGNEW AVE","AVE",1,"FT",-79.9807061367221,40.3972014096966,-79.9786844801315,40.3969661650849,18.6772634195971,48.1051209467866
4004,11521,1459,2433.51933101,"NEGLEY RUN BLVD","BLVD",4,"N",-79.9160303003892,40.4670161352679,-79.908622020827,40.4702810699454,37.1824865454764,98.2190767611907
11039,12631,9430,268.85013114,"WILKINS AVE","AVE",2,"N",-79.9372913679998,40.4477923958027,-79.9363866891524,40.4475338149372,24.9602233872249,91.1006708238872
15175,7669,8075,1208.70673522,"FORBES AVE RAMP","RAMP",0,"N",-79.9734063093925,40.4338525078765,-79.9725284218537,40.4370888827526,18.0044056788168,56.3862527599338
15021,10705,11525,216.15887799,"BATES ST","ST",0,"N",-79.9592027818445,40.431135859948,-79.9587596507245,40.4316220375035,25.2740144411005,58.7911649140558
13848,6097,1905,557.36622421,"I-376 RAMP","RAMP",1,"FT",-80.0026825130979,40.4371189094927,-80.0008965479285,40.4364275526205,49.1547991842158,165.138736632758
19519,7613,16983,184.28941069,"BECKS RUN RD","RD",0,"N",-79.9561527456392,40.4108678910847,-79.9555233801388,40.4110243253521,35.1540931053361,56.6609992883629
7275,7540,4967,232.55621817,"BAUM BLVD","BLVD",0,"N",-79.9345972725653,40.4581190230101,-79.9338189014452,40.4583514241283,27.4365874741733,25.6103313487601
22069,4583,9098,223.67930974,"BECKS RUN RD","RD",0,"N",-79.9837980479006,40.3873246882703,-79.9835796450066,40.3879141334689,30.3466815902512,31.9162956574445
30291,7898,5029,478.40579733,"MAYTIDE ST","ST",2,"N",-79.9936706920704,40.3839552184347,-79.9950761982209,40.3846962459415,36.7942840347146,85.9625506548603
32087,4520,12902,1042.15819727,"I-376 RAMP","RAMP",0,"FT",-80.0313992431517,40.4254968575055,-80.0305372118505,40.422755257464,54.689014323652,37.0827598214153
15514,1998,13479,287.82746082,"E CARSON ST","ST",0,"N",-79.9746388294416,40.4284125925229,-79.9736072798972,40.4283624304508,26.3929390802638,77.6609547589819
22561,4202,13363,545.25386951,"FAIRHAVEN RD","RD",2,"FT",-79.994033231545,40.3797725121875,-79.9935797904956,40.3783206946144,31.7955503417545,75.2419231719897
8088,6183,2060,148.22177363,"MIDDLE ST","ST",2,"N",-79.9567804119214,40.4296381202042,-79.9590924227576,40.431771061466,53.7284733245374,54.3576120243946
13251,9222,13696,790.20153882,"I-376 RAMP","RAMP",1,"FT",-80.0057457110848,40.4385485295316,-80.0082794300643,40.4393139150965,54.0102272378071,64.5941489769672
12278,4892,5319,245.92695931,"FORBES AVE","AVE",2,"N",-79.9387957756585,40.4438816427602,-79.9382423129348,40.4433556560533,12.4424230008531,36.9359524046097
5320,13203,3158,152.82028663,"34TH ST","ST",2,"N",-79.9672138150534,40.4626735671717,-79.9668546788483,40.4623565308319,21.1065088107649,52.425318036129
15906,11102,17186,258.84034845,"BEECHWOOD BLVD","BLVD",3,"TF",-79.9281024742984,40.427541122488,-79.9287982360223,40.4280124307563,33.9713396675805,211.275322800177
8223,1628,9156,195.35940855,"HERRON AVE","AVE",2,"N",-79.9660049182954,40.4551907041072,-79.9659832780028,40.4557081979193,20.858304996222,33.1738727506639
14163,861,3011,1785.64373866,"FORBES AVE RAMP","RAMP",0,"N",-79.975451887022,40.4358814204197,-79.9669779554227,40.435816601867,35.5728915167494,81.9462471415575
12527,569,7265,641.83370395,"CROSSTOWN BLVD RAMP","RAMP",0,"N",-79.9920341724785,40.4416530201428,-79.9940744063821,40.4418358346601,38.6692315746866,65.9829796673194
11294,2614,8875,321.83660411,"FORT DUQUESNE BLVD","BLVD",2,"FT",-79.9981850012754,40.4458065887355,-79.9990444835323,40.4452437311623,25.6409652807872,48.8618221595357
8757,10674,14651,1215.42387182,"N CRAIG ST","ST",0,"N",-79.953333955181,40.4539936016825,-79.9551975058382,40.4570104982192,26.9674612275412,140.434289877918
8126,12519,3711,998.80145705,"PENN AVE","AVE",0,"N",-79.9150885635479,40.4558739828396,-79.9124236185605,40.4540374680032,25.6808740486176,119.20626649654
14269,12421,12983,616.04744237,"BLVD OF THE ALLIES",NA,0,"N",-79.9615272177539,40.4358364117414,-79.9593160086486,40.4358830864423,36.5244023006069,43.1922816655582
12692,14352,8078,257.22942861,"STANWIX ST","ST",4,"N",-80.0043888400695,40.4405280548574,-80.0039818989551,40.4411618846041,18.3399205627823,28.1606073746649
10718,2334,1142,1312.63452678,"OHIO RIVER BLVD RAMP","RAMP",0,"N",-80.0100296453088,40.4468642872241,-80.0136015893187,40.4487446526553,38.1514492375698,150.625871666719
34091,7679,2377,953.46454928,"WEST LIBERTY AVE RAMP","RAMP",0,"FT",-80.0072597244795,40.4123165109466,-80.0095969522231,40.4141981108114,32.2304365802966,73.7873014787491
34093,4503,7679,921.28457405,"SAW MILL RUN BLVD RAMP","RAMP",0,"FT",-80.0099467728547,40.4133356123782,-80.0072597244795,40.4123165109466,22.8826683676067,51.3873020193967
12798,9227,5309,1158.940022,"MARIO LEMIEUX PL","PL",0,"N",-79.9907961306246,40.4428090280145,-79.9892881626093,40.4404946446742,55.7218080891778,231.623101833679
7303,5847,1516,1121.2689108,"S ATLANTIC AVE","AVE",2,"TF",-79.9392718674543,40.4596863173731,-79.9396398601339,40.4566268392728,17.5144948860651,49.2827721912504
18145,15171,10455,889.48452692,"BROWNS HILL RD","RD",4,"N",-79.9271466671276,40.4196076395184,-79.9259155613696,40.4173890459494,19.8268863690938,38.9845093719141
11328,7672,1674,193.68430142,"5TH AVE","AVE",4,"TF",-79.9524211280561,40.4461148045421,-79.9519108858938,40.4464763390984,19.9089104934281,88.0953307912845
13196,14236,2049,305.92189466,"CROSSTOWN BLVD","BLVD",2,"FT",-79.993463440779,40.4398501539738,-79.9938206663638,40.4390560079257,55.1295963230411,97.3291234459658
20267,2608,3812,674.48431397,"BANKSVILLE RD","RD",0,"N",-80.0390568549862,40.4045897794299,-80.0408154672207,40.4033271978306,25.532924822025,49.4594544518723
11876,15561,15707,408.87931082,"REYNOLDS ST","ST",2,"N",-79.8910253704769,40.4273945142635,-79.8940053329598,40.4262852401387,29.6220861121212,106.401852390699
16399,3286,8177,272.04157188,"BURCHFIELD AVE","AVE",2,"N",-79.9205443997927,40.4259859423618,-79.9196062036864,40.4257772048927,30.2769255413733,49.5297998258266
17450,1605,10790,1191.43316363,"BANKSVILLE AVE","AVE",0,"N",-80.0306280992942,40.4193849906219,-80.0296597864083,40.422525108331,28.0490462833778,57.1812541663072
18441,1825,14777,850.11946601,"CRANE AVE","AVE",2,"N",-80.0299444733957,40.4158994069639,-80.0322701347321,40.417244192883,27.3288200563028,60.4455686807031
13535,1443,11818,685.01807539,"FORT PITT BRG","BRG",0,"FT",-80.0122166400866,40.4383687712438,-80.0101932577667,40.4394384197128,31.4311787804295,144.92666516512
16120,7015,4520,1843.81904709,"BANKSVILLE RD RAMP","RAMP",0,"FT",-80.0286385077037,40.4299818770868,-80.0313992431517,40.4254968575055,42.0767092634073,35.0367386190687
16672,1767,10790,970.71857895,"BANKSVILLE RD RAMP","RAMP",0,"FT",-80.0308857670384,40.4248955995166,-80.0296597864083,40.422525108331,40.0909707925115,77.9075912987456
16672,10790,12441,52.76043289,"BANKSVILLE RD RAMP","RAMP",0,"FT",-80.0296597864083,40.422525108331,-80.029637549836,40.4223812812222,28.0490462833778,57.1812541663072
7884,8480,1516,482.61186641,"LIBERTY AVE","AVE",2,"N",-79.9410601796627,40.4573870349761,-79.9396398601339,40.4566268392728,20.1650275777372,45.0667246167516
10294,3211,15809,1692.63222224,"WEST END BRG RAMP","RAMP",0,"N",-80.0248714366943,40.4489409190515,-80.0188427507767,40.4487508570802,51.7291209577683,90.3753365089285
30198,9547,14856,1119.66988631,"PA RT 28",NA,2,"FT",-79.9960749247851,40.4526853329167,-79.992594276606,40.4555879483839,33.2667605834681,83.298247132255
30165,3841,339,190.53564382,"WABASH TUNL ENTRANCE RD","RD",0,"N",-80.0043678991792,40.4317550774163,-80.003962049183,40.432164496017,22.975227086193,85.6233525666874
15800,1935,17186,279.28194698,"I-376 RAMP","RAMP",3,"FT",-79.9296058998581,40.4284660931419,-79.9287982360223,40.4280124307563,33.9713396675805,211.275322800177
13246,8164,4595,217.69448021,"5TH AVE","AVE",2,"TF",-79.9917246120864,40.4388387607781,-79.9909436559591,40.4388066149727,16.1035913200225,31.6773598626652
14817,14362,10870,1850.88029539,"LIBERTY BRG","BRG",0,"N",-79.9961726988647,40.4336430486995,-79.9992681610306,40.4291466738305,31.1703789480937,50.9881452618167
12591,8501,5074,302.34367593,"LIBERTY AVE IN","AVE",2,"FT",-80.0067515173083,40.4408418211718,-80.0057367068331,40.4411376831204,19.8545502377026,53.8010310118495
32084,2578,8851,839.21863675,"FORT DUQUESNE BLVD RAMP","RAMP",0,"FT",-80.0086820224255,40.4419328381355,-80.0063103674142,40.4431250638336,24.7486083846797,70.2788707639881
8185,7923,9607,201.15885356,"HEINZ ST","ST",1,"TF",-79.9923848774628,40.4548636403732,-79.9929472209117,40.4552404355382,33.2667605834681,83.298247132255
13680,2245,6138,188.28991511,"GRANT ST","ST",2,"N",-79.9983628267293,40.4370636187516,-79.9980492674901,40.4375215900109,18.6772020104603,83.9802242887784
9056,9401,5267,278.310705,"EAST COMMONS",NA,0,"N",-80.0034402704753,40.4522209545314,-80.0036758059675,40.4529634141981,26.2544711675702,71.0662186647644
13245,4595,7275,625.5967565,"WASHINGTON PL","PL",6,"N",-79.9909436559591,40.4388066149727,-79.9915320209725,40.4404391281538,16.1035913200225,31.6773598626652
11308,7228,4331,317.95625739,"FORT DUQUESNE BLVD","BLVD",2,"FT",-79.9989951903498,40.4451449000834,-79.9982712475594,40.4455680725947,25.6409652807872,48.8618221595357
22670,2970,4045,203.49080799,"ELWYN AVE","AVE",2,"N",-80.0115772539248,40.4482401673243,-80.0178503611396,40.449207876776,29.508086723681,133.321571955769
18130,2099,6116,370.65530826,"BEECHWOOD BLVD","BLVD",2,"N",-79.9260554688228,40.4190320088383,-79.9271513790389,40.4196075507179,19.8268863690938,38.9845093719141
31898,1287,10990,1532.34884934,"BLOOMFIELD BRG RAMP","RAMP",0,"N",-79.9605315513641,40.4579282650159,-79.9561503883639,40.4600688621436,28.7479976347019,28.0744730290267
20617,15177,13075,877.71742842,"SAW MILL RUN BLVD","BLVD",0,"N",-79.9998551903759,40.3983215851591,-79.9981940565017,40.3962777164987,34.4508044902713,98.9701412723306
15648,5691,6378,1450.63151314,"I-376 RAMP","RAMP",1,"FT",-79.929185267285,40.4287156742664,-79.9299223626795,40.4286177919182,28.6192014734267,107.587232226459
11939,5645,12356,242.49621665,"FORT DUQUESNE BLVD","BLVD",2,"FT",-80.0054978692015,40.4432384036105,-80.0046754462284,40.4434580775322,40.7721818187693,72.7631819742988
5920,15958,15959,416.4205481,"PENN CIR W","CIR",0,"TF",-79.9285826861448,40.4626972008111,-79.9280802140105,40.4621006251832,16.0261797688026,34.4474918934361
13529,9628,12003,353.82997829,"FORBES AVE","AVE",3,"N",-79.9933211727428,40.4380170363615,-79.9920515017368,40.4379707143341,18.8816412056439,55.2718665609259
12909,5020,3121,1079.72888515,"FORT PITT BRG RAMP","RAMP",0,"FT",-80.0068014015707,40.441070643868,-80.0101087189678,40.4395385919405,38.9484017557876,205.09761222854
14413,12553,3133,4684.12865532,"2ND AVE","AVE",0,"N",-79.9898189304022,40.4344805751812,-79.9731648588893,40.4358185174974,31.4212328280399,35.5143177857727
12743,5567,4049,305.99245489,"BLVD OF THE ALLIES RAMP","RAMP",4,"FT",-80.0080859350681,40.4403911695669,-80.0070118065913,40.440296741003,24.8055398579602,22.1019096896032
11999,12227,467,1232.05017537,"INGRAM AVE","AVE",0,"N",-80.0763633877873,40.441805127697,-80.0805267944109,40.4405461276996,32.6377800799675,64.1024641811726
15720,1994,5691,783.9649501,"I-376",NA,0,"N",-79.9264800061217,40.4281225755988,-79.929185267285,40.4287156742664,36.5867930073625,71.9594085052456
30180,13835,1443,536.4991714,"FORT PITT BRG","BRG",0,"FT",-80.0137496315058,40.437476134165,-80.0122166400866,40.4383687712438,33.134796131629,124.858765670153
18440,4343,1825,861.66779948,"BANKSVILLE RD","RD",0,"N",-80.0298159393815,40.4182625790359,-80.0299444733957,40.4158994069639,27.3288200563028,60.4455686807031
4398,2006,10871,132.57351916,"31ST ST BRG","BRG",2,"N",-79.979833939892,40.4647756106821,-79.97942123021,40.4645937635711,31.7950959322368,93.9607824028274
4655,15134,9740,589.15871648,"MULBERRY WAY","WAY",1,"N",-79.9333568584801,40.3897684265684,-79.9335070624856,40.3861679045077,39.148841264164,82.9935892518975
20316,3062,3812,140.74816548,"POTOMAC AVE","AVE",2,"N",-80.0405389518745,40.4030644385883,-80.0408154672207,40.4033271978306,25.532924822025,49.4594544518723
10350,6981,3418,514.28221003,"PENN AVE","AVE",2,"TF",-79.987504012933,40.4488165147956,-79.9860729946509,40.4497096758782,18.3509604491758,116.651069011602
7458,7540,6319,164.78778104,"ROUP AVE","AVE",2,"N",-79.9345972725653,40.4581190230101,-79.9342557385943,40.4575768263054,27.4365874741733,25.6103313487601
14982,10870,13348,1639.8889267,"P J MC ARDLE RDWY","RDWY",2,"N",-79.9992681610306,40.4291466738305,-80.0044695167175,40.4312512788112,31.1703789480937,50.9881452618167
13983,2892,209,171.09604598,"GRANT ST","ST",2,"N",-79.9989958336719,40.4361359760979,-79.9987223241902,40.4365554131272,13.1154809053942,29.4485116975033
13708,14558,1878,106.59649213,"5TH AVE","AVE",2,"TF",-79.9643087956831,40.4377889748864,-79.9639324432461,40.4378419395798,19.240302646995,64.4729643193723
14415,10216,12553,434.17574228,"2ND AVE","AVE",0,"N",-79.9913700860895,40.4346052963946,-79.9898189304022,40.4344805751812,31.4212328280399,35.5143177857727
30216,6032,15030,1811.90457853,"I-279",NA,0,"N",-80.0028681312876,40.4495524684381,-80.0090161447529,40.4482345667274,45.4884618361558,109.882374318424
14293,8585,13528,170.20071881,"BLVD OF THE ALLIES",NA,0,"N",-79.9628641666581,40.4356927029049,-79.9622513904278,40.4357700350497,25.2198247554233,74.0509349118162
14978,12295,3656,746.88246437,"I-376",NA,0,"FT",-80.0293313319559,40.4288350771519,-80.0273293518876,40.4301995589354,33.9924931340168,99.613736597508
8965,12063,11402,244.39904123,"WESTERN AVE","AVE",0,"N",-80.014018286902,40.4524050903823,-80.0148735783093,40.4522532928302,25.9253160666866,60.0656232088502
13608,5500,7662,536.96829438,"FORT PITT BLVD","BLVD",2,"TF",-80.0043703780101,40.4380263928506,-80.002637166602,40.4373795328687,25.3996052384177,62.2267502905216
11354,5636,2966,442.61356091,"PENN AVE","AVE",0,"N",-79.896620151107,40.4476172750783,-79.895162141258,40.4471325111818,26.4356715847902,45.4185001761819
31901,10604,13013,574.83467699,"PA RT 28",NA,0,"N",-79.8957050627039,40.4922365267319,-79.8936847384272,40.4919058880579,61.3715746322489,45.2464765580842
3109,13313,7408,1532.86117151,"OHIO RIVER BLVD","BLVD",0,"N",-80.0402300453513,40.4752602082892,-80.0430767604775,40.4788616713903,31.6059083706256,103.366801642398
3109,13314,13313,1454.0072954,"OHIO RIVER BLVD","BLVD",0,"N",-80.0377090779032,40.4717698844338,-80.0402300453513,40.4752602082892,43.8763025498328,59.3550604662431
3109,5508,13314,1581.67510385,"OHIO RIVER BLVD","BLVD",0,"N",-80.0355743026819,40.4677509976449,-80.0377090779032,40.4717698844338,43.8763025498328,59.3550604662431
7136,1287,15837,905.80932279,"BIGELOW BLVD","BLVD",0,"N",-79.9605315513641,40.4579282650159,-79.9575575314161,40.4587024546428,28.7479976347019,28.0744730290267
13277,1010,12791,688.55502637,"NOBLESTOWN RD","RD",0,"N",-80.0538479907543,40.4379395958248,-80.0525150498272,40.4364757234696,27.3780367602796,44.1888984010787
10253,2867,1142,2269.30208568,"I-279",NA,0,"N",-80.005515472769,40.4490855180288,-80.0136015893187,40.4487446526553,46.8101545432924,138.376387500904
3995,3903,8766,620.61280512,"40TH ST","ST",2,"N",-79.9594686311079,40.4664328719112,-79.9579610956355,40.4651823191294,21.3459247918924,59.4381967417795
14002,9385,5392,721.60252528,"CROSSTOWN BLVD RAMP","RAMP",0,"N",-79.9945795578887,40.4360769153629,-79.9942849895089,40.4380381363846,42.8195898506042,50.2584953430888
12180,10194,14463,150.06762221,"PENN AVE","AVE",0,"N",-80.0026610197992,40.4426111265534,-80.0021496442316,40.4427416558446,22.3518416610956,20.3098167808278
8042,1601,9607,472.63411411,"EAST OHIO ST",NA,1,"FT",-79.994451373618,40.45483488248,-79.9929472209117,40.4552404355382,27.1364380455747,72.7632896656515
13977,6656,12469,171.40468315,"SHADY AVE","AVE",2,"N",-79.919359125803,40.4380405984466,-79.9192823615497,40.437452617781,25.2378748649843,101.725164875784
15754,1935,3129,240.84278451,"I-376 RAMP","RAMP",1,"FT",-79.9296058998581,40.4284660931419,-79.9302272928193,40.4282715333115,24.1241351462671,124.591009886529
30241,10872,11902,1427.61844534,"VETERANS BRG","BRG",0,"N",-79.9946287411732,40.4507727787591,-79.9913252132101,40.4477761815735,52.1300893069285,98.7308150943061
14203,3133,1219,2329.08451107,"2ND AVE","AVE",0,"N",-79.9731648588893,40.4358185174974,-79.9652637939903,40.4340356295261,27.160290364708,87.4962473286754
9000,4841,9883,139.98387231,"PROGRESS ST","ST",2,"N",-79.9930429397344,40.4529142015553,-79.9926875889815,40.4531861602506,13.0254909264181,58.4703105915027
12428,4843,5827,201.66404062,"STANWIX ST","ST",4,"N",-80.0039143599267,40.4416816597737,-80.0041140549738,40.4422129563758,47.9049011022126,48.2651609376548
11014,8117,4633,659.39119981,"FORT DUQUESNE BLVD","BLVD",4,"FT",-79.9963525042756,40.4465111255779,-79.9944194541772,40.4463348640889,15.7520478940765,78.1271077963882
11921,2966,11464,136.81477167,"S BRADDOCK AVE","AVE",2,"N",-79.895162141258,40.4471325111818,-79.8953339597822,40.4467451101237,26.4356715847902,45.4185001761819
12392,1951,2578,290.08681564,"FORT DUQUESNE BLVD RAMP","RAMP",0,"FT",-80.0088069468123,40.4411423244976,-80.0086820224255,40.4419328381355,40.3495047099489,162.127562606406
30257,14552,9344,902.39506951,"I-279",NA,2,"FT",-80.0116925585965,40.4939492448436,-80.0103184230196,40.4917490052393,45.2385035949671,64.6109584289997
19857,5827,12356,141.82475518,"TECUMSEH ST","ST",2,"N",-80.0041140549738,40.4422129563758,-80.0046754462284,40.4434580775322,44.3385414604909,60.5141714559768
8496,2028,12723,118.57335366,"BLACKADORE ST","ST",2,"N",-80.0295331809106,40.4566353374556,-80.0306193606244,40.4617945723731,52.7189949560825,120.973784051231
15150,7585,9866,626.94202981,"SAW MILL RUN BLVD","BLVD",0,"FT",-80.0242829714115,40.4291029347163,-80.0255747887141,40.4304749793851,39.1316441387079,107.297359378919
15081,7669,13479,2020.15734951,"BIRMINGHAM BRG","BRG",0,"N",-79.9734063093925,40.4338525078765,-79.9736072798972,40.4283624304508,26.3929390802638,77.6609547589819
10351,1245,6981,111.68242617,"16TH ST","ST",4,"N",-79.9877664486748,40.4490483513505,-79.987504012933,40.4488165147956,18.3509604491758,116.651069011602
15147,12971,5068,396.93121564,"FOX WAY","WAY",1,"N",-80.0112488201551,40.4749499114852,-80.0135212147066,40.4748669177385,31.8480970621564,92.2183910000591
6478,2974,2654,528.4709935,"LIBERTY AVE","AVE",4,"N",-79.9706857360367,40.4592223983745,-79.9692683472242,40.4601879300044,17.4423263693923,46.3111286184149
18104,8756,1825,416.95054425,"CRANE AVE","AVE",2,"N",-80.0294898622749,40.4169186212612,-80.0299444733957,40.4158994069639,27.3288200563028,60.4455686807031
13653,14998,2346,176.95143047,"KIRKPATRICK ST","ST",2,"N",-79.9728247676085,40.4377530026108,-79.9726974073699,40.4382094638018,23.1904761297528,62.217229518961
18812,11691,15809,147.02896652,"GOLDBACH ST","ST",2,"N",-80.026833922084,40.4498853939126,-80.0188427507767,40.4487508570802,36.9257518308815,57.2476091827923
16347,3575,11102,294.76853472,"BEECHWOOD BLVD","BLVD",2,"TF",-79.9273604672171,40.4269649194408,-79.9281024742984,40.427541122488,53.7329893005655,69.2850722111859
5208,959,13203,157.45846129,"34TH ST","ST",2,"FT",-79.9677168834749,40.4628714868962,-79.9672138150534,40.4626735671717,21.1065088107649,52.425318036129
30233,57,10808,1410.50087336,"HAZLETT ST RAMP","RAMP",1,"FT",-80.0033718183344,40.470506506281,-80.0054039972957,40.4741087238741,60.2679478215184,64.1060512952123
6896,9682,6928,414.04340173,"SHADY AVE","AVE",2,"N",-79.9208303232947,40.4598057873675,-79.9220714798566,40.4591934932994,18.7262300113591,54.8667879565702
13127,6026,5770,367.12651791,"5TH AVE","AVE",3,"N",-79.9968026100721,40.4393935602654,-79.9955980289364,40.438995824972,17.2704925872372,38.8917913150003
20907,4434,16528,482.44968352,"2ND AVE RAMP","RAMP",0,"N",-79.9375984349893,40.4000984632497,-79.9359242543073,40.3998662788814,30.1907062544331,52.1234155488889
13408,8888,2501,376.76738007,"FORBES AVE","AVE",3,"N",-79.9972665783316,40.4386899150787,-79.9960558139842,40.4382276046981,18.7262151997617,45.0883767418509
11692,8631,15815,118.14597069,"BEELER ST","ST",2,"N",-79.9332796642273,40.4454556929154,-79.9328575493774,40.4454899799005,10.2599166877568,31.5333876826099
11692,4201,13191,324.85253142,"BEELER ST","ST",2,"N",-79.9327058124292,40.4455023138771,-79.9315453516945,40.4455978473907,10.2599166877568,31.5333876826099
12059,727,15153,152.28490833,"FORBES AVE","AVE",4,"N",-79.950739870938,40.4439080229979,-79.9502222634686,40.4440435019501,23.8890012384028,69.7660062339726
30230,13688,10819,2836.25487066,"I-279",NA,2,"FT",-80.008887253372,40.4869745617861,-80.0118557088222,40.4945768950383,65.0207031597355,45.5011645560755
12943,11818,5265,199.92291857,"FORT PITT BRG","BRG",0,"FT",-80.0101932577667,40.4394384197128,-80.0096082484446,40.4397568003251,38.9484017557876,205.09761222854
11652,15136,838,614.88528961,"FORT DUQUESNE BRG","BRG",0,"FT",-80.0091410551186,40.444156877763,-80.009642218588,40.4458002787287,47.56467695985,135.166766181129
17978,5745,6116,284.48969127,"HAZELWOOD AVE","AVE",2,"N",-79.9281682910663,40.4196829417086,-79.9271513790389,40.4196075507179,19.8268863690938,38.9845093719141
22068,2539,4583,845.67437678,"BROWNSVILLE RD","RD",2,"N",-79.9853971655954,40.3892700169569,-79.9837980479006,40.3873246882703,30.3466815902512,31.9162956574445
7882,1516,208,326.85979232,"BAUM BLVD","BLVD",0,"N",-79.9396398601339,40.4566268392728,-79.9385359043376,40.4569330561053,17.5144948860651,49.2827721912504
13233,12501,9222,507.85991868,"FORT PITT BLVD","BLVD",0,"TF",-80.0073741412109,40.439176632758,-80.0057457110848,40.4385485295316,36.4508469977274,65.7626463754326
12851,12461,15949,339.78334267,"CROSSTOWN BLVD","BLVD",0,"N",-80.0302913244563,40.4624460736275,-80.0307811486813,40.4621110069382,27.505308404631,58.3401179660689
31895,4560,12295,588.62862981,"I-376 RAMP","RAMP",0,"FT",-80.0301981535007,40.4274028797985,-80.0293313319559,40.4288350771519,38.2613737135395,222.676949145908
1896,12971,11301,351.76171091,"PERRYSVILLE AVE","AVE",0,"N",-80.0112488201551,40.4749499114852,-80.0121061826234,40.4756535907543,31.8480970621564,92.2183910000591
30172,339,8925,383.18558772,"W CARSON ST","ST",0,"N",-80.003962049183,40.432164496017,-80.0050672226621,40.4327886463367,22.975227086193,85.6233525666874
32092,5371,12902,1573.56460335,"I-376",NA,0,"FT",-80.0308576005311,40.4270385735553,-80.0305372118505,40.422755257464,47.8273493023931,78.033159856255
12333,467,17567,454.22966338,"THORNBURG BRG","BRG",0,"N",-80.0805267944109,40.4405461276996,-80.0823855724722,40.4402452833745,32.6377800799675,64.1024641811726
1236,499,9928,305.59511766,"CELADINE ST","ST",2,"N",-80.0188971891777,40.451517912158,-80.0200706121707,40.4512993104133,23.1361883894999,40.1177903647816
5654,15837,5355,364.58434375,"CLAYTON AVE","AVE",2,"N",-79.9575575314161,40.4587024546428,-79.9573391450432,40.4586336883718,31.9229198267394,58.3613482252116
8785,9883,7937,512.37150722,"PROGRESS ST","ST",2,"N",-79.9926875889815,40.4531861602506,-79.9913944813615,40.4541873168418,13.0254909264181,58.4703105915027
13896,1625,1626,514.52130598,"FORBES AVE","AVE",4,"N",-79.914931296757,40.4380272448588,-79.9130828733393,40.4380276555525,13.5624164274422,38.8910588665547
99781,1626,1969,447.72288926,"FORBES AVE","AVE",4,"N",-79.9130828733393,40.4380276555525,-79.9114746951869,40.4380127850891,13.5624164274422,38.8910588665547
15343,11260,10711,438.65468661,"WOODRUFF ST","ST",4,"N",-80.0184060612762,40.4262197414336,-80.0198895135336,40.4258249072459,32.9450073652243,110.53969438965
11510,48,53,2098.45294214,"I-579 HOV",NA,0,"N",-79.9909998666038,40.4428772592068,-79.9991860138232,40.4592068976146,53.8498258821787,74.3808352753459
10296,14928,4919,610.851362,"WEST END BRG RAMP","RAMP",0,"N",-80.0267754494242,40.4496039749621,-80.0259997145711,40.4481585188543,26.0181292184459,99.7513057650846
30224,12077,11166,4238.8910606,"SQUIRREL HILL TUNL","TUNL",0,"N",-79.9265064045837,40.4279535385354,-79.9115530718894,40.4257660639259,49.7721656750958,79.1278628977979
15930,7158,12105,360.01061184,"MURRAY AVE","AVE",2,"N",-79.9253176983724,40.427976541493,-79.9263480314251,40.427407310676,49.7721656750958,79.1278628977979
6356,10988,491,142.79600619,"31ST ST","ST",2,"N",-79.9713670515473,40.459794711228,-79.9710247909783,40.4595026543043,18.2105313598499,51.4141048980296
19700,1202,16110,514.95173833,"2ND AVE","AVE",0,"N",-79.9447232745249,40.4113125014538,-79.9440772046756,40.4099891732268,33.0883819321905,113.03439948788
4445,9338,8766,588.92521383,"PENN AVE","AVE",2,"N",-79.9600291464502,40.4648380979442,-79.9579610956355,40.4651823191294,21.3459247918924,59.4381967417795
10379,6857,15904,238.61387005,"FONTELLA ST","ST",2,"FT",-80.0207927030197,40.4479085715226,-80.0211044472287,40.4484820630276,15.7860268225458,36.4528095666064
34094,3364,64,752.99345062,"WEST LIBERTY AVE RAMP","RAMP",0,NA,-80.0113863018024,40.4150351259468,-80.0106429243741,40.4142693023625,26.1117030301634,69.2963385246787
14298,7402,8585,57.61467592,"BLVD OF THE ALLIES",NA,0,"N",-79.9630484831542,40.4356714843753,-79.9628641666581,40.4356927029049,25.2198247554233,74.0509349118162
14801,7781,12377,1159.67667475,"BATES ST","ST",0,"N",-79.9584962852016,40.4325229821555,-79.9564077994022,40.4351240791048,32.1955860145661,75.1585013851638
34095,2377,3377,124.85392072,"WEST LIBERTY AVE","AVE",0,"N",-80.0095969522231,40.4141981108114,-80.009752071392,40.4137936395103,30.1525504687408,66.1224126527571
14311,12421,7888,83.96471835,"CRAFT AVE","AVE",2,"N",-79.9615272177539,40.4358364117414,-79.9613204774313,40.4356685804181,36.5244023006069,43.1922816655582
30229,7804,8384,596.44769374,"I-279 RAMP","RAMP",1,"FT",-79.9978497457838,40.4572567841107,-79.9985740842179,40.4587968873578,58.8196841631253,57.7328990594832
11469,2174,4919,1553.4424753,"WEST END BRG","BRG",0,"N",-80.0282028692209,40.4442566805771,-80.0259997145711,40.4481585188543,32.0075727506168,81.1226881245026
12805,2507,5854,251.12429484,"FORBES AVE","AVE",3,"FT",-79.9576258311392,40.441090212569,-79.9569706346605,40.4415641163604,32.8635710744705,105.817946238016
12513,12233,4741,405.07933794,"SHADY AVE","AVE",2,"N",-79.9205127602105,40.4438511543988,-79.92020287462,40.4427648220264,19.1788126188744,53.3220657464944
30258,4797,15969,1014.05552998,"I-279 HOV",NA,0,"N",-80.0009806667301,40.4496740242238,-79.9977090760507,40.4507438912947,53.7212224051382,105.59664022895
