Taxi,495
Trans,513
Trans,514
Trans,528
Trans,534
Trans,541
Trans,546
Trans,561
Trans,567
Trans,568
Trans,548
Trans,550
Trans,551
Trans,582
Trans,620
Trans,622
Trans,626
Trans,628
Trans,588
Trans,589
Trans,606
Start,606
Trans,589
Trans,588
Trans,628
Trans,626
Trans,622
Trans,624
Trans,680
Trans,674
Trans,673
Trans,675
Trans,677
Trans,662
Trans,661
Trans,650
Trans,603
Trans,602
Trans,596
Trans,586
Trans,697
Trans,844
Trans,1321
Trans,1322
Trans,1571
Trans,1695
Trans,1809
Trans,1869
Trans,1870
Trans,1927
Trans,1966
Trans,1999
Trans,2060
Trans,2059
Trans,2195
Trans,2222
Trans,2223
Trans,2283
Trans,2354
Trans,2447
Trans,2471
Trans,2514
Trans,2546
Trans,2547
Trans,2577
Trans,2705
Trans,2806
Trans,2835
Trans,3002
Trans,3314
Trans,3385
Trans,3491
Trans,3640
Trans,3804
Trans,4025
Trans,4155
Trans,4173
Trans,4235
Trans,4362
Trans,4538
Trans,4947
Trans,5152
Trans,5347
Trans,5348
Trans,6048
Trans,6268
Trans,6480
Trans,6624
Trans,6625
Trans,6984
Trans,6958
Trans,6953
Trans,6896
Trans,6949
Trans,7028
Trans,7027
Trans,7161
Trans,7299
Trans,7298
Trans,7422
Trans,7417
Trans,7702
Trans,7861
Trans,7886
Trans,7887
Trans,7917
Trans,7941
Trans,8020
Trans,8037
Trans,8036
Trans,8054
Trans,8079
Trans,8080
Trans,8587
Trans,8584
Trans,9094
Trans,9411
Trans,9412
Trans,9394
Trans,9462
Trans,9502
Trans,9501
Trans,9518
Trans,9547
Trans,9565
Trans,9582
Trans,9583
Trans,9621
Trans,9668
Trans,9701
Trans,9725
Trans,9726
Trans,9782
Trans,9839
Trans,9854
Trans,9890
Trans,9891
Trans,9862
Trans,9829
Trans,9808
Trans,9799
End,9790
Taxi,4022
Trans,4045
Trans,4114
Trans,4178
Trans,4276
Trans,4303
Trans,4304
Trans,4426
Trans,4475
Trans,4474
Trans,4700
Trans,4746
Trans,4745
Trans,4797
Trans,4938
Trans,5078
Trans,5086
Trans,5087
Trans,5196
Trans,5195
Trans,5112
Trans,5079
Trans,4890
Trans,4865
Trans,4864
Trans,4576
Trans,4536
Trans,4498
Trans,4479
Trans,4463
Trans,4455
Trans,4452
Trans,4428
Trans,4425
Trans,4409
Trans,4413
Trans,4448
Trans,4449
Trans,4538
Trans,4362
Trans,4235
Trans,4173
Trans,4155
Trans,4024
Trans,3930
Trans,3993
Trans,4049
Trans,4048
Trans,4062
Trans,4086
Trans,4122
Start,4122
Trans,4086
Trans,4062
Trans,4048
Trans,4049
Trans,3993
Trans,3930
Trans,4024
Trans,4025
Trans,3804
Trans,3640
Trans,3491
Trans,3385
Trans,3314
Trans,3001
Trans,2887
Trans,2576
Trans,2523
Trans,2484
Trans,2455
Trans,2489
Trans,2465
Trans,2463
Trans,2458
Trans,2312
Trans,2311
Trans,2256
Trans,2252
Trans,2277
Trans,2278
Trans,2177
Trans,2145
Trans,2143
Trans,2049
Trans,2481
Trans,2561
Trans,2636
Trans,2637
Trans,2942
Trans,2943
Trans,2974
Trans,3146
Trans,3216
Trans,3379
Trans,3442
Trans,3519
Trans,3520
Trans,3583
Trans,3802
Trans,3897
Trans,3896
Trans,3975
Trans,4009
Trans,4124
End,4194
Taxi,647
Trans,675
Trans,677
Trans,662
Trans,661
Trans,650
Trans,603
Trans,602
Trans,596
Trans,586
Trans,697
Trans,844
Trans,1321
Trans,1322
Trans,1571
Trans,1695
Trans,1809
Trans,1869
Trans,1870
Trans,1927
Trans,1966
Trans,1999
Trans,2060
Trans,2059
Trans,2195
Trans,2222
Start,2223
Trans,2283
Trans,2354
Trans,2432
Trans,2413
Trans,2414
Trans,2401
Trans,2386
Trans,2374
Trans,2373
Trans,2364
Trans,2275
Trans,2429
Trans,2478
Trans,2635
Trans,2802
Trans,2803
Trans,2961
Trans,3124
Trans,3249
Trans,3250
Trans,3382
Trans,3458
Trans,3613
Trans,3706
Trans,3796
Trans,3860
Trans,3905
Trans,3939
Trans,4000
Trans,4113
Trans,4547
Trans,4885
Trans,5275
Trans,5491
Trans,5876
Trans,6061
Trans,6548
Trans,7164
Trans,7165
Trans,7469
Trans,7746
Trans,7980
Trans,8139
Trans,8377
Trans,8594
Trans,8732
Trans,8862
Trans,9141
Trans,9142
Trans,9322
Trans,9494
Trans,9575
Trans,9606
Trans,9607
Trans,9802
Trans,9837
Trans,9902
Trans,10068
Trans,10067
Trans,10325
Trans,10370
Trans,10371
Trans,10399
Trans,10484
Trans,10583
Trans,10656
Trans,10716
Trans,10717
Trans,10793
Trans,10804
Trans,10809
Trans,10904
Trans,10928
Trans,10930
Trans,10963
Trans,10994
Trans,11015
Trans,11025
Trans,11024
Trans,11056
Trans,11055
Trans,11060
Trans,11075
Trans,11077
Trans,11078
End,11085
Taxi,9979
Trans,9980
Trans,9930
Trans,9850
Trans,9851
Trans,9833
Trans,9807
Trans,9721
Trans,9704
Trans,9663
Trans,9549
Trans,9483
Trans,9458
Trans,9405
Trans,9367
Trans,9335
Trans,9299
Trans,9300
Trans,9249
Trans,9158
Trans,9116
Start,9085
Trans,9072
Trans,9030
Trans,8984
Trans,8978
Trans,8968
Trans,8969
Trans,8883
Trans,8766
Trans,8765
Trans,8762
Trans,8761
Trans,8756
Trans,8655
Trans,8657
Trans,8627
Trans,8628
Trans,8585
Trans,8584
Trans,9094
Trans,9411
Trans,9413
Trans,9363
Trans,9308
Trans,9407
Trans,9569
Trans,9598
Trans,9696
Trans,9697
Trans,9758
Trans,9937
Trans,9957
Trans,10058
Trans,10057
Trans,10188
Trans,10190
Trans,10191
Trans,10124
Trans,10154
Trans,10155
Trans,10167
Trans,10137
Trans,10081
End,10054
Taxi,2465
Trans,2489
Trans,2455
Trans,2484
Trans,2523
Trans,2576
Trans,2887
Trans,3001
Trans,3002
Trans,2835
Trans,2806
Trans,2705
Trans,2577
Trans,2547
Trans,2546
Trans,2514
Trans,2471
Trans,2447
Trans,2354
Trans,2283
Trans,2322
Trans,2321
Trans,2346
Trans,2332
Trans,2282
Trans,2232
Start,2232
Trans,2282
Trans,2332
Trans,2346
Trans,2321
Trans,2322
Trans,2283
Trans,2354
Trans,2432
Trans,2413
Trans,2414
Trans,2401
Trans,2386
Trans,2374
Trans,2373
Trans,2364
Trans,2275
Trans,2429
Trans,2478
Trans,2635
Trans,2802
Trans,2803
Trans,2961
Trans,3124
Trans,3249
Trans,3250
Trans,3382
Trans,3458
Trans,3613
Trans,3706
Trans,3796
Trans,3860
Trans,3905
Trans,3939
Trans,4000
Trans,4113
Trans,4547
Trans,4885
Trans,4886
Trans,4701
Trans,4596
Trans,4630
Trans,4631
Trans,4795
Trans,4905
Trans,4961
Trans,4962
Trans,4991
Trans,5008
Trans,5007
Trans,4882
Trans,4698
Trans,4697
Trans,4499
Trans,4500
Trans,4491
Trans,4415
Trans,4433
End,4419
Taxi,9185
Trans,9086
Trans,9183
Trans,9182
Trans,9332
Trans,9375
Trans,9320
Trans,9322
Trans,9494
Trans,9575
Trans,9606
Trans,9607
Trans,9802
Trans,9837
Trans,9902
Trans,10068
Trans,10067
Start,10263
Trans,10262
Trans,10220
Trans,10187
Trans,10186
Trans,10106
Trans,10107
Trans,10054
Trans,10014
Trans,9999
Trans,9998
Trans,9913
Trans,9776
Trans,9677
Trans,9678
Trans,9571
Trans,9387
End,9389
Taxi,2538
Trans,2563
Trans,2525
Trans,2524
Trans,2523
Trans,2576
Trans,2887
Trans,3001
Trans,3314
Trans,3385
Trans,3491
Trans,3640
Trans,3804
Trans,4025
Trans,4155
Trans,4173
Trans,4235
Trans,4362
Trans,4538
Trans,4947
Trans,5152
Trans,5347
Trans,5348
Trans,6048
Trans,6268
Trans,6480
Trans,6624
Trans,6625
Trans,6984
Trans,6958
Trans,6953
Trans,6896
Trans,6949
Trans,7028
Trans,7027
Trans,7161
Trans,7299
Trans,7298
Trans,7422
Trans,7417
Trans,7702
Trans,7861
Trans,7886
Trans,7887
Trans,7917
Trans,7941
Trans,8020
Trans,8037
Trans,8036
Trans,8054
Trans,8079
Trans,8080
Trans,8587
Trans,8585
Trans,8628
Trans,8479
Trans,8344
Trans,8212
Trans,8211
Trans,8097
Trans,7977
Start,7977
Trans,8097
Trans,8211
Trans,8212
Trans,8344
Trans,8478
Trans,8443
Trans,8442
Trans,8380
Trans,8195
Trans,8203
Trans,8204
Trans,8206
Trans,8143
End,8131
Taxi,7081
Trans,7012
Trans,6901
Trans,6910
Trans,6917
Trans,6947
Trans,6999
Trans,6967
Trans,6966
Trans,7022
Trans,6869
Trans,6733
Trans,6751
Trans,6847
Trans,7069
Trans,7068
Trans,7200
Trans,7307
Trans,7461
Trans,7739
Trans,7712
Trans,7713
Trans,7657
Trans,7656
Trans,7548
Trans,7549
Trans,7564
Trans,7632
Trans,7633
Trans,7718
Trans,7762
Trans,7837
Trans,7835
Trans,7829
Trans,7830
Trans,7774
Trans,7759
Start,7759
Trans,7774
Trans,7830
Trans,7829
Trans,7835
Trans,7837
Trans,7762
Trans,7718
Trans,7633
Trans,7632
Trans,7564
Trans,7549
Trans,7548
Trans,7656
Trans,7657
Trans,7713
Trans,7712
Trans,7739
Trans,7461
Trans,7307
Trans,7200
Trans,7068
Trans,7069
Trans,6847
Trans,6751
Trans,6733
Trans,6683
Trans,6670
Trans,6669
Trans,6668
Trans,6663
Trans,6657
Trans,7072
Trans,7035
Trans,7004
Trans,6964
Trans,6963
Trans,6906
Trans,6977
Trans,6976
End,7052
Taxi,2743
Trans,2742
Trans,2740
Trans,2741
Trans,2673
Trans,2621
Trans,2568
Trans,2580
Trans,2623
Trans,2622
Trans,2634
Trans,2633
Trans,2642
Trans,2639
Trans,2682
Trans,2683
Trans,2699
Trans,2716
Trans,2747
Trans,2875
Trans,2906
Trans,2626
Trans,2606
Trans,2607
Trans,2643
Trans,2731
Trans,2754
Trans,2942
Trans,2943
Trans,2974
Trans,3146
Trans,3216
Trans,3379
Trans,3378
Trans,3821
Trans,3960
Trans,4070
Trans,4185
Trans,4323
Trans,4322
Trans,4704
Trans,4730
Trans,4844
Trans,5148
Trans,5316
Trans,5527
Trans,5600
Trans,5601
Trans,5695
Trans,5709
Trans,5756
Trans,5817
Trans,5818
Trans,5908
Trans,6255
Trans,6254
Trans,6612
Trans,7030
Trans,6867
Trans,6602
Trans,6785
Trans,6786
Trans,6924
Trans,6925
Trans,6715
Trans,6642
Trans,6557
Trans,6638
Trans,6580
Trans,6517
Trans,6575
Trans,6374
Trans,6376
Start,6376
Trans,6374
Trans,6540
Trans,6752
Trans,6796
Trans,6797
Trans,6895
Trans,7021
Trans,7079
Trans,7080
Trans,7039
Trans,7014
Trans,6995
Trans,6996
Trans,6956
Trans,6997
Trans,7090
Trans,7163
Trans,7196
Trans,7194
Trans,7270
Trans,7198
Trans,7254
Trans,7375
Trans,7374
Trans,7292
Trans,7291
Trans,7338
Trans,7339
Trans,7370
Trans,7398
Trans,7399
Trans,7417
Trans,7422
Trans,7298
Trans,7299
Trans,7161
Trans,7027
Trans,7028
Trans,6949
Trans,6816
Trans,6337
Trans,6305
Trans,6304
Trans,6546
End,6592
Taxi,3077
Trans,3119
Trans,3103
Trans,3141
Trans,3095
Trans,3143
Trans,3185
Trans,3231
Trans,3263
Trans,3396
Trans,3395
Trans,3584
Trans,3708
Trans,3832
Trans,3833
Start,3931
Trans,3971
Trans,3970
Trans,3984
Trans,4071
Trans,4165
Trans,4187
Trans,4281
Trans,4280
Trans,4322
Trans,4704
Trans,4730
Trans,4844
Trans,5148
Trans,5316
Trans,5527
Trans,5600
Trans,5601
Trans,5695
Trans,5709
Trans,5756
Trans,5817
Trans,5818
Trans,5908
Trans,6255
Trans,6254
Trans,6612
Trans,7030
Trans,6867
Trans,6602
Trans,6785
Trans,6786
Trans,6924
Trans,6925
Trans,6715
Trans,6643
Trans,6537
Trans,6505
Trans,6483
Trans,6428
Trans,6427
Trans,6599
Trans,6703
Trans,6704
Trans,6980
Trans,6979
Trans,7231
Trans,7355
Trans,7452
Trans,7475
Trans,7840
Trans,7839
Trans,7935
Trans,7997
Trans,8103
Trans,8188
Trans,8331
Trans,8378
Trans,8434
Trans,8494
Trans,8513
Trans,8679
Trans,8724
Trans,8776
Trans,8766
Trans,8765
Trans,8762
Trans,8761
Trans,8756
Trans,8655
Trans,8657
Trans,8627
Trans,8628
Trans,8585
Trans,8584
Trans,9094
Trans,9411
Trans,9412
Trans,9394
Trans,9462
Trans,9502
Trans,9501
Trans,9518
Trans,9547
Trans,9565
Trans,9582
Trans,9583
Trans,9621
Trans,9718
Trans,9719
Trans,9771
Trans,9779
Trans,9780
Trans,9796
Trans,9784
End,9809
Taxi,5001
Trans,5002
Trans,5225
Trans,5310
Trans,5385
Trans,5384
Trans,5606
Trans,5678
Trans,5713
Trans,5769
Trans,5839
Trans,5840
Trans,5874
Trans,5915
Trans,5963
Trans,6032
Trans,6093
Trans,6122
Trans,6223
Trans,6222
Trans,6426
Trans,6427
Trans,6599
Trans,6703
Trans,6704
Trans,6980
Trans,6979
Trans,7231
Trans,7355
Trans,7452
Trans,7475
Trans,7840
Trans,7839
Trans,7935
Trans,7997
Trans,8103
Trans,8188
Trans,8331
Trans,8378
Trans,8434
Trans,8494
Trans,8513
Trans,8679
Trans,8724
Trans,8776
Trans,8766
Trans,8765
Trans,8762
Trans,8761
Trans,8756
Trans,8655
Trans,8657
Trans,8627
Trans,8628
Trans,8585
Trans,8586
Trans,8551
Trans,8698
Trans,8737
Start,8737
Trans,8698
Trans,8551
Trans,8586
Trans,8585
Trans,8628
Trans,8627
Trans,8657
Trans,8655
Trans,8756
Trans,8761
Trans,8762
Trans,8765
Trans,8766
Trans,8776
Trans,8723
Trans,8727
End,8801
Taxi,1781
Trans,1827
Trans,1751
Start,1751
Trans,1827
Trans,1781
Trans,1754
Trans,1755
Trans,1851
Trans,1885
Trans,1897
Trans,1887
Trans,1850
Trans,1799
Trans,1663
Trans,1581
Trans,1539
Trans,1460
Trans,1462
Trans,1325
Trans,1256
Trans,1223
Trans,1224
Trans,1202
Trans,1193
Trans,1169
Trans,1161
Trans,1160
Trans,1132
Trans,970
Trans,969
Trans,844
Trans,697
Trans,586
Trans,596
Trans,602
Trans,603
Trans,650
Trans,661
Trans,662
Trans,677
Trans,675
Trans,673
Trans,674
Trans,680
Trans,672
Trans,619
Trans,582
Trans,551
Trans,550
Trans,548
Trans,568
End,567
Taxi,263
Trans,259
Trans,273
Trans,260
Trans,261
Trans,274
Trans,289
Trans,297
Trans,310
Trans,322
Trans,332
Trans,341
Trans,384
Trans,425
Trans,424
Trans,449
Trans,471
Trans,505
Trans,523
Trans,551
Trans,582
Trans,619
Trans,672
Trans,680
Trans,674
Trans,673
Trans,675
Trans,677
Trans,662
Trans,661
Trans,650
Trans,603
Trans,602
Trans,596
Trans,586
Trans,697
Trans,844
Trans,1321
Trans,1322
Trans,1403
Trans,1509
Trans,1602
Trans,1601
Start,1601
Trans,1602
Trans,1509
Trans,1403
Trans,1322
Trans,1321
Trans,969
Trans,970
Trans,1132
Trans,1160
Trans,1161
Trans,1169
Trans,1193
Trans,1202
Trans,1224
Trans,1223
Trans,1239
Trans,1231
Trans,1233
Trans,1259
Trans,1307
Trans,1370
Trans,1456
Trans,1619
Trans,1620
Trans,1765
Trans,1918
Trans,1926
Trans,1949
Trans,1950
Trans,2028
Trans,2076
Trans,2144
Trans,2143
Trans,2049
Trans,2481
Trans,2561
Trans,2636
Trans,2637
Trans,2942
Trans,2943
Trans,2974
Trans,3146
Trans,3216
Trans,3379
Trans,3378
Trans,3821
Trans,3960
Trans,4070
Trans,4185
Trans,4323
Trans,4322
Trans,4704
Trans,4730
Trans,4844
Trans,5148
Trans,5316
Trans,5527
Trans,5600
Trans,5601
Trans,5695
Trans,5709
Trans,5756
Trans,5817
Trans,5818
Trans,5908
Trans,6255
Trans,6254
Trans,6612
Trans,7030
Trans,6867
Trans,6602
Trans,6785
Trans,6786
Trans,6924
Trans,6925
Trans,6715
Trans,6643
Trans,6584
Trans,6457
Trans,6458
Trans,6378
Trans,6319
Trans,6252
Trans,6201
Trans,6137
Trans,6081
End,6080
Taxi,2549
Trans,2612
Trans,2422
Trans,2337
Trans,2336
Trans,2213
Trans,2259
Trans,2258
Trans,2260
Trans,2266
Trans,2125
Trans,2124
Trans,1951
Trans,1895
Trans,1726
Trans,1725
Trans,1733
Trans,1732
Trans,1698
Trans,1658
Trans,1648
Trans,1647
Trans,1652
Trans,1656
Trans,1695
Trans,1571
Trans,1322
Trans,1321
Trans,969
Trans,970
Trans,1132
Trans,1160
Trans,1161
Trans,1169
Trans,1193
Trans,1202
Trans,1224
Trans,1223
Trans,1256
Trans,1325
Trans,1462
Trans,1460
Trans,1539
Trans,1581
Trans,1663
Trans,1799
Trans,1850
Trans,1887
Trans,1901
Trans,1900
Trans,1917
Trans,1981
Trans,1982
Trans,1988
Trans,1991
Trans,1993
Trans,2018
Trans,2045
Trans,2067
Trans,2088
Trans,2089
Trans,2160
Trans,2159
Trans,2162
Trans,2209
Trans,2240
Trans,2309
Trans,2308
Trans,2314
Trans,2295
Start,2295
Trans,2314
Trans,2308
Trans,2309
Trans,2240
Trans,2209
Trans,2162
Trans,2159
Trans,2160
Trans,2089
Trans,2088
Trans,2067
Trans,2045
Trans,2018
Trans,1993
Trans,1991
Trans,1988
Trans,1982
Trans,1981
Trans,1917
Trans,1900
Trans,1901
Trans,1887
Trans,1850
Trans,1799
Trans,1663
Trans,1581
Trans,1539
Trans,1460
Trans,1462
Trans,1325
Trans,1256
Trans,1223
Trans,1224
Trans,1202
Trans,1193
Trans,1169
Trans,1161
Trans,1160
Trans,1132
Trans,970
Trans,969
Trans,1321
Trans,1322
Trans,1571
Trans,1695
Trans,1656
Trans,1652
Trans,1647
Trans,1648
Trans,1658
Trans,1698
Trans,1732
Trans,1733
Trans,1725
Trans,1726
Trans,1895
Trans,1951
Trans,2124
Trans,2125
Trans,2429
Trans,2478
Trans,2635
Trans,2802
Trans,2803
Trans,2961
Trans,3124
Trans,3249
Trans,3250
Trans,3382
Trans,3458
Trans,3613
Trans,3706
Trans,3796
Trans,3860
Trans,3905
Trans,3939
Trans,4000
Trans,4113
Trans,4547
Trans,4885
Trans,5275
Trans,5491
Trans,5876
Trans,6061
Trans,6548
Trans,7164
Trans,7165
Trans,7469
Trans,7746
Trans,7980
Trans,8139
Trans,8377
Trans,8594
Trans,8732
Trans,8862
Trans,9141
Trans,9142
Trans,9322
Trans,9494
Trans,9575
Trans,9606
Trans,9607
Trans,9699
Trans,10090
Trans,10166
Trans,10246
Trans,10220
Trans,10228
Trans,10234
Trans,10230
Trans,10231
Trans,10256
Trans,10288
Trans,10287
Trans,10341
Trans,10342
Trans,10390
End,10389
Taxi,2460
Trans,2529
Trans,2530
Trans,2565
Trans,2581
Trans,2601
Trans,2632
Trans,2633
Trans,2642
Trans,2639
Trans,2682
Trans,2683
Trans,2699
Trans,2716
Trans,2747
Trans,2875
Trans,2906
Trans,2626
Trans,2554
Trans,2472
Trans,2473
Trans,2398
Trans,2303
Trans,2276
Trans,2277
Trans,2252
Trans,2256
Trans,2311
Trans,2312
Trans,2458
Trans,2463
Trans,2465
Trans,2489
Trans,2455
Trans,2484
Trans,2523
Trans,2576
Trans,2887
Trans,3001
Trans,3314
Trans,3385
Trans,3491
Trans,3640
Trans,3804
Trans,4025
Trans,4155
Trans,4173
Trans,4235
Trans,4362
Trans,4538
Trans,4947
Trans,5152
Trans,5347
Trans,5348
Trans,5787
Trans,5968
Trans,5967
Trans,6049
Trans,6206
Start,6206
Trans,6049
Trans,5967
Trans,5968
Trans,5787
Trans,5348
Trans,5347
Trans,5152
Trans,4947
Trans,4449
Trans,4448
Trans,4413
Trans,4409
Trans,4425
Trans,4428
Trans,4452
Trans,4455
Trans,4463
Trans,4479
Trans,4498
Trans,4536
Trans,4576
Trans,4864
Trans,4865
Trans,4890
Trans,5079
Trans,5112
Trans,5195
Trans,5196
Trans,5087
Trans,5086
Trans,5078
Trans,4938
Trans,4797
Trans,4745
Trans,4709
Trans,4710
Trans,4707
Trans,4720
Trans,4731
Trans,4732
Trans,4833
Trans,4834
Trans,4851
Trans,4893
Trans,4894
End,4879
Taxi,4981
Trans,4868
Trans,4867
Start,4867
Trans,4868
Trans,4981
Trans,5017
Trans,5007
Trans,5008
Trans,4991
Trans,4962
Trans,4961
Trans,4905
Trans,4795
Trans,4631
Trans,4630
Trans,4596
Trans,4701
Trans,4886
Trans,4885
Trans,4547
Trans,4113
Trans,4000
Trans,3939
Trans,3905
Trans,3860
Trans,3796
Trans,3706
Trans,3613
Trans,3458
Trans,3382
Trans,3250
Trans,3249
Trans,3124
Trans,2961
Trans,2803
Trans,2802
Trans,2635
Trans,2478
Trans,2429
Trans,2125
Trans,2124
Trans,1951
Trans,1895
Trans,1726
Trans,1725
Trans,1733
Trans,1732
Trans,1698
Trans,1658
Trans,1648
Trans,1647
Trans,1652
Trans,1656
Trans,1695
Trans,1571
Trans,1322
Trans,1323
Trans,1347
Trans,1359
Trans,1405
Trans,1542
Trans,1543
Trans,1556
End,1623
Taxi,3503
Trans,3493
Trans,3432
Trans,3402
Trans,3330
Trans,3329
Trans,3296
Trans,3183
Trans,2974
Trans,2943
Trans,2942
Trans,2637
Trans,2636
Trans,2561
Trans,2481
Trans,2049
Trans,1946
Trans,1947
Trans,1909
Trans,1865
Trans,1795
Trans,1722
Trans,1655
Trans,1567
Trans,1568
Trans,1451
Trans,1394
Start,1394
Trans,1451
Trans,1568
Trans,1567
Trans,1655
Trans,1722
Trans,1795
Trans,1865
Trans,1909
Trans,1947
Trans,1946
Trans,2049
Trans,2481
Trans,2561
Trans,2636
Trans,2637
Trans,2942
Trans,2943
Trans,2974
Trans,3146
Trans,3216
Trans,3379
Trans,3378
Trans,3821
Trans,3960
Trans,4070
Trans,4185
Trans,4323
Trans,4322
Trans,4704
Trans,4730
Trans,4844
Trans,5148
Trans,5316
Trans,5527
Trans,5600
Trans,5601
Trans,5695
Trans,5709
Trans,5756
Trans,5817
Trans,5818
Trans,5908
Trans,6255
Trans,6254
Trans,6612
Trans,7030
Trans,6867
Trans,6602
Trans,6785
Trans,6786
Trans,6924
Trans,6925
Trans,6715
Trans,6643
Trans,6537
Trans,6505
Trans,6483
Trans,6428
Trans,6427
Trans,6599
Trans,6703
Trans,6704
Trans,6980
Trans,6979
Trans,7231
Trans,7355
Trans,7452
Trans,7475
Trans,7840
Trans,7839
Trans,7935
Trans,7997
Trans,8103
Trans,8188
Trans,8331
Trans,8378
Trans,8434
Trans,8494
Trans,8513
Trans,8679
Trans,8678
Trans,8696
Trans,8695
Trans,8704
Trans,8717
Trans,8554
Trans,8560
Trans,8568
End,8569
Taxi,5418
Trans,5417
Trans,5335
Trans,5307
Trans,5163
Trans,5123
Trans,5032
Trans,4968
Trans,4862
Trans,4822
Trans,4746
Trans,4700
Trans,4474
Trans,4360
Trans,4305
Start,4306
Trans,4303
Trans,4276
Trans,4178
Trans,4114
Trans,4011
Trans,4012
Trans,3907
Trans,3790
Trans,3725
Trans,3693
Trans,3482
Trans,3481
Trans,3504
Trans,3527
Trans,3526
Trans,3663
Trans,3662
Trans,3603
Trans,3601
Trans,3654
Trans,3703
Trans,3738
Trans,3739
Trans,3709
End,3673
Taxi,2575
Trans,2482
Trans,2483
Trans,2451
Trans,2227
Trans,2228
Trans,2116
Trans,2062
Trans,1957
Trans,2007
Trans,2078
Trans,2024
Trans,2025
Trans,1978
Trans,2048
Trans,2143
Trans,2144
Trans,2076
Trans,2028
Trans,1950
Trans,1949
Trans,1926
Trans,1918
Trans,1765
Trans,1620
Trans,1619
Trans,1456
Trans,1370
Trans,1307
Trans,1259
Trans,1233
Trans,1231
Trans,1239
Trans,1223
Trans,1224
Trans,1202
Trans,1193
Trans,1169
Trans,1161
Trans,1160
Trans,1132
Trans,970
Trans,969
Trans,844
Trans,697
Trans,586
Start,586
Trans,697
Trans,844
Trans,1321
Trans,1322
Trans,1571
Trans,1695
Trans,1656
Trans,1652
Trans,1647
Trans,1648
Trans,1658
Trans,1698
Trans,1732
Trans,1733
Trans,1725
Trans,1726
Trans,1895
Trans,1951
Trans,2124
Trans,2125
Trans,2429
Trans,2478
Trans,2635
Trans,2802
Trans,2803
Trans,2961
Trans,3124
Trans,3249
Trans,3250
Trans,3382
Trans,3458
Trans,3613
Trans,3706
Trans,3796
Trans,3860
Trans,3905
Trans,3939
Trans,4000
Trans,4113
Trans,4547
Trans,4885
Trans,5174
Trans,5345
Trans,5412
Trans,5415
Trans,5705
Trans,6060
Trans,6115
Trans,6187
Trans,6186
Trans,6461
Trans,6659
Trans,6657
Trans,7072
Trans,7180
Trans,7181
Trans,7238
Trans,7427
Trans,7415
Trans,7414
Trans,7458
Trans,7467
End,7439
Taxi,6962
Start,6962
Trans,6961
Trans,6995
Trans,6996
Trans,6956
Trans,6997
Trans,7090
Trans,7163
Trans,7196
Trans,7428
Trans,7484
Trans,7603
Trans,7659
Trans,7743
Trans,7796
Trans,7860
Trans,7920
Trans,7995
Trans,8030
Trans,8059
Trans,8090
Trans,8148
Trans,8149
Trans,8195
Trans,8380
Trans,8442
Trans,8444
Trans,8482
Trans,8606
Trans,8656
Trans,8627
Trans,8628
Trans,8585
Trans,8584
Trans,9094
Trans,9411
Trans,9413
Trans,9363
Trans,9308
Trans,9407
Trans,9569
Trans,9598
Trans,9696
Trans,9697
Trans,9758
Trans,9947
Trans,9992
Trans,10077
Trans,10156
Trans,10157
Trans,10278
Trans,10277
Trans,10267
Trans,10283
Trans,10319
Trans,10320
Trans,10354
Trans,10360
Trans,10394
Trans,10463
Trans,10464
Trans,10503
Trans,10577
Trans,10645
Trans,10715
Trans,10802
Trans,10849
Trans,10924
Trans,10925
Trans,10890
Trans,10881
End,10880
Taxi,741
Trans,740
Trans,754
Start,774
Trans,792
Trans,821
Trans,785
Trans,696
Trans,844
Trans,1321
Trans,1322
Trans,1571
Trans,1695
Trans,1656
Trans,1652
Trans,1647
Trans,1648
Trans,1658
Trans,1698
Trans,1732
Trans,1733
Trans,1725
Trans,1726
Trans,1895
Trans,1951
Trans,2124
Trans,2125
Trans,2429
Trans,2478
Trans,2635
Trans,2802
Trans,2803
Trans,2961
Trans,3124
Trans,3249
Trans,3250
Trans,3382
Trans,3458
Trans,3613
Trans,3706
Trans,3796
Trans,3860
Trans,3905
Trans,3939
Trans,4000
Trans,4113
Trans,4547
Trans,4885
Trans,5174
Trans,5345
Trans,5412
Trans,5414
Trans,5541
Trans,5833
Trans,5832
Trans,5906
Trans,5905
Trans,6231
Trans,6232
Trans,6476
Trans,6475
Trans,6846
Trans,7069
Trans,7068
Trans,7200
Trans,7307
Trans,7461
Trans,7756
Trans,7955
Trans,7996
Trans,8140
Trans,8381
Trans,8488
Trans,8351
Trans,8303
Trans,8302
End,8266
Taxi,8281
Trans,8283
Trans,8349
Trans,8407
Start,8407
Trans,8348
Trans,8386
Trans,8385
Trans,8345
Trans,8199
Trans,8200
Trans,8125
Trans,7918
Trans,7887
Trans,7886
Trans,7861
Trans,7702
Trans,7417
Trans,7422
Trans,7298
Trans,7299
Trans,7161
Trans,7027
Trans,7028
Trans,6949
Trans,6896
Trans,6953
Trans,6958
Trans,6984
Trans,6625
Trans,6624
Trans,6480
Trans,6268
Trans,6048
Trans,5348
Trans,5347
Trans,5152
Trans,4947
Trans,4538
Trans,4362
Trans,4235
Trans,4173
Trans,4155
Trans,4025
Trans,3804
Trans,3640
Trans,3491
Trans,3385
Trans,3314
Trans,3001
Trans,2887
Trans,2576
Trans,2523
Trans,2484
Trans,2455
Trans,2489
Trans,2465
Trans,2463
Trans,2458
Trans,2312
Trans,2311
Trans,2256
Trans,2252
Trans,2277
Trans,2278
Trans,2177
Trans,2145
Trans,2143
Trans,1946
Trans,1947
Trans,1909
Trans,1865
Trans,1795
Trans,1722
Trans,1740
Trans,1742
Trans,1763
End,1784
Taxi,6488
Trans,6516
Trans,6579
Trans,6545
Trans,6473
Trans,6439
Trans,6440
Trans,6328
Trans,6394
Trans,6393
Trans,6403
Trans,6402
Trans,6350
Trans,6351
Trans,6302
Trans,6195
Trans,6290
Trans,6376
Trans,6374
Trans,6540
Trans,6752
Trans,6796
Trans,6797
Trans,6895
Trans,7021
Trans,7079
Trans,7077
Trans,7125
Trans,7191
Trans,7232
Trans,7355
Trans,7452
Trans,7475
Trans,7840
Trans,7839
Trans,7935
Trans,7997
Trans,8103
Trans,8188
Trans,8331
Trans,8378
Trans,8434
Trans,8494
Trans,8513
Trans,8679
Trans,8678
Trans,8696
Trans,8695
Trans,8704
Trans,8717
Trans,8554
Trans,8560
Trans,8562
Trans,8722
Trans,8733
Trans,8934
Trans,8932
Trans,8990
Trans,9157
Trans,9249
Trans,9300
Trans,9299
Trans,9335
Trans,9367
Trans,9405
Trans,9458
Trans,9483
Trans,9549
Trans,9663
Trans,9704
Trans,9721
Trans,9720
Trans,9754
Start,9754
Trans,9720
Trans,9807
Trans,9833
Trans,9851
Trans,9850
Trans,9930
Trans,9915
Trans,9901
Trans,9867
Trans,9866
Trans,9938
Trans,9959
Trans,9936
Trans,9893
Trans,9863
Trans,9862
Trans,9891
Trans,9890
Trans,9854
Trans,9840
Trans,9924
Trans,9925
Trans,9965
Trans,10065
Trans,10175
Trans,10244
Trans,10300
Trans,10301
Trans,10327
Trans,10349
Trans,10391
Trans,10439
Trans,10438
Trans,10533
Trans,10556
Trans,10612
Trans,10753
Trans,10700
Trans,10699
Trans,10626
Trans,10723
Trans,10803
Trans,10849
Trans,10924
Trans,10923
Trans,10875
Trans,10876
Trans,10929
Trans,10930
Trans,10964
Trans,10995
Trans,11021
Trans,11042
Trans,11041
Trans,11010
Trans,10996
End,10951
Taxi,6379
Trans,6378
Trans,6319
Trans,6252
Trans,6201
Trans,6137
Trans,6081
Trans,6105
Trans,6104
Trans,6192
Trans,6191
Trans,6109
Trans,6158
Trans,6245
Trans,6303
Trans,6349
Trans,6297
Trans,6226
Trans,6228
Trans,6169
Trans,6262
Trans,6317
Trans,6336
Trans,6371
Trans,6370
Trans,6397
Trans,6431
Trans,6453
Trans,6433
Trans,6432
Trans,6405
Trans,6372
Trans,6355
Start,6355
Trans,6372
Trans,6405
Trans,6432
Trans,6433
Trans,6453
Trans,6431
Trans,6397
Trans,6370
Trans,6371
Trans,6336
Trans,6317
Trans,6262
Trans,6169
Trans,6228
Trans,6226
Trans,6297
Trans,6349
Trans,6303
Trans,6245
Trans,6158
Trans,6109
Trans,6191
Trans,6192
Trans,6104
Trans,6105
Trans,6081
Trans,6137
Trans,6201
Trans,6252
Trans,6319
Trans,6378
Trans,6458
Trans,6457
Trans,6584
Trans,6643
Trans,6715
Trans,6925
Trans,6924
Trans,6786
Trans,6785
Trans,6602
Trans,6867
Trans,7030
Trans,6612
Trans,6254
Trans,6255
Trans,5908
Trans,5818
Trans,5817
Trans,5756
Trans,5709
Trans,5695
Trans,5601
Trans,5600
Trans,5527
Trans,5316
Trans,5148
Trans,4844
Trans,4730
Trans,4704
Trans,4322
Trans,4323
Trans,4185
Trans,4070
Trans,3960
Trans,3821
Trans,3378
Trans,3379
Trans,3216
Trans,3146
Trans,2974
Trans,2943
Trans,2942
Trans,2637
Trans,2636
Trans,2561
Trans,2481
Trans,2049
Trans,2143
Trans,2144
Trans,2076
Trans,2028
Trans,1950
Trans,1949
Trans,1926
Trans,1918
Trans,1765
Trans,1620
Trans,1619
Trans,1456
Trans,1370
Trans,1307
Trans,1259
Trans,1233
Trans,1231
Trans,1239
Trans,1223
Trans,1224
Trans,1202
Trans,1193
Trans,1169
Trans,1161
Trans,1160
Trans,1132
Trans,970
Trans,969
Trans,1321
Trans,1322
Trans,1403
Trans,1402
Trans,1432
Trans,1421
Trans,1350
Trans,1353
Trans,1354
Trans,1386
Trans,1440
Trans,1439
Trans,1434
Trans,1433
Trans,1362
Trans,1361
Trans,1373
End,1374
Taxi,5034
Trans,5033
Trans,5081
Trans,5101
Trans,5118
Trans,5047
Trans,5035
Trans,4927
Trans,4928
Trans,4888
Trans,4806
Trans,5113
Trans,5114
Trans,4960
Trans,4871
Trans,4756
Trans,4755
Trans,4868
Trans,4981
Trans,5017
Trans,5007
Trans,5008
Trans,4991
Trans,4962
Trans,4961
Trans,4905
Trans,4795
Trans,4631
Trans,4630
Trans,4596
Trans,4701
Trans,4886
Trans,5275
Trans,5491
Trans,5876
Trans,6061
Trans,6548
Trans,7164
Trans,7165
Trans,7469
Trans,7746
Trans,7980
Trans,8139
Trans,8377
Trans,8594
Trans,8732
Trans,8862
Trans,9141
Trans,9142
Trans,9322
Trans,9494
Trans,9575
Trans,9606
Trans,9607
Trans,9699
Trans,10090
Trans,10166
Start,10246
Trans,10245
Trans,10296
Trans,10324
Trans,10523
Trans,10486
Trans,10487
Trans,10409
Trans,10410
Trans,10411
Trans,10447
Trans,10522
Trans,10679
Trans,10779
Trans,10835
Trans,10874
Trans,10875
Trans,10923
Trans,10924
Trans,10849
Trans,10803
Trans,10723
Trans,10626
Trans,10699
Trans,10700
Trans,10755
Trans,10900
Trans,10943
Trans,11071
End,11072
Taxi,6559
Trans,6610
Trans,6684
Trans,6982
Trans,6981
Trans,6983
Trans,6927
Trans,7056
Trans,7054
Trans,7033
Trans,6997
Trans,6956
Trans,6996
Trans,6995
Trans,6961
Trans,6937
Trans,6973
Start,6973
Trans,6938
Trans,6921
Trans,6861
Trans,6860
Trans,6986
Trans,6987
Trans,7079
Trans,7077
Trans,7125
Trans,7191
Trans,7232
Trans,7231
Trans,6979
Trans,6980
Trans,6704
Trans,6703
Trans,6599
Trans,6427
Trans,6426
Trans,6222
Trans,6223
Trans,6122
Trans,6093
Trans,6032
Trans,5963
Trans,5915
Trans,5874
Trans,5840
Trans,5839
Trans,5769
Trans,5713
Trans,5678
Trans,5605
Trans,5467
Trans,5484
Trans,5379
Trans,5378
Trans,5210
Trans,5095
Trans,4975
Trans,4879
Trans,4894
Trans,4893
Trans,4851
Trans,4834
Trans,4833
Trans,4732
Trans,4731
Trans,4720
Trans,4706
Trans,4640
Trans,4431
Trans,4378
Trans,4298
Trans,4306
Trans,4303
Trans,4276
Trans,4178
End,4104
Taxi,1222
Trans,1221
Trans,1209
Trans,1194
Trans,1190
Trans,1156
Trans,1128
Trans,1129
Trans,1108
Trans,1088
Trans,1089
Trans,1109
Trans,1069
Trans,1068
Trans,929
Trans,877
Trans,878
Trans,865
Trans,822
Trans,797
Trans,796
Trans,793
Trans,783
Trans,724
Trans,706
Trans,681
Trans,680
Trans,672
Trans,670
Start,670
Trans,757
Trans,756
Trans,838
Trans,837
Trans,856
Trans,1007
Trans,1006
Trans,1001
Trans,1025
Trans,1040
Trans,1041
Trans,1052
Trans,1084
Trans,1116
Trans,1153
Trans,1164
Trans,1166
Trans,1175
Trans,1179
Trans,1185
Trans,1189
Trans,1197
Trans,1203
Trans,1208
Trans,1216
Trans,1312
Trans,1310
Trans,1381
Trans,1394
Trans,1451
Trans,1568
Trans,1567
Trans,1655
Trans,1722
Trans,1795
Trans,1865
Trans,1909
Trans,1947
Trans,1946
Trans,2049
Trans,2481
Trans,2561
Trans,2636
Trans,2637
Trans,2942
Trans,2943
Trans,2974
Trans,3146
Trans,3216
Trans,3379
Trans,3378
Trans,3821
Trans,3960
Trans,4070
Trans,4185
Trans,4323
Trans,4280
Trans,4282
Trans,4286
Trans,4398
Trans,4484
Trans,4330
End,4331
Taxi,4697
Trans,4698
Trans,4882
Trans,5007
Trans,5008
Trans,4991
Trans,4962
Trans,4961
Trans,4905
Trans,4795
Trans,4631
Trans,4630
Trans,4596
Trans,4701
Trans,4886
Trans,5174
Trans,5345
Trans,5412
Trans,5414
Trans,5542
Trans,5330
Trans,5317
Trans,5318
Trans,5083
Trans,4952
Trans,4953
Trans,4873
Trans,4770
Trans,4790
Trans,4800
Trans,4780
Start,4780
Trans,4800
Trans,4790
Trans,4770
Trans,4873
Trans,4953
Trans,4952
Trans,5083
Trans,5318
Trans,5317
Trans,5330
Trans,5542
Trans,5414
Trans,5412
Trans,5345
Trans,5174
Trans,4885
Trans,4547
Trans,4113
Trans,4000
Trans,3939
Trans,3905
Trans,3860
Trans,3796
Trans,3706
Trans,3613
Trans,3458
Trans,3382
Trans,3250
Trans,3249
Trans,3124
Trans,2961
Trans,2803
Trans,2802
Trans,2635
Trans,2478
Trans,2429
Trans,2125
Trans,2124
Trans,1951
Trans,1895
Trans,1726
Trans,1725
Trans,1733
Trans,1732
Trans,1698
Trans,1658
Trans,1648
Trans,1647
Trans,1652
Trans,1656
Trans,1695
Trans,1571
Trans,1322
Trans,1321
Trans,844
Trans,696
Trans,785
Trans,843
Trans,841
Trans,916
Trans,917
Trans,929
Trans,1029
Trans,1039
Trans,1057
Trans,1091
Trans,1092
Trans,1099
Trans,1136
Trans,1144
End,1143
Taxi,4290
Trans,4338
Trans,4339
Trans,4355
Trans,4340
Trans,4480
Trans,4463
Trans,4455
Trans,4452
Trans,4428
Trans,4425
Trans,4409
Trans,4413
Trans,4448
Trans,4449
Trans,4947
Trans,5152
Trans,5347
Trans,5348
Trans,6048
Trans,6268
Trans,6480
Trans,6624
Trans,6625
Trans,6984
Trans,6958
Trans,6953
Trans,6896
Trans,6949
Trans,7028
Trans,7027
Trans,7161
Trans,7299
Trans,7298
Trans,7422
Trans,7417
Trans,7702
Trans,7861
Trans,7886
Trans,7887
Trans,7873
Trans,7872
Trans,7817
Trans,7741
Start,7741
Trans,7817
Trans,7872
Trans,7873
Trans,7887
Trans,7886
Trans,7861
Trans,7702
Trans,7417
Trans,7419
Trans,7420
Trans,7454
Trans,7504
Trans,7371
Trans,7407
Trans,7406
Trans,7265
Trans,7266
Trans,7207
Trans,7157
Trans,7110
Trans,6990
Trans,6573
Trans,6572
Trans,6447
Trans,6234
Trans,6294
Trans,6295
Trans,6211
Trans,6025
Trans,5905
Trans,5906
Trans,5832
Trans,5833
Trans,5541
Trans,5414
Trans,5412
Trans,5345
Trans,5174
Trans,4886
Trans,4701
Trans,4596
Trans,4630
Trans,4631
Trans,4795
Trans,4905
Trans,4961
Trans,4962
Trans,4991
Trans,5008
Trans,5007
Trans,4882
Trans,4698
Trans,4697
Trans,4499
Trans,4500
Trans,4492
Trans,4285
Trans,4225
Trans,4073
Trans,4008
Trans,3855
Trans,3854
Trans,3718
Trans,3574
Trans,3452
Trans,3339
Trans,3315
Trans,3205
Trans,3040
Trans,2954
Trans,2738
End,2827
Taxi,1226
Trans,1228
Trans,1229
Trans,1230
Trans,1236
Trans,1237
Trans,1240
Trans,1241
Trans,1248
Trans,1253
Trans,1257
Trans,1261
Trans,1266
Trans,1216
Trans,1208
Trans,1203
Trans,1197
Trans,1189
Trans,1185
Trans,1179
Trans,1175
Trans,1166
Trans,1164
Trans,1153
Trans,1116
Trans,1084
Trans,1080
Trans,1081
Trans,1094
Trans,1077
Trans,1076
Trans,1072
Trans,1066
Start,1066
Trans,1072
Trans,1076
Trans,1077
Trans,1094
Trans,1081
Trans,1080
Trans,1084
Trans,1116
Trans,1153
Trans,1164
Trans,1166
Trans,1175
Trans,1179
Trans,1185
Trans,1189
Trans,1197
Trans,1203
Trans,1208
Trans,1216
Trans,1312
Trans,1310
Trans,1381
Trans,1394
Trans,1451
Trans,1568
Trans,1567
Trans,1655
Trans,1722
Trans,1794
Trans,1749
Trans,1727
Trans,1720
Trans,1710
Trans,1709
Trans,1675
End,1702
Taxi,7004
Trans,7035
Trans,7180
Trans,7181
Trans,7238
Trans,7344
Trans,7345
Trans,7578
Trans,7819
Trans,7820
Trans,8086
Trans,8191
Trans,8317
Trans,8382
Trans,8454
Trans,8619
Trans,8618
Trans,8665
Trans,8778
Trans,8986
Trans,8985
Start,8985
Trans,8986
Trans,8941
Trans,8943
Trans,8976
Trans,9131
Trans,9290
Trans,9351
Trans,9418
Trans,9419
Trans,9572
Trans,9647
Trans,9646
Trans,9699
Trans,10090
Trans,10166
Trans,10246
Trans,10220
Trans,10228
Trans,10234
Trans,10230
Trans,10231
Trans,10232
Trans,10191
Trans,10190
Trans,10188
Trans,10057
Trans,10058
Trans,9957
Trans,9937
Trans,9758
Trans,9697
Trans,9696
Trans,9598
Trans,9569
Trans,9407
Trans,9308
Trans,9363
Trans,9413
Trans,9411
Trans,9094
Trans,8584
Trans,8585
Trans,8628
Trans,8627
Trans,8657
Trans,8655
Trans,8756
Trans,8754
Trans,8800
Trans,8863
Trans,8913
Trans,9052
Trans,9053
Trans,9203
Trans,9202
Trans,9295
Trans,9377
Trans,9403
Trans,9426
Trans,9425
Trans,9432
Trans,9441
Trans,9472
Trans,9505
Trans,9503
Trans,9548
Trans,9550
Trans,9592
Trans,9653
Trans,9750
Trans,9898
Trans,9897
Trans,10013
Trans,10059
Trans,10127
Trans,10126
Trans,10099
Trans,10071
Trans,10063
Trans,10055
Trans,10082
Trans,10102
Trans,10101
Trans,10128
Trans,10139
Trans,10131
Trans,10125
End,10135
Taxi,3278
Trans,3233
Trans,3105
Trans,3015
Trans,3081
Trans,3123
Trans,3135
Trans,3161
Trans,3159
Trans,3149
Trans,3041
Trans,3205
Trans,3315
Trans,3291
Trans,3290
Trans,3253
Trans,3220
Start,3220
Trans,3253
Trans,3290
Trans,3291
Trans,3339
Trans,3452
Trans,3574
Trans,3718
Trans,3854
Trans,3855
Trans,4008
Trans,4073
Trans,4225
Trans,4285
Trans,4492
Trans,4500
Trans,4499
Trans,4697
Trans,4698
Trans,4882
Trans,5007
Trans,5008
Trans,4991
Trans,4962
Trans,4961
Trans,4905
Trans,4795
Trans,4631
Trans,4630
Trans,4596
Trans,4701
Trans,4886
Trans,5174
Trans,5345
Trans,5412
Trans,5414
Trans,5541
Trans,5833
Trans,5832
Trans,5906
Trans,5905
Trans,6025
Trans,6211
Trans,6295
Trans,6294
Trans,6234
Trans,6447
Trans,6572
Trans,6573
Trans,6990
Trans,7110
Trans,7157
Trans,7207
Trans,7266
Trans,7265
Trans,7406
Trans,7407
Trans,7371
Trans,7504
Trans,7454
Trans,7420
Trans,7419
Trans,7417
Trans,7399
Trans,7398
Trans,7370
Trans,7339
Trans,7338
Trans,7291
Trans,7292
Trans,7374
Trans,7375
Trans,7254
Trans,7198
Trans,7270
Trans,7194
Trans,7196
Trans,7163
Trans,7090
Trans,6997
Trans,6956
Trans,6996
Trans,6995
Trans,7014
Trans,7039
Trans,7080
Trans,7077
Trans,7125
Trans,7191
Trans,7232
Trans,7355
Trans,7452
Trans,7475
Trans,7840
Trans,7839
Trans,7935
End,7998
Taxi,3340
Trans,3400
Trans,3470
Trans,3450
Trans,3370
Trans,3369
Trans,3342
Trans,3343
Trans,3295
Trans,3296
Trans,3183
Trans,2974
Trans,2943
Trans,2942
Trans,2671
Trans,2808
Trans,2912
Trans,2928
Trans,2975
Trans,3030
Start,3030
Trans,2975
Trans,2928
Trans,2912
Trans,2808
Trans,2671
Trans,2637
Trans,2636
Trans,2561
Trans,2481
Trans,2049
Trans,2143
Trans,2144
Trans,2076
Trans,2028
Trans,1950
Trans,1949
Trans,1926
Trans,1918
Trans,1765
Trans,1620
Trans,1619
Trans,1456
Trans,1370
Trans,1307
Trans,1259
Trans,1233
Trans,1231
Trans,1239
Trans,1223
Trans,1224
Trans,1202
Trans,1193
Trans,1169
Trans,1161
Trans,1160
Trans,1132
Trans,970
Trans,969
Trans,1321
End,1298
Taxi,3237
Trans,3212
Trans,3213
Trans,3181
Trans,3171
Trans,3240
Trans,3241
Trans,3217
Trans,3199
Trans,3190
Trans,3191
Trans,3175
Trans,3177
Trans,3054
Trans,3055
Trans,3093
Trans,3094
Trans,3224
Trans,3365
Trans,3342
Trans,3343
Trans,3295
Trans,3329
Trans,3330
Trans,3417
Trans,3418
Trans,3520
Trans,3582
Trans,3554
Trans,3571
Trans,3627
Start,3627
Trans,3571
Trans,3554
Trans,3582
Trans,3520
Trans,3519
Trans,3442
Trans,3379
Trans,3216
Trans,3146
Trans,2974
Trans,2943
Trans,2942
Trans,2637
Trans,2636
Trans,2561
Trans,2481
Trans,2049
Trans,2143
Trans,2144
Trans,2076
Trans,2028
Trans,1950
Trans,1973
Trans,1974
Trans,1980
Trans,1975
Trans,1992
Trans,1897
Trans,1887
Trans,1850
Trans,1799
Trans,1798
Trans,1902
Trans,1903
Trans,1889
Trans,1890
Trans,1899
Trans,1929
Trans,1930
Trans,1914
Trans,1896
Trans,1892
Trans,1867
End,1868
Taxi,3431
Trans,3432
Trans,3402
Trans,3417
Trans,3418
Trans,3520
Trans,3583
Trans,3802
Trans,3897
Trans,3896
Trans,3975
Trans,4009
Trans,4124
Trans,4125
Trans,4052
Trans,4071
Trans,4165
Trans,4186
Trans,4188
Start,4188
Trans,4186
Trans,4187
Trans,4281
Trans,4280
Trans,4323
Trans,4185
Trans,4070
Trans,3960
Trans,3821
Trans,3378
Trans,3379
Trans,3216
Trans,3146
Trans,2974
Trans,2943
Trans,2942
Trans,2637
Trans,2636
Trans,2561
Trans,2481
Trans,2049
Trans,1946
Trans,1947
Trans,1909
Trans,1865
Trans,1795
Trans,1794
Trans,1749
Trans,1727
Trans,1720
Trans,1710
Trans,1709
Trans,1635
Trans,1562
Trans,1563
Trans,1500
Trans,1317
Trans,1273
Trans,1272
Trans,1241
Trans,1240
Trans,1237
End,1236
Taxi,5244
Trans,5151
Trans,5154
Trans,5272
Trans,5271
Trans,5370
Trans,5344
Trans,5622
Trans,5621
Trans,5731
Trans,6231
Trans,6232
Trans,6476
Trans,6475
Trans,6846
Trans,7069
Trans,7068
Trans,7200
Trans,7307
Trans,7461
Trans,7756
Trans,7955
Trans,7996
Trans,8140
Trans,8381
Trans,8515
Trans,8516
Trans,8675
Trans,8674
Trans,8707
Trans,9005
Trans,9006
Trans,9389
Trans,9387
Trans,9571
Trans,9678
Trans,9677
Trans,9776
Trans,9913
Trans,9998
Start,9998
Trans,9913
Trans,9776
Trans,9654
Trans,9477
Trans,9313
Trans,9080
Trans,9081
Trans,8914
Trans,8802
Trans,8599
Trans,8598
Trans,8525
Trans,8541
Trans,8540
Trans,8618
Trans,8665
Trans,8778
Trans,8941
Trans,8943
Trans,8977
Trans,9018
Trans,8872
Trans,8787
Trans,8788
Trans,8862
Trans,8732
Trans,8594
Trans,8377
Trans,8139
Trans,7980
Trans,7746
Trans,7469
Trans,7165
Trans,7164
Trans,6548
Trans,6061
Trans,5876
Trans,5491
Trans,5275
Trans,4886
Trans,4701
Trans,4596
Trans,4630
Trans,4631
Trans,4795
Trans,4905
Trans,4961
Trans,4962
Trans,5104
Trans,5105
Trans,5364
End,5342
Taxi,7978
Trans,8097
Trans,8211
Trans,8212
Trans,8344
Trans,8479
Trans,8627
Trans,8657
Trans,8655
Trans,8756
Trans,8761
Trans,8762
Trans,8765
Trans,8766
Trans,8883
Trans,8969
Trans,8968
Trans,9056
Start,9056
Trans,8968
Trans,8969
Trans,8883
Trans,8776
Trans,8724
Trans,8679
Trans,8513
Trans,8494
Trans,8434
Trans,8378
Trans,8331
Trans,8188
Trans,8103
Trans,7997
Trans,7935
Trans,7839
Trans,7840
Trans,7475
Trans,7452
Trans,7355
Trans,7231
Trans,6979
Trans,6980
Trans,6704
Trans,6703
Trans,6599
Trans,6427
Trans,6428
Trans,6483
Trans,6505
Trans,6537
Trans,6643
Trans,6715
Trans,6925
Trans,6924
Trans,6786
Trans,6785
Trans,6602
Trans,6867
Trans,7030
Trans,6612
Trans,6254
Trans,6255
Trans,5908
Trans,5818
Trans,5817
Trans,5756
Trans,5709
Trans,5695
Trans,5601
Trans,5600
Trans,5527
Trans,5316
Trans,5148
Trans,4844
Trans,4730
Trans,4704
Trans,4322
Trans,4323
Trans,4185
Trans,4070
Trans,3960
Trans,3821
Trans,3378
Trans,3379
Trans,3216
Trans,3146
Trans,2974
Trans,2943
Trans,2942
Trans,2637
Trans,2636
Trans,2561
Trans,2481
Trans,2049
Trans,2143
Trans,2144
Trans,2076
Trans,2028
Trans,1950
Trans,1973
Trans,1974
Trans,1980
Trans,1975
Trans,1992
Trans,1897
Trans,1901
Trans,1900
Trans,1917
Trans,1981
Trans,1982
Trans,1988
Trans,1991
Trans,1993
Trans,2018
Trans,2045
Trans,2067
Trans,2088
Trans,2089
Trans,2160
Trans,2159
Trans,2162
Trans,2191
Trans,2192
Trans,2185
Trans,2183
End,2142
Taxi,5059
Trans,5122
Trans,5162
Trans,5192
Trans,5248
Trans,5247
Trans,5298
Trans,5355
Trans,5413
Trans,5414
Start,5414
Trans,5415
Trans,5705
Trans,6060
Trans,6115
Trans,6187
Trans,6186
Trans,6461
Trans,6659
Trans,6657
Trans,7072
Trans,7180
Trans,7181
Trans,7238
Trans,7427
Trans,7555
Trans,7724
Trans,7726
Trans,7856
Trans,7914
Trans,8154
End,8267
Taxi,1712
Trans,1726
Trans,1699
Trans,1672
Trans,1686
Start,1686
Trans,1672
Trans,1699
Trans,1895
Trans,1951
Trans,2124
Trans,2125
Trans,2429
Trans,2478
Trans,2635
Trans,2802
Trans,2803
Trans,2961
Trans,3124
Trans,3249
Trans,3250
Trans,3382
Trans,3458
Trans,3613
Trans,3706
Trans,3796
Trans,3860
Trans,3905
Trans,3939
Trans,4000
Trans,4113
Trans,4547
Trans,4885
Trans,5174
Trans,5345
Trans,5412
Trans,5414
Trans,5541
Trans,5833
Trans,5832
Trans,5906
Trans,5905
Trans,6025
Trans,6211
Trans,6295
Trans,6294
Trans,6234
Trans,6447
Trans,6572
Trans,6573
Trans,6990
Trans,7110
Trans,7157
Trans,7207
Trans,7266
Trans,7265
Trans,7406
Trans,7407
Trans,7371
Trans,7504
Trans,7454
Trans,7420
Trans,7419
Trans,7417
Trans,7702
Trans,7861
Trans,7886
Trans,7887
Trans,7917
Trans,7941
Trans,8020
Trans,8037
Trans,8036
Trans,8054
Trans,8079
Trans,8080
Trans,8587
Trans,8585
Trans,8628
Trans,8627
Trans,8657
Trans,8655
Trans,8756
Trans,8761
Trans,8762
Trans,8765
Trans,8767
Trans,8901
Trans,8918
Trans,8996
Trans,9065
Trans,9104
End,9163
Taxi,5915
Trans,5963
Trans,6032
Trans,6093
Trans,6122
Trans,6223
Trans,6222
Trans,6426
Trans,6427
Trans,6599
Trans,6703
Trans,6704
Trans,6980
Trans,6979
Trans,7231
Trans,7232
Trans,7191
Trans,7125
Trans,7077
Trans,7080
Trans,7039
Trans,7014
Trans,6995
Trans,6996
Trans,6956
Trans,6997
Trans,7090
Trans,7163
Trans,7196
Trans,7194
Trans,7270
Trans,7198
Trans,7254
Trans,7375
Trans,7374
Trans,7292
Trans,7291
Trans,7338
Trans,7339
Trans,7389
Trans,7388
Trans,7443
Trans,7465
Trans,7552
Trans,7634
Trans,7723
Trans,7722
Trans,7769
Trans,7886
Trans,7943
Trans,7985
Trans,7984
Trans,8035
Trans,8164
Trans,8163
Trans,8273
Trans,8373
Trans,8292
Trans,8465
Trans,8623
Trans,8573
Trans,8527
Trans,8526
Trans,8524
Start,8524
Trans,8526
Trans,8527
Trans,8573
Trans,8623
Trans,8465
Trans,8292
Trans,8373
Trans,8374
Trans,8401
Trans,8417
Trans,8445
Trans,8446
Trans,8485
Trans,8673
Trans,8750
Trans,8748
Trans,9067
Trans,9257
Trans,9363
Trans,9413
Trans,9412
Trans,9394
Trans,9462
Trans,9502
Trans,9501
Trans,9518
Trans,9547
Trans,9565
Trans,9582
Trans,9583
Trans,9621
Trans,9668
Trans,9701
Trans,9725
Trans,9726
Trans,9782
Trans,9839
Trans,9854
Trans,9882
End,9883
Taxi,1151
Trans,1150
Trans,1149
Trans,1147
Trans,1145
Trans,1144
Trans,1143
Trans,1153
Trans,1164
Trans,1166
Trans,1175
Trans,1179
Trans,1185
Trans,1189
Trans,1197
Trans,1203
Trans,1208
Trans,1216
Trans,1312
Trans,1310
Trans,1381
Trans,1394
Trans,1451
Trans,1568
Trans,1567
Trans,1655
Trans,1740
Trans,1742
Trans,1763
Trans,1784
Trans,1806
Trans,1837
Start,1837
Trans,1806
Trans,1784
Trans,1763
Trans,1742
Trans,1740
Trans,1722
Trans,1795
Trans,1865
Trans,1909
Trans,1947
Trans,1946
Trans,2049
Trans,2481
Trans,2561
Trans,2636
Trans,2637
Trans,2942
Trans,2943
Trans,2974
Trans,3146
Trans,3216
Trans,3379
Trans,3378
Trans,3821
Trans,3960
Trans,4070
Trans,4185
Trans,4323
Trans,4322
Trans,4704
Trans,4730
Trans,4844
Trans,5148
Trans,5316
Trans,5527
Trans,5600
Trans,5601
Trans,5695
Trans,5709
Trans,5756
Trans,5817
Trans,5818
Trans,5908
Trans,6255
Trans,6254
Trans,6612
Trans,7030
Trans,6867
Trans,6602
Trans,6785
Trans,6786
Trans,6924
Trans,6925
Trans,6715
Trans,6643
Trans,6584
Trans,6457
Trans,6458
Trans,6378
Trans,6319
Trans,6252
Trans,6201
Trans,6137
Trans,6081
Trans,6105
Trans,6103
Trans,6066
Trans,5813
Trans,5820
Trans,5821
Trans,5871
Trans,5872
Trans,6064
Trans,6065
Trans,5970
Trans,5944
Trans,5895
End,5860
Taxi,4996
Trans,4909
Trans,4937
Trans,4938
Trans,5078
Trans,5086
Trans,5087
Trans,5196
Trans,5195
Trans,5112
Trans,5079
Trans,4890
Trans,4865
Trans,4864
Trans,4576
Trans,4536
Trans,4498
Trans,4479
Trans,4463
Trans,4455
Trans,4452
Trans,4428
Trans,4425
Trans,4409
Trans,4413
Trans,4448
Trans,4449
Trans,4538
Trans,4362
Trans,4235
Trans,4173
Trans,4155
Trans,4025
Trans,3804
Trans,3640
Trans,3491
Trans,3385
Trans,3314
Trans,3002
Trans,2835
Trans,2806
Trans,2705
Trans,2577
Trans,2547
Trans,2546
Trans,2514
Trans,2471
Trans,2447
Trans,2354
Trans,2283
Trans,2322
Trans,2321
Trans,2244
Start,2244
Trans,2321
Trans,2322
Trans,2283
Trans,2354
Trans,2447
Trans,2471
Trans,2514
Trans,2546
Trans,2547
Trans,2577
Trans,2705
Trans,2806
Trans,2835
Trans,3002
Trans,3001
Trans,2887
Trans,2576
Trans,2523
Trans,2484
Trans,2455
Trans,2489
Trans,2465
Trans,2463
Trans,2458
Trans,2312
Trans,2311
Trans,2256
Trans,2252
Trans,2277
Trans,2278
Trans,2177
Trans,2145
Trans,2144
Trans,2076
Trans,2028
Trans,1950
Trans,1949
Trans,1920
Trans,1844
End,1843
Taxi,8852
Trans,8851
Trans,8970
Trans,9057
Start,9057
Trans,8970
Trans,8851
Trans,8852
Trans,8793
Trans,8719
Trans,8660
Trans,8582
Trans,8514
Trans,8399
Trans,8362
Trans,8360
Trans,8159
Trans,8122
Trans,8031
Trans,7945
Trans,7901
Trans,7900
Trans,7858
Trans,7833
Trans,7765
Trans,7665
Trans,7503
Trans,7454
Trans,7420
Trans,7419
Trans,7417
Trans,7702
Trans,7861
Trans,7886
Trans,7887
Trans,7917
Trans,7941
Trans,8020
Trans,8037
Trans,8036
End,8054
Taxi,5104
Trans,4962
Trans,4961
Trans,4905
Trans,4795
Trans,4631
Trans,4630
Trans,4596
Trans,4701
Trans,4886
Trans,5174
Trans,5345
Trans,5412
Trans,5414
Trans,5542
Trans,5330
Trans,5160
Trans,5036
Trans,4929
Trans,4931
Trans,4796
Trans,4807
Start,4807
Trans,4796
Trans,4931
Trans,4930
Trans,5083
Trans,5444
Trans,5445
Trans,5674
Trans,5906
Trans,5905
Trans,6025
Trans,6211
Trans,6295
Trans,6294
Trans,6234
Trans,6447
Trans,6572
Trans,6573
Trans,6990
Trans,7110
Trans,7157
Trans,7207
Trans,7266
Trans,7265
Trans,7406
Trans,7407
Trans,7371
Trans,7504
Trans,7454
Trans,7420
Trans,7382
Trans,7387
Trans,7298
Trans,7299
Trans,7161
Trans,7027
Trans,7028
Trans,6949
Trans,6896
Trans,6953
Trans,6958
Trans,6984
Trans,6625
Trans,6624
Trans,6480
Trans,6268
Trans,6048
Trans,5348
Trans,5347
Trans,5152
Trans,4947
Trans,4449
Trans,4448
Trans,4413
Trans,4409
Trans,4425
Trans,4428
Trans,4452
Trans,4455
Trans,4463
Trans,4479
Trans,4498
Trans,4536
Trans,4560
End,4559
Taxi,10242
Trans,10210
Trans,10213
Trans,10189
Trans,10178
Trans,10177
Trans,10159
Trans,10051
Trans,10050
Trans,10043
Trans,10016
Trans,10017
Trans,9944
Trans,9943
Trans,9883
Trans,9882
Trans,9854
Trans,9840
Trans,9924
Trans,9925
Trans,9965
Trans,10065
Trans,10175
Trans,10244
Trans,10300
Trans,10301
Trans,10327
Trans,10349
Trans,10391
Trans,10439
Trans,10438
Trans,10533
Trans,10556
Trans,10612
Trans,10753
Trans,10700
Trans,10699
Trans,10626
Trans,10723
Trans,10803
Trans,10849
Trans,10924
Trans,10923
Trans,10875
Trans,10876
Trans,10929
Trans,10930
Trans,10963
Trans,10978
Trans,10993
Trans,11008
Trans,10992
Trans,10975
Trans,10958
Trans,10947
Trans,10950
Trans,10912
Trans,10931
Trans,10932
Trans,10937
Start,10937
Trans,10932
Trans,10931
Trans,10912
Trans,10950
Trans,10947
Trans,10958
Trans,10975
Trans,10992
Trans,11008
Trans,10993
Trans,10978
Trans,10963
Trans,10930
Trans,10929
Trans,10876
Trans,10874
Trans,10835
Trans,10779
Trans,10679
Trans,10522
Trans,10447
Trans,10411
Trans,10410
Trans,10343
Trans,10287
Trans,10288
Trans,10256
Trans,10232
Trans,10191
Trans,10190
Trans,10188
Trans,10057
Trans,10058
Trans,9957
Trans,9937
Trans,9758
Trans,9697
Trans,9696
Trans,9598
Trans,9569
Trans,9407
Trans,9308
Trans,9363
Trans,9413
Trans,9411
Trans,9094
Trans,8584
Trans,8585
Trans,8628
Trans,8627
Trans,8657
Trans,8655
Trans,8756
Trans,8761
Trans,8762
Trans,8765
Trans,8766
Trans,8813
Trans,8839
Trans,8864
Trans,8865
Trans,8904
Trans,8820
Trans,8821
Trans,8562
Trans,8568
Trans,8578
Trans,8579
Trans,8590
End,8591
Taxi,6079
Trans,6081
Trans,6137
Trans,6201
Trans,6252
Start,6319
Trans,6378
Trans,6458
Trans,6457
Trans,6584
Trans,6537
Trans,6505
Trans,6483
Trans,6428
Trans,6427
Trans,6599
Trans,6703
Trans,6704
Trans,6980
Trans,6979
Trans,7231
Trans,7355
Trans,7452
Trans,7475
Trans,7840
Trans,7839
Trans,7935
Trans,7997
Trans,8103
Trans,8188
Trans,8331
Trans,8378
Trans,8434
Trans,8494
Trans,8513
Trans,8679
Trans,8724
Trans,8776
Trans,8766
Trans,8765
Trans,8762
Trans,8761
Trans,8756
Trans,8655
Trans,8657
Trans,8627
Trans,8628
Trans,8585
Trans,8584
Trans,9094
Trans,9411
Trans,9413
Trans,9363
Trans,9308
Trans,9407
Trans,9569
Trans,9598
Trans,9696
Trans,9697
Trans,9758
Trans,9937
Trans,9957
Trans,10058
Trans,10057
Trans,10188
Trans,10190
Trans,10191
Trans,10258
Trans,10248
Trans,10247
Trans,10214
End,10257
Taxi,10720
Trans,10799
Trans,10839
Trans,10875
Trans,10923
Trans,10924
Trans,10849
Trans,10825
Start,10825
Trans,10802
Trans,10715
Trans,10645
Trans,10577
Trans,10503
Trans,10464
Trans,10463
Trans,10394
Trans,10360
Trans,10354
Trans,10320
Trans,10319
Trans,10283
Trans,10267
Trans,10277
Trans,10278
Trans,10157
Trans,10156
Trans,10077
Trans,9992
Trans,9947
Trans,9758
Trans,9697
Trans,9696
Trans,9598
Trans,9569
Trans,9407
Trans,9152
Trans,9153
Trans,9067
Trans,8748
Trans,8750
Trans,8673
Trans,8483
Trans,8385
Trans,8345
Trans,8199
Trans,8198
End,8197
Taxi,1813
Trans,1868
Trans,1867
Trans,1892
Trans,1896
Trans,1914
Trans,1930
Trans,1929
Trans,1899
Trans,1890
Trans,1889
Trans,1903
Trans,1902
Trans,1798
Trans,1799
Trans,1850
Trans,1887
Trans,1897
Trans,1992
Trans,1975
Trans,1980
Trans,1974
Trans,1973
Trans,1950
Trans,2028
Trans,2076
Trans,2144
Trans,2143
Trans,2049
Trans,2481
Trans,2561
Trans,2636
Trans,2637
Trans,2942
Trans,2943
Trans,2974
Trans,3146
Trans,3216
Trans,3379
Trans,3442
Trans,3519
Trans,3520
Trans,3582
Trans,3554
Trans,3511
Start,3511
Trans,3554
Trans,3582
Trans,3520
Trans,3519
Trans,3442
Trans,3379
Trans,3216
Trans,3146
Trans,2974
Trans,2943
Trans,2942
Trans,2637
Trans,2636
Trans,2561
Trans,2481
Trans,2049
Trans,2143
Trans,2145
Trans,2177
Trans,2278
Trans,2277
Trans,2252
Trans,2256
Trans,2311
Trans,2312
Trans,2458
Trans,2463
Trans,2465
Trans,2489
Trans,2455
Trans,2484
Trans,2523
Trans,2576
Trans,2887
Trans,3001
Trans,3002
Trans,2835
Trans,2806
Trans,2705
Trans,2577
Trans,2547
Trans,2546
Trans,2514
Trans,2471
Trans,2447
Trans,2354
Trans,2283
Trans,2229
Trans,2284
Trans,2285
Trans,2344
Trans,2341
Trans,2363
End,2379
Taxi,2979
Trans,3023
Trans,3013
Trans,2997
Trans,3063
Trans,3143
Trans,3185
Trans,3231
Trans,3263
Trans,3396
Trans,3395
Trans,3428
Trans,3419
Trans,3421
Trans,3445
Trans,3455
Trans,3415
Trans,3379
Trans,3216
Trans,3146
Trans,2974
Trans,2943
Trans,2942
Trans,2637
Trans,2636
Trans,2561
Trans,2481
Trans,2049
Trans,2143
Trans,2144
Trans,2076
Trans,2028
Trans,1950
Trans,1973
Trans,1974
Trans,1980
Trans,1975
Trans,1992
Trans,1897
Trans,1901
Trans,1900
Trans,1917
Trans,1981
Trans,1982
Trans,1988
Trans,1991
Trans,1993
Trans,2018
Trans,2045
Trans,2067
Trans,2088
Trans,2089
Trans,2160
Trans,2159
Trans,2162
Trans,2191
Start,2191
Trans,2162
Trans,2159
Trans,2160
Trans,2089
Trans,2088
Trans,2067
Trans,2045
Trans,2018
Trans,1993
Trans,1991
Trans,1988
Trans,1982
Trans,1981
Trans,1917
Trans,1900
Trans,1901
Trans,1897
Trans,1992
Trans,1975
Trans,1980
Trans,1974
Trans,1973
Trans,1950
Trans,2028
Trans,2076
Trans,2144
Trans,2143
Trans,2049
Trans,2481
Trans,2561
Trans,2636
Trans,2637
Trans,2942
Trans,2943
Trans,2974
Trans,3146
Trans,3216
Trans,3379
Trans,3378
Trans,3821
Trans,3960
Trans,4070
Trans,4185
Trans,4323
Trans,4322
Trans,4704
Trans,4730
Trans,4844
Trans,5148
Trans,5316
Trans,5527
Trans,5600
Trans,5601
Trans,5695
Trans,5709
Trans,5756
Trans,5817
Trans,5818
Trans,5908
Trans,6255
Trans,6254
Trans,6612
Trans,7030
Trans,6867
Trans,6602
End,6785
Taxi,8901
Trans,8767
Trans,8765
Trans,8762
Trans,8761
Trans,8754
Trans,8800
Trans,8863
Trans,8913
Trans,9052
Trans,9053
Trans,9203
Trans,9202
Trans,9295
Trans,9377
Trans,9403
Trans,9414
Trans,9525
Trans,9526
Trans,9563
Trans,9587
Trans,9586
Trans,9703
Start,9703
Trans,9586
Trans,9587
Trans,9563
Trans,9526
Trans,9525
Trans,9414
Trans,9403
Trans,9377
Trans,9295
Trans,9202
Trans,9203
Trans,9053
Trans,9052
Trans,8913
Trans,8863
Trans,8800
Trans,8754
Trans,8756
Trans,8655
Trans,8657
Trans,8627
Trans,8628
Trans,8585
Trans,8587
Trans,8080
Trans,8079
Trans,8054
Trans,8036
Trans,8037
Trans,8020
Trans,7941
Trans,7917
Trans,7887
Trans,7769
Trans,7783
Trans,7784
End,7906
