Taxi,1181
Trans,1180
Trans,1200
Trans,1225
Trans,1228
Trans,1229
Trans,1230
Trans,1236
Trans,1237
Trans,1240
Trans,1241
Trans,1248
Trans,1253
Trans,1257
Trans,1261
Trans,1266
Trans,1216
Trans,1208
Trans,1203
Trans,1197
Trans,1189
Trans,1185
Trans,1179
Trans,1175
Trans,1166
Trans,1164
Trans,1153
Trans,1116
Trans,1084
Trans,1052
Trans,1041
Trans,1040
Trans,1025
Trans,1001
Trans,1006
Trans,1007
Trans,856
Trans,837
Trans,838
Trans,756
Trans,757
Trans,619
Trans,582
Trans,551
Trans,550
Trans,548
Trans,568
Trans,567
Trans,561
Trans,546
Trans,541
Trans,534
Trans,528
Trans,514
Trans,513
Trans,492
Trans,486
Start,486
Trans,492
Trans,513
Trans,514
Trans,528
Trans,534
Trans,541
Trans,546
Trans,561
Trans,567
Trans,568
Trans,548
Trans,550
Trans,551
Trans,582
Trans,619
Trans,672
Trans,680
Trans,674
Trans,673
Trans,675
Trans,677
Trans,662
Trans,661
Trans,650
Trans,603
Trans,602
Trans,596
Trans,586
Trans,697
Trans,844
Trans,1321
Trans,1322
Trans,1571
Trans,1695
Trans,1809
Trans,1869
Trans,1870
Trans,1927
Trans,1966
Trans,1999
Trans,2060
Trans,2059
Trans,2195
Trans,2222
Trans,2223
Trans,2283
Trans,2354
Trans,2447
Trans,2471
Trans,2514
Trans,2546
Trans,2547
Trans,2577
Trans,2705
Trans,2806
Trans,2835
Trans,3002
Trans,3314
Trans,3385
Trans,3491
Trans,3640
Trans,3804
Trans,4025
Trans,4155
Trans,4173
Trans,4235
Trans,4362
Trans,4538
Trans,4947
Trans,5152
Trans,5347
Trans,5348
Trans,6048
Trans,6268
Trans,6480
Trans,6624
Trans,6625
Trans,6984
Trans,6958
Trans,6953
Trans,6896
Trans,6949
Trans,7028
Trans,7027
Trans,7161
Trans,7299
Trans,7298
Trans,7422
Trans,7417
Trans,7702
Trans,7861
Trans,7886
Trans,7887
Trans,7917
Trans,7941
Trans,8020
Trans,8037
Trans,8036
Trans,8054
Trans,8079
Trans,8080
Trans,8587
Trans,8585
Trans,8628
Trans,8627
Trans,8657
Trans,8655
Trans,8756
Trans,8754
Trans,8800
Trans,8863
Trans,8913
Trans,9052
Trans,9053
Trans,9203
Trans,9202
Trans,9295
Trans,9377
Trans,9403
Trans,9426
Trans,9425
Trans,9432
Trans,9441
Trans,9472
Trans,9505
Trans,9503
Trans,9548
Trans,9550
Trans,9592
Trans,9653
Trans,9750
Trans,9898
Trans,9897
Trans,10013
Trans,10059
Trans,10127
Trans,10126
Trans,10099
Trans,10071
Trans,10063
Trans,10055
Trans,10082
Trans,10083
End,10056
Taxi,9119
Trans,9121
Trans,8969
Trans,8883
Trans,8776
Trans,8724
Trans,8679
Trans,8513
Trans,8494
Trans,8434
Trans,8378
Trans,8331
Trans,8188
Trans,8103
Trans,7997
Trans,7935
Trans,7839
Trans,7840
Trans,7475
Trans,7452
Trans,7355
Trans,7232
Trans,7191
Trans,7125
Trans,7077
Trans,7079
Trans,7021
Trans,6895
Trans,6797
Trans,6765
Trans,6764
Trans,6720
Trans,6758
Trans,6792
Start,6792
Trans,6758
Trans,6757
Trans,6699
Trans,6637
Trans,6638
Trans,6580
End,6518
Taxi,5125
Trans,4991
Trans,4962
Trans,4961
Trans,4905
Trans,4795
Trans,4631
Trans,4630
Trans,4596
Trans,4701
Trans,4886
Trans,5174
Trans,5345
Trans,5412
Trans,5414
Trans,5541
Trans,5833
Trans,5832
Trans,5906
Trans,5905
Trans,6025
Trans,6211
Trans,6295
Trans,6294
Trans,6234
Trans,6447
Trans,6572
Trans,6573
Trans,6990
Trans,7110
Trans,7157
Trans,7207
Trans,7266
Trans,7265
Trans,7406
Trans,7407
Trans,7371
Trans,7504
Trans,7454
Trans,7420
Trans,7419
Trans,7417
Trans,7399
Trans,7398
Trans,7370
Trans,7339
Trans,7338
Trans,7291
Trans,7292
Trans,7374
Trans,7375
Trans,7254
Trans,7198
Trans,7270
Trans,7194
Trans,7196
Trans,7163
Trans,7091
Trans,7186
Start,7186
Trans,7091
Trans,7163
Trans,7196
Trans,7194
Trans,7270
Trans,7198
Trans,7254
Trans,7375
Trans,7374
Trans,7292
Trans,7291
Trans,7338
Trans,7339
Trans,7370
Trans,7398
Trans,7399
Trans,7417
Trans,7422
Trans,7298
Trans,7299
Trans,7161
Trans,7027
Trans,7028
Trans,6949
Trans,6896
Trans,6953
Trans,6958
Trans,6984
Trans,6625
Trans,6624
Trans,6480
Trans,6268
Trans,6048
Trans,5348
Trans,5347
Trans,5152
Trans,4947
Trans,4538
Trans,4362
Trans,4235
Trans,4173
Trans,4155
Trans,4025
Trans,3804
Trans,3640
Trans,3491
Trans,3385
Trans,3314
Trans,3002
Trans,2835
Trans,2806
Trans,2705
Trans,2577
Trans,2547
Trans,2546
Trans,2514
Trans,2471
Trans,2447
Trans,2354
Trans,2283
Trans,2223
Trans,2222
Trans,2195
Trans,2059
Trans,2060
Trans,1999
Trans,1966
Trans,1927
Trans,1870
Trans,1869
Trans,1809
Trans,1695
Trans,1571
Trans,1322
Trans,1323
Trans,1347
Trans,1358
End,1465
Taxi,9692
Trans,9705
Trans,9720
Trans,9807
Trans,9833
Trans,9851
Trans,9850
Trans,9930
Trans,9915
Trans,9901
Trans,9867
Trans,9866
Trans,9938
Trans,9959
Trans,9936
Trans,9893
Trans,9863
Trans,9862
Trans,9891
Trans,9890
Trans,9854
Trans,9840
Trans,9924
Trans,9925
Trans,9965
Trans,10065
Trans,10175
Trans,10174
Trans,10165
Trans,10157
Trans,10278
Trans,10277
Start,10267
Trans,10283
Trans,10319
Trans,10320
Trans,10354
Trans,10360
Trans,10394
Trans,10421
Trans,10407
Trans,10402
Trans,10401
Trans,10389
Trans,10390
Trans,10342
Trans,10341
Trans,10287
Trans,10288
Trans,10256
Trans,10231
Trans,10230
Trans,10234
Trans,10228
Trans,10220
Trans,10246
Trans,10166
Trans,10090
Trans,9699
Trans,9607
Trans,9606
Trans,9575
Trans,9494
Trans,9322
Trans,9142
Trans,9141
Trans,8862
Trans,8732
Trans,8594
Trans,8377
Trans,8139
Trans,7980
Trans,7746
Trans,7469
Trans,7165
Trans,7164
Trans,6548
Trans,6061
Trans,5876
Trans,5491
Trans,5275
Trans,5174
Trans,5345
Trans,5412
Trans,5413
Trans,5355
End,5297
Taxi,8307
Trans,8231
Trans,8190
Trans,8142
Trans,8141
Trans,8058
Trans,8026
Trans,8068
Trans,8066
Trans,8085
Trans,8137
Trans,8264
Trans,8322
Trans,8324
Trans,8362
Trans,8399
Trans,8514
Trans,8582
Trans,8675
Trans,8674
Trans,8707
Trans,9005
Trans,9006
Trans,9389
Trans,9387
Trans,9571
Trans,9678
Trans,9677
Trans,9776
Trans,9913
Trans,9998
Trans,9999
Trans,10014
Trans,10054
Trans,10107
Trans,10106
Trans,10186
Trans,10187
Trans,10220
Trans,10245
Trans,10296
Trans,10324
Trans,10380
Trans,10398
Trans,10406
Trans,10405
Trans,10495
Trans,10496
Trans,10506
Trans,10505
Trans,10512
Trans,10431
Trans,10416
Trans,10466
Start,10466
Trans,10416
Trans,10431
Trans,10512
Trans,10505
Trans,10506
Trans,10496
Trans,10495
Trans,10405
Trans,10393
Trans,10392
Trans,10378
Trans,10344
Trans,10281
Trans,10067
Trans,10068
Trans,9902
Trans,9837
Trans,9802
Trans,9607
Trans,9606
Trans,9575
Trans,9494
Trans,9322
Trans,9142
Trans,9141
Trans,8862
Trans,8732
Trans,8594
Trans,8377
Trans,8139
Trans,7980
Trans,7746
Trans,7469
Trans,7165
Trans,7164
Trans,6548
Trans,6061
Trans,5876
Trans,5491
Trans,5275
Trans,4885
Trans,4547
Trans,4113
Trans,4000
Trans,3939
Trans,3905
Trans,3860
Trans,3796
Trans,3706
Trans,3613
Trans,3458
Trans,3382
Trans,3250
Trans,3249
Trans,3124
Trans,2961
Trans,2803
Trans,2802
Trans,2635
Trans,2478
Trans,2429
Trans,2275
Trans,2364
Trans,2373
Trans,2374
Trans,2386
Trans,2401
Trans,2414
Trans,2413
Trans,2432
Trans,2447
Trans,2471
Trans,2514
Trans,2546
Trans,2547
Trans,2577
Trans,2705
Trans,2806
Trans,2835
Trans,3002
Trans,3001
Trans,2887
Trans,2576
Trans,2523
Trans,2522
Trans,2515
End,2541
Taxi,4598
Trans,4681
Trans,4682
Trans,4987
Trans,4962
Trans,4961
Trans,4905
Trans,4795
Trans,4631
Trans,4630
Trans,4596
Trans,4701
Trans,4886
Trans,5275
Trans,5491
Trans,5876
Trans,6061
Trans,6548
Trans,7164
Trans,7165
Trans,7469
Trans,7746
Trans,7980
Trans,8139
Trans,8377
Trans,8594
Trans,8732
Trans,8862
Trans,9141
Trans,9142
Trans,9322
Trans,9494
Trans,9575
Trans,9606
Trans,9607
Trans,9802
Trans,9837
Trans,9902
Trans,10068
Trans,10067
Trans,10325
Trans,10305
Start,10305
Trans,10325
Trans,10067
Trans,10068
Trans,9902
Trans,9837
Trans,9802
Trans,9607
Trans,9606
Trans,9575
Trans,9494
Trans,9322
Trans,9142
Trans,9141
Trans,8862
Trans,8732
Trans,8594
Trans,8377
Trans,8139
Trans,7980
Trans,7746
Trans,7469
Trans,7165
Trans,7164
Trans,6548
Trans,6061
Trans,5876
Trans,5491
Trans,5275
Trans,4885
Trans,4547
Trans,4113
Trans,4000
Trans,3939
Trans,3905
Trans,3860
Trans,3796
Trans,3706
Trans,3613
Trans,3458
Trans,3382
Trans,3250
Trans,3249
Trans,3124
Trans,2961
Trans,2803
Trans,2802
Trans,2635
Trans,2478
Trans,2429
Trans,2275
Trans,2364
Trans,2373
Trans,2374
Trans,2386
Trans,2401
Trans,2414
Trans,2413
Trans,2432
Trans,2447
Trans,2471
Trans,2514
Trans,2546
Trans,2547
Trans,2577
Trans,2705
Trans,2806
Trans,2835
Trans,3002
Trans,3001
Trans,2887
Trans,2576
Trans,2523
Trans,2484
Trans,2455
Trans,2489
Trans,2465
Trans,2463
Trans,2458
Trans,2312
Trans,2311
Trans,2256
Trans,2252
Trans,2277
Trans,2278
Trans,2177
Trans,2145
Trans,2143
Trans,2048
Trans,1978
Trans,2025
Trans,2024
Trans,2078
Trans,2007
Trans,1934
Trans,1924
Trans,1906
Trans,1907
Trans,1746
Trans,1745
Trans,1681
Trans,1631
Trans,1565
Trans,1605
End,1574
Taxi,378
Trans,376
Trans,366
Trans,368
Trans,395
Trans,394
Trans,432
Trans,433
Trans,434
Trans,435
Trans,437
Trans,438
Trans,442
Trans,455
Start,467
Trans,486
Trans,492
Trans,513
Trans,514
Trans,528
Trans,534
Trans,541
Trans,546
Trans,561
Trans,567
Trans,568
Trans,548
Trans,550
Trans,551
Trans,582
Trans,619
Trans,672
Trans,680
Trans,674
Trans,673
Trans,675
Trans,677
Trans,662
Trans,661
Trans,650
Trans,603
Trans,602
Trans,596
Trans,586
Trans,697
Trans,844
Trans,1321
Trans,1322
Trans,1571
Trans,1695
Trans,1809
Trans,1869
Trans,1870
Trans,1927
Trans,1966
Trans,1999
Trans,2060
Trans,2059
Trans,2195
Trans,2222
Trans,2223
Trans,2283
Trans,2354
Trans,2447
Trans,2471
Trans,2514
Trans,2546
Trans,2547
Trans,2577
Trans,2705
Trans,2806
Trans,2835
Trans,3002
Trans,3314
Trans,3385
Trans,3491
Trans,3640
Trans,3641
Trans,3416
Trans,3349
Trans,3287
Trans,3260
Trans,3272
Trans,3273
Trans,3280
Trans,3299
Trans,3341
Trans,3354
Trans,3430
Trans,3424
Trans,3404
Trans,3403
Trans,3399
Trans,3467
Trans,3466
Trans,3677
Trans,3684
End,3683
Taxi,3721
Trans,3746
Trans,3774
Trans,3779
Trans,3751
Trans,3663
Trans,3526
Trans,3527
Trans,3504
Trans,3481
Trans,3469
Trans,3470
Trans,3450
Trans,3370
Trans,3369
Trans,3342
Trans,3343
Trans,3295
Trans,3296
Trans,3183
Trans,2974
Trans,2943
Trans,2942
Trans,2637
Trans,2636
Trans,2561
Trans,2481
Trans,2049
Trans,2143
Trans,2144
Trans,2076
Trans,2028
Trans,1950
Trans,1949
Trans,1926
Trans,1918
Trans,1765
Trans,1620
Trans,1619
Trans,1456
Trans,1370
Trans,1307
Trans,1259
Trans,1233
Trans,1231
Trans,1215
Trans,1222
Trans,1221
Trans,1209
Trans,1194
Start,1194
Trans,1209
Trans,1221
Trans,1222
Trans,1215
Trans,1231
Trans,1233
Trans,1259
Trans,1307
Trans,1370
Trans,1456
Trans,1619
Trans,1620
Trans,1765
Trans,1918
Trans,1926
Trans,1949
Trans,1950
Trans,2028
Trans,2076
Trans,2144
Trans,2143
Trans,2049
Trans,2481
Trans,2561
Trans,2636
Trans,2637
Trans,2942
Trans,2943
Trans,2974
Trans,3146
Trans,3216
Trans,3379
Trans,3442
Trans,3519
Trans,3520
Trans,3583
Trans,3802
Trans,3897
Trans,3896
Trans,3975
Trans,4018
Trans,4082
Trans,4020
End,4013
Taxi,7130
Trans,7131
Trans,7059
Trans,7109
Trans,7185
Trans,7321
Trans,7322
Trans,7363
Trans,7353
Trans,7313
Trans,7293
Trans,7294
Trans,7310
Trans,7306
Trans,7282
Trans,7264
Trans,7265
Trans,7406
Trans,7407
Trans,7371
Trans,7504
Trans,7454
Trans,7420
Trans,7419
Trans,7417
Trans,7399
Trans,7398
Trans,7370
Trans,7339
Trans,7338
Trans,7291
Trans,7292
Trans,7374
Trans,7375
Trans,7254
Trans,7198
Trans,7270
Trans,7194
Trans,7196
Trans,7163
Trans,7090
Trans,6997
Trans,6956
Trans,6996
Trans,6995
Trans,7014
Trans,7039
Trans,7080
Trans,7079
Trans,7021
Trans,6895
Trans,6797
Trans,6765
Trans,6764
Trans,6720
Start,6720
Trans,6764
Trans,6765
Trans,6797
Trans,6895
Trans,7021
Trans,7079
Trans,7080
Trans,7039
Trans,7014
Trans,6995
Trans,6996
Trans,6956
Trans,6997
Trans,7090
Trans,7163
Trans,7196
Trans,7194
Trans,7270
Trans,7198
Trans,7254
Trans,7375
Trans,7374
Trans,7292
Trans,7291
Trans,7338
Trans,7339
Trans,7370
Trans,7398
Trans,7399
Trans,7417
Trans,7419
Trans,7420
Trans,7454
Trans,7503
Trans,7665
Trans,7765
Trans,7833
Trans,7858
Trans,7900
Trans,7901
Trans,7945
Trans,8031
Trans,8122
Trans,8159
Trans,8360
Trans,8362
Trans,8399
Trans,8514
Trans,8582
Trans,8675
Trans,8674
Trans,8663
Trans,8662
End,8629
Taxi,10496
Trans,10495
Trans,10405
Trans,10406
Trans,10399
Trans,10484
Trans,10583
Trans,10656
Trans,10716
Trans,10717
Trans,10793
Trans,10804
Trans,10809
Trans,10904
Trans,10928
Trans,10930
Trans,10963
Trans,10978
Trans,10993
Trans,11008
Trans,10992
Trans,10975
Trans,10958
Trans,10947
Trans,10950
Start,10950
Trans,10947
Trans,10958
Trans,10975
Trans,10992
Trans,11008
Trans,10993
Trans,10978
Trans,10963
Trans,10930
Trans,10928
Trans,10904
Trans,10809
Trans,10804
Trans,10793
Trans,10717
Trans,10716
Trans,10656
Trans,10583
Trans,10484
Trans,10399
Trans,10371
Trans,10370
Trans,10325
Trans,10067
Trans,10068
Trans,9902
Trans,9837
Trans,9802
Trans,9607
Trans,9606
Trans,9575
Trans,9494
Trans,9322
Trans,9142
Trans,9141
Trans,8862
Trans,8732
Trans,8594
Trans,8377
Trans,8139
Trans,7980
Trans,7746
Trans,7469
Trans,7165
Trans,7164
Trans,6548
Trans,6061
Trans,5876
Trans,5491
Trans,5275
Trans,4885
Trans,4547
Trans,4113
Trans,4000
Trans,3939
Trans,3905
Trans,3860
Trans,3796
Trans,3706
Trans,3613
Trans,3458
Trans,3382
Trans,3250
Trans,3249
Trans,3124
Trans,2961
Trans,2803
Trans,2802
Trans,2635
Trans,2478
Trans,2429
Trans,2125
Trans,2124
Trans,1951
Trans,1895
Trans,1726
Trans,1725
Trans,1733
Trans,1732
Trans,1698
Trans,1658
Trans,1648
Trans,1647
Trans,1652
Trans,1656
Trans,1695
Trans,1571
Trans,1322
Trans,1321
Trans,844
Trans,697
Trans,586
Trans,596
Trans,602
Trans,603
Trans,650
Trans,661
Trans,662
Trans,677
Trans,675
Trans,673
Trans,674
Trans,680
Trans,672
Trans,619
Trans,582
Trans,551
Trans,523
Trans,505
Trans,471
Trans,449
Trans,424
Trans,423
End,429
