Taxi,1325
Trans,1407
Trans,1333
Trans,1332
Trans,1307
Trans,1370
Trans,1456
Trans,1619
Trans,1620
Trans,1765
Trans,1918
Trans,1926
Trans,1949
Trans,1950
Trans,2028
Trans,2076
Trans,2144
Trans,2145
Trans,2177
Trans,2278
Trans,2277
Trans,2252
Trans,2256
Trans,2311
Trans,2312
Trans,2458
Trans,2463
Trans,2465
Trans,2489
Trans,2455
Trans,2484
Trans,2523
Trans,2576
Trans,2887
Trans,3001
Trans,3314
Trans,3385
Trans,3491
Trans,3640
Trans,3804
Trans,4025
Trans,4155
Trans,4173
Trans,4235
Trans,4362
Trans,4538
Trans,4449
Trans,4448
Trans,4413
Trans,4409
Trans,4424
Trans,4458
Start,4458
Trans,4424
Trans,4409
Trans,4413
Trans,4448
Trans,4449
Trans,4538
Trans,4362
Trans,4235
Trans,4173
Trans,4155
Trans,4025
Trans,3804
Trans,3640
Trans,3491
Trans,3385
Trans,3314
Trans,3001
Trans,2887
Trans,2576
Trans,2523
Trans,2484
Trans,2455
Trans,2489
Trans,2465
Trans,2463
Trans,2458
Trans,2312
End,2311
Taxi,4971
Trans,4840
Trans,4841
Trans,4794
Trans,4831
Trans,4936
Trans,5141
Trans,5238
Trans,5207
Trans,5206
Trans,5299
Trans,5488
Trans,5487
Trans,5676
Trans,5850
Trans,5929
Trans,6073
Trans,6074
Trans,6149
Trans,6234
Trans,6447
Trans,6572
Trans,6573
Trans,6990
Trans,7110
Trans,7157
Trans,7207
Trans,7266
Trans,7265
Trans,7406
Trans,7407
Trans,7371
Trans,7504
Trans,7454
Trans,7420
Trans,7419
Trans,7417
Trans,7702
Trans,7861
Trans,7886
Trans,7887
Trans,7917
Trans,7941
Trans,8020
Trans,8037
Trans,8036
Trans,8054
Trans,8079
Trans,8080
Trans,8587
Trans,8584
Trans,9094
Trans,9411
Trans,9412
Trans,9394
Trans,9462
Trans,9502
Trans,9501
Trans,9518
Trans,9547
Trans,9565
Trans,9582
Trans,9583
Trans,9621
Trans,9668
Trans,9701
Trans,9725
Trans,9726
Trans,9782
Trans,9839
Trans,9854
Trans,9882
Trans,9883
Trans,9943
Trans,9944
Trans,10017
Trans,10016
Trans,10043
Trans,10050
Trans,10051
Trans,10159
Trans,10177
Trans,10178
Trans,10189
Trans,10198
Trans,10183
Trans,10169
Trans,10152
Trans,10133
Trans,10168
Trans,10176
Trans,10180
Start,10180
Trans,10176
Trans,10168
Trans,10133
Trans,10152
Trans,10169
Trans,10183
Trans,10198
Trans,10189
Trans,10178
Trans,10177
Trans,10159
Trans,10051
Trans,10050
Trans,10043
Trans,10016
Trans,10017
Trans,9944
Trans,9943
Trans,9883
Trans,9882
Trans,9854
Trans,9840
Trans,9924
Trans,9925
Trans,9965
Trans,10065
Trans,10175
Trans,10174
Trans,10103
Trans,10070
Trans,10078
Trans,10077
Trans,9992
Trans,9947
Trans,9937
Trans,9957
Trans,10058
Trans,10057
Trans,10188
Trans,10190
Trans,10191
Trans,10124
Trans,10154
Trans,10155
Trans,10167
Trans,10137
Trans,10081
Trans,10054
Trans,10014
Trans,9999
Trans,9998
Trans,9913
Trans,9776
Trans,9654
Trans,9477
Trans,9313
Trans,9307
Trans,9222
Trans,9230
Trans,9189
Trans,9115
Trans,9113
Trans,9232
End,9315
Taxi,5145
Trans,5213
Trans,5321
Trans,5299
Trans,5488
Trans,5487
Trans,5676
Trans,5850
Trans,5929
Trans,6073
Trans,6074
Trans,6149
Trans,6234
Trans,6447
Trans,6572
Trans,6573
Trans,6990
Trans,7110
Trans,7157
Trans,7207
Trans,7266
Trans,7265
Trans,7563
Trans,7646
Trans,7645
Trans,7691
Trans,7763
Trans,7833
Trans,7858
Trans,7900
Trans,7901
Trans,7945
Trans,8031
Trans,8122
Start,8122
Trans,8031
Trans,7945
Trans,7901
Trans,7900
Trans,7858
Trans,7833
Trans,7765
Trans,7665
Trans,7503
Trans,7454
Trans,7420
Trans,7419
Trans,7417
Trans,7399
Trans,7398
Trans,7370
Trans,7339
Trans,7338
Trans,7291
Trans,7292
Trans,7374
Trans,7375
Trans,7254
Trans,7198
Trans,7270
Trans,7194
Trans,7196
Trans,7163
Trans,7090
Trans,6997
Trans,6956
Trans,6996
Trans,6995
Trans,7014
Trans,7039
Trans,7080
Trans,7077
Trans,7125
Trans,7191
Trans,7232
Trans,7231
Trans,6979
Trans,6980
Trans,6704
Trans,6703
Trans,6599
Trans,6427
Trans,6428
Trans,6483
Trans,6505
Trans,6537
Trans,6643
Trans,6715
Trans,6925
Trans,6924
Trans,6786
Trans,6785
Trans,6602
Trans,6867
Trans,7030
Trans,6612
Trans,6254
Trans,6255
Trans,5908
Trans,5818
Trans,5817
Trans,5666
Trans,5610
Trans,5611
Trans,5563
Trans,5627
End,5669
Taxi,749
Trans,790
Trans,854
Trans,855
Trans,960
Trans,1019
Trans,1020
Trans,1049
Trans,1095
Trans,1083
Trans,1024
Trans,946
Trans,895
Trans,893
Trans,884
Trans,885
Trans,892
Trans,899
Trans,905
Trans,904
Trans,901
Trans,900
Trans,829
Trans,830
Trans,794
Trans,783
Trans,724
Trans,706
Trans,681
Trans,674
Trans,673
Trans,675
Trans,677
Trans,662
Trans,661
Trans,650
Trans,603
Trans,602
Trans,596
Trans,586
Trans,697
Trans,844
Trans,1321
Trans,1322
Trans,1403
Trans,1402
Trans,1432
Trans,1421
Trans,1350
Trans,1353
Trans,1354
Trans,1386
Trans,1440
Trans,1439
Trans,1434
Trans,1433
Trans,1362
Trans,1361
Trans,1373
Trans,1374
Trans,1491
Trans,1492
Trans,1546
Trans,1545
Trans,1478
Trans,1466
Trans,1494
Trans,1495
Trans,1444
Trans,1443
Trans,1299
Trans,1254
Start,1254
Trans,1299
Trans,1443
Trans,1444
Trans,1495
Trans,1494
Trans,1466
Trans,1478
Trans,1545
Trans,1546
Trans,1492
Trans,1491
Trans,1374
Trans,1373
Trans,1361
Trans,1362
Trans,1433
Trans,1434
Trans,1450
Trans,1497
Trans,1616
Trans,1685
Trans,1684
Trans,1697
Trans,1698
Trans,1732
Trans,1733
Trans,1725
Trans,1726
Trans,1895
Trans,1951
Trans,2124
Trans,2125
Trans,2429
Trans,2478
Trans,2635
Trans,2802
Trans,2803
Trans,2961
Trans,3124
Trans,3249
Trans,3250
Trans,3382
Trans,3458
Trans,3613
Trans,3706
Trans,3796
Trans,3860
Trans,3905
Trans,3939
Trans,4000
Trans,4113
Trans,4547
Trans,4885
Trans,5174
Trans,5345
Trans,5412
Trans,5414
Trans,5541
Trans,5833
Trans,5832
Trans,5875
Trans,6059
Trans,6142
Trans,6481
End,6527
Taxi,2804
Trans,2826
Trans,2848
Trans,2867
Trans,2816
Trans,2759
Trans,2708
Trans,2670
Trans,2634
Trans,2633
Trans,2642
Trans,2639
Trans,2682
Trans,2683
Trans,2699
Trans,2716
Trans,2747
Trans,2875
Trans,2906
Trans,2626
Trans,2554
Trans,2472
Trans,2473
Trans,2398
Trans,2313
Trans,2187
Trans,2144
Trans,2076
Trans,2028
Trans,1950
Trans,1973
Trans,1974
Trans,1980
Trans,1975
Trans,1992
Trans,1897
Trans,1901
Trans,1900
Trans,1917
Trans,1981
Trans,1982
Trans,1988
Trans,1991
Trans,1993
Trans,2018
Trans,2045
Trans,2067
Trans,2088
Trans,2089
Trans,2160
Trans,2159
Trans,2162
Trans,2191
Trans,2192
Trans,2185
Trans,2184
Start,2184
Trans,2185
Trans,2192
Trans,2191
Trans,2162
Trans,2159
Trans,2160
Trans,2089
Trans,2088
Trans,2067
Trans,2045
Trans,2018
Trans,1993
Trans,1991
Trans,1988
Trans,1982
Trans,1981
Trans,1917
Trans,1900
Trans,1901
Trans,1897
Trans,1992
Trans,1975
Trans,1980
Trans,1974
Trans,1973
Trans,1950
Trans,2028
Trans,2076
Trans,2144
Trans,2143
Trans,2049
Trans,2481
Trans,2561
Trans,2636
Trans,2637
Trans,2942
Trans,2943
Trans,2974
Trans,3146
Trans,3216
Trans,3379
Trans,3378
Trans,3821
Trans,3960
Trans,4070
Trans,4185
Trans,4323
Trans,4322
Trans,4704
Trans,4730
Trans,4844
Trans,5148
Trans,5315
Trans,5329
Trans,5251
End,5071
