Taxi,10770
Trans,10835
Trans,10874
Trans,10875
Trans,10923
Trans,10924
Trans,10849
Trans,10803
Trans,10723
Trans,10626
Trans,10699
Trans,10698
Trans,10569
Trans,10589
Trans,10590
Trans,10600
Start,10600
Trans,10590
Trans,10589
Trans,10569
Trans,10698
Trans,10699
Trans,10626
Trans,10723
Trans,10803
Trans,10849
Trans,10924
Trans,10923
Trans,10875
Trans,10874
Trans,10835
Trans,10779
Trans,10679
Trans,10522
Trans,10447
Trans,10411
Trans,10410
Trans,10409
Trans,10487
Trans,10486
Trans,10523
Trans,10324
Trans,10296
Trans,10245
Trans,10220
Trans,10187
Trans,10186
Trans,10106
Trans,10107
Trans,10054
Trans,10014
Trans,9999
Trans,9998
Trans,9913
Trans,9776
Trans,9677
Trans,9678
Trans,9571
Trans,9387
Trans,9389
Trans,9006
Trans,9005
Trans,8707
Trans,8663
Trans,8593
End,8592
Taxi,9332
Trans,9182
Trans,9183
Trans,8959
Trans,8908
Trans,8788
Trans,8787
Trans,8872
Trans,9037
Start,9037
Trans,9038
Trans,9288
Trans,9311
Trans,9312
Trans,9350
Trans,9418
Trans,9419
Trans,9572
Trans,9647
Trans,9646
Trans,9699
Trans,10090
Trans,10166
Trans,10246
Trans,10220
Trans,10228
Trans,10234
Trans,10230
Trans,10231
Trans,10232
Trans,10191
Trans,10190
Trans,10188
Trans,10057
Trans,10058
Trans,9957
Trans,9937
Trans,9947
Trans,9992
Trans,10077
Trans,10078
Trans,10070
Trans,10103
Trans,10174
Trans,10175
Trans,10065
Trans,9965
Trans,9921
Trans,9922
Trans,9876
Trans,9826
Trans,9771
Trans,9770
Trans,9766
Trans,9759
Trans,9711
Trans,9710
Trans,9786
Trans,9793
End,9801
Taxi,250
Trans,247
Trans,268
Trans,284
Trans,305
Trans,319
Trans,331
Trans,345
Trans,358
Trans,386
Trans,426
Trans,450
Trans,466
Trans,503
Trans,520
Trans,549
Trans,577
Trans,618
Trans,669
Trans,735
Trans,778
Trans,825
Trans,903
Trans,949
Trans,997
Trans,1082
Trans,1127
Trans,1165
Trans,1164
Trans,1153
Trans,1116
Trans,1084
Trans,1052
Trans,1041
Trans,1018
Trans,999
Trans,1000
Trans,991
Trans,971
Start,972
Trans,1003
Trans,987
Trans,1039
Trans,1029
Trans,929
Trans,917
Trans,916
Trans,841
Trans,843
Trans,785
Trans,696
Trans,844
Trans,1321
Trans,1322
Trans,1571
Trans,1695
Trans,1809
Trans,1869
Trans,1870
Trans,1927
Trans,1966
Trans,1999
Trans,2060
Trans,2059
Trans,2195
Trans,2222
Trans,2223
Trans,2283
Trans,2354
Trans,2447
Trans,2471
Trans,2514
Trans,2546
Trans,2547
Trans,2577
Trans,2705
Trans,2806
Trans,2835
Trans,3002
Trans,3314
Trans,3385
Trans,3491
Trans,3640
Trans,3804
Trans,4025
Trans,4155
Trans,4173
Trans,4235
Trans,4362
Trans,4538
Trans,4947
Trans,5152
Trans,5347
Trans,5348
Trans,5787
Trans,5794
End,5672
Taxi,10029
Trans,10078
Trans,10077
Trans,9992
Trans,9947
Trans,9758
Trans,9697
Trans,9696
Trans,9598
Trans,9569
Trans,9407
Trans,9152
Trans,9153
Trans,9067
Trans,8748
Trans,8750
Trans,8673
Trans,8483
Trans,8385
Trans,8345
Trans,8269
Trans,8239
Trans,8169
Trans,8152
Trans,8153
Trans,8132
Trans,8164
Trans,8123
Trans,8124
Trans,8218
Trans,8184
Start,8184
Trans,8218
Trans,8124
Trans,8123
Trans,8164
Trans,8132
Trans,8153
Trans,8152
Trans,8169
Trans,8239
Trans,8269
Trans,8345
Trans,8385
Trans,8483
Trans,8673
Trans,8750
Trans,8748
Trans,9067
Trans,9153
Trans,9152
Trans,9407
Trans,9569
Trans,9598
Trans,9696
Trans,9697
Trans,9758
Trans,9937
Trans,9957
Trans,10058
Trans,10057
Trans,10188
Trans,10190
Trans,10191
Trans,10232
Trans,10256
Trans,10288
Trans,10287
Trans,10343
Trans,10410
Trans,10411
Trans,10447
Trans,10522
Trans,10679
Trans,10779
Trans,10835
Trans,10874
Trans,10876
Trans,10929
Trans,10930
Trans,10964
Trans,10995
Trans,11021
Trans,11087
Trans,11111
Trans,11124
Trans,11129
Trans,11131
Trans,11130
Trans,11135
Trans,11142
Trans,11149
Trans,11148
End,11147
Taxi,3484
Trans,3578
Trans,3577
Trans,3618
Trans,3564
Trans,3776
Trans,3856
Trans,3893
Trans,3892
Trans,3873
Trans,3865
Trans,3855
Trans,4008
Trans,4073
Trans,4225
Trans,4285
Trans,4492
Trans,4500
Trans,4499
Trans,4697
Trans,4698
Trans,4882
Trans,5007
Trans,5008
Trans,4991
Trans,4962
Trans,4961
Trans,4905
Trans,4795
Trans,4631
Trans,4630
Trans,4596
Trans,4701
Trans,4886
Trans,5174
Trans,5345
Trans,5412
Trans,5414
Trans,5541
Trans,5833
Trans,5832
Trans,5875
Trans,6059
Trans,6142
Trans,6442
Trans,6869
Trans,7022
Trans,7247
Trans,7367
Trans,7366
Trans,7619
Trans,7618
Trans,7770
Trans,7745
Trans,7738
Trans,7647
Trans,7648
Start,7648
Trans,7647
Trans,7738
Trans,7745
Trans,7770
Trans,7618
Trans,7619
Trans,7366
Trans,7367
Trans,7247
Trans,7022
Trans,6869
Trans,6442
Trans,6142
Trans,6059
Trans,5875
Trans,5832
Trans,5833
Trans,5541
Trans,5414
Trans,5412
Trans,5345
Trans,5174
Trans,4885
Trans,4547
Trans,4113
Trans,4000
Trans,3939
Trans,3905
Trans,3860
Trans,3796
Trans,3706
Trans,3613
Trans,3458
Trans,3382
Trans,3250
Trans,3249
Trans,3124
Trans,2961
Trans,2803
Trans,2802
Trans,2635
Trans,2478
Trans,2429
Trans,2275
Trans,2364
Trans,2373
Trans,2374
Trans,2386
Trans,2401
Trans,2414
Trans,2413
Trans,2432
Trans,2447
Trans,2471
Trans,2514
Trans,2546
Trans,2547
Trans,2577
Trans,2705
Trans,2806
Trans,2835
Trans,3002
Trans,3001
Trans,2887
Trans,2576
End,2523
Taxi,1576
Trans,1577
Trans,1516
Trans,1515
Trans,1481
Trans,1432
Trans,1402
Trans,1403
Trans,1322
Trans,1321
Trans,844
Trans,697
Trans,586
Trans,596
Trans,602
Trans,603
Trans,650
Trans,661
Trans,662
Trans,677
Trans,675
Trans,673
Trans,674
Trans,681
Trans,706
Trans,724
Trans,783
Start,783
Trans,724
Trans,706
Trans,681
Trans,674
Trans,673
Trans,675
Trans,677
Trans,662
Trans,661
Trans,650
Trans,603
Trans,602
Trans,596
Trans,586
Trans,697
Trans,844
Trans,1321
Trans,1322
Trans,1571
Trans,1695
Trans,1656
Trans,1652
Trans,1647
Trans,1648
Trans,1658
Trans,1698
Trans,1732
Trans,1733
Trans,1725
Trans,1726
Trans,1895
Trans,1951
Trans,2124
Trans,2125
Trans,2429
Trans,2478
Trans,2635
Trans,2802
Trans,2803
Trans,2961
Trans,3124
Trans,3249
Trans,3250
Trans,3382
Trans,3458
Trans,3613
Trans,3706
Trans,3796
Trans,3860
Trans,3905
Trans,3939
Trans,4000
Trans,4113
Trans,4547
Trans,4885
Trans,5275
Trans,5491
Trans,5876
Trans,6061
Trans,6548
Trans,7164
Trans,7165
Trans,7469
Trans,7746
Trans,7980
Trans,8139
Trans,8377
Trans,8594
Trans,8732
Trans,8862
Trans,9141
Trans,9142
Trans,9322
Trans,9494
Trans,9575
Trans,9606
Trans,9607
Trans,9699
Trans,10090
Trans,10166
Trans,10246
Trans,10220
Trans,10187
End,10186
Taxi,6105
Trans,6081
Trans,6137
Trans,6201
Trans,6252
Trans,6319
Trans,6378
Trans,6458
Trans,6457
Trans,6584
Trans,6643
Trans,6715
Trans,6925
Trans,6924
Trans,6786
Trans,6785
Trans,6602
Trans,6867
Trans,7030
Trans,6612
Trans,6254
Trans,6255
Trans,5908
Trans,5818
Trans,5817
Trans,5756
Trans,5709
Trans,5695
Trans,5601
Trans,5600
Trans,5527
Trans,5316
Trans,5148
Trans,4844
Trans,4728
Trans,4727
Trans,4483
Trans,4330
Trans,4292
Trans,4215
Trans,4214
Trans,4060
Start,4061
Trans,3932
Trans,3834
Trans,3832
Trans,3708
Trans,3584
Trans,3428
Trans,3419
Trans,3421
Trans,3445
Trans,3455
Trans,3415
Trans,3379
Trans,3216
Trans,3146
Trans,2974
Trans,2943
Trans,2942
Trans,2637
Trans,2636
Trans,2561
Trans,2481
Trans,2049
Trans,2143
Trans,2145
Trans,2177
Trans,2278
Trans,2277
Trans,2252
Trans,2256
Trans,2311
Trans,2312
Trans,2458
Trans,2463
Trans,2465
Trans,2489
Trans,2455
Trans,2484
Trans,2523
Trans,2576
Trans,2887
Trans,3001
Trans,3002
Trans,2835
Trans,2806
Trans,2705
Trans,2577
Trans,2547
Trans,2546
Trans,2514
Trans,2471
Trans,2447
Trans,2432
Trans,2413
Trans,2414
Trans,2401
Trans,2386
Trans,2374
Trans,2373
Trans,2364
Trans,2275
Trans,2429
Trans,2478
Trans,2635
Trans,2802
Trans,2803
Trans,2961
Trans,3124
Trans,3249
Trans,3250
Trans,3382
Trans,3458
Trans,3613
Trans,3706
Trans,3796
Trans,3860
Trans,3905
Trans,3939
Trans,4000
Trans,4113
Trans,4547
Trans,4885
Trans,4886
Trans,4701
Trans,4596
Trans,4630
Trans,4631
Trans,4795
Trans,4905
Trans,4961
Trans,4962
Trans,4991
Trans,5008
Trans,5007
Trans,5017
Trans,4981
Trans,4951
Trans,4820
End,4832
Taxi,212
Trans,170
Trans,147
Trans,146
Trans,120
Trans,68
Trans,77
Trans,79
Trans,92
Trans,91
Trans,132
Trans,133
Trans,182
Trans,181
Trans,162
Trans,204
Trans,203
Trans,232
Trans,233
Trans,252
Trans,262
Trans,270
Trans,274
Trans,289
Trans,297
Trans,310
Trans,322
Trans,332
Trans,341
Trans,384
Trans,425
Trans,424
Trans,449
Trans,471
Trans,505
Trans,523
Trans,551
Trans,582
Trans,619
Trans,757
Trans,756
Trans,838
Trans,837
Trans,856
Trans,1007
Trans,1006
Trans,980
Start,980
Trans,1006
Trans,1007
Trans,856
Trans,837
Trans,838
Trans,756
Trans,757
Trans,672
Trans,680
Trans,674
Trans,673
Trans,675
Trans,677
Trans,662
Trans,661
Trans,650
Trans,603
Trans,602
Trans,596
Trans,586
Trans,697
Trans,844
Trans,1321
Trans,1322
Trans,1571
Trans,1695
Trans,1656
Trans,1652
Trans,1647
Trans,1648
Trans,1658
Trans,1698
Trans,1732
Trans,1733
Trans,1725
Trans,1726
Trans,1895
Trans,1951
Trans,2124
Trans,2125
Trans,2429
Trans,2478
Trans,2635
Trans,2802
Trans,2803
Trans,2961
Trans,3124
Trans,3249
Trans,3250
Trans,3382
Trans,3458
Trans,3613
Trans,3706
Trans,3796
Trans,3860
Trans,3905
Trans,3939
Trans,4000
Trans,4113
Trans,4547
Trans,4885
Trans,5174
Trans,5345
Trans,5412
Trans,5414
Trans,5541
Trans,5833
Trans,5832
Trans,5906
Trans,5905
Trans,6025
Trans,6211
Trans,6295
Trans,6294
Trans,6149
Trans,6074
Trans,6073
Trans,5929
Trans,5850
Trans,5676
Trans,5487
Trans,5488
Trans,5299
Trans,5206
Trans,5207
Trans,5238
Trans,5141
Trans,4936
Trans,4516
Trans,4411
Trans,4301
Trans,4302
Trans,4224
End,4229
Taxi,7825
Trans,7846
Trans,7879
Trans,7878
Trans,7868
Trans,7772
Trans,7672
Trans,7636
Trans,7515
Trans,7516
Trans,7483
Trans,7242
Trans,7241
Trans,7078
Trans,7077
Trans,7125
Trans,7191
Trans,7232
Trans,7231
Trans,6979
Trans,6980
Trans,6704
Trans,6703
Trans,6599
Trans,6427
Trans,6426
Trans,6222
Trans,6223
Trans,6122
Trans,6093
Trans,6032
Trans,5963
Trans,5915
Trans,5874
Trans,5840
Trans,5839
Trans,5769
Trans,5713
Trans,5678
Trans,5605
Trans,5467
Trans,5484
Trans,5379
Trans,5378
Trans,5209
Trans,5264
Trans,5239
Trans,5190
Trans,4910
Trans,4912
Start,4912
Trans,4910
Trans,5190
Trans,5239
Trans,5264
Trans,5209
Trans,5210
Trans,5095
Trans,4975
Trans,4895
Trans,4896
Trans,4651
Trans,4650
Trans,4552
Trans,4402
Trans,4374
Trans,4375
Trans,4326
Trans,4324
Trans,4323
Trans,4185
Trans,4070
Trans,3960
Trans,3821
Trans,3378
Trans,3379
Trans,3216
Trans,3146
Trans,2974
Trans,2943
Trans,2942
Trans,2637
Trans,2636
Trans,2561
Trans,2481
Trans,2049
Trans,2143
Trans,2145
Trans,2177
Trans,2278
Trans,2277
Trans,2252
Trans,2256
Trans,2311
Trans,2312
Trans,2458
Trans,2463
Trans,2465
Trans,2489
Trans,2455
Trans,2484
Trans,2523
Trans,2576
Trans,2887
Trans,3001
Trans,3002
Trans,2835
Trans,2806
Trans,2705
Trans,2577
Trans,2547
Trans,2546
Trans,2514
Trans,2471
Trans,2447
Trans,2432
Trans,2413
Trans,2414
Trans,2401
Trans,2386
Trans,2374
Trans,2373
Trans,2364
Trans,2275
Trans,2266
Trans,2260
Trans,2258
Trans,2454
Trans,2544
Trans,2545
Trans,2596
Trans,2798
Trans,2797
Trans,2869
Trans,2884
Trans,2885
Trans,2956
Trans,3033
Trans,3161
Trans,3135
End,3186
Taxi,586
Trans,596
Trans,602
Trans,603
Trans,650
Trans,661
Trans,662
Trans,677
Trans,675
Trans,673
Trans,674
Trans,681
Trans,706
Trans,724
Trans,783
Trans,794
Trans,830
Trans,829
Trans,900
Trans,901
Trans,904
Trans,905
Trans,899
Trans,892
Start,892
Trans,899
Trans,905
Trans,904
Trans,901
Trans,900
Trans,829
Trans,830
Trans,794
Trans,783
Trans,724
Trans,706
Trans,681
Trans,674
Trans,673
Trans,675
Trans,677
Trans,662
Trans,661
Trans,650
Trans,603
Trans,602
Trans,596
Trans,586
Trans,697
Trans,844
Trans,1321
Trans,1322
Trans,1571
Trans,1695
Trans,1656
Trans,1652
Trans,1647
Trans,1648
Trans,1658
Trans,1698
Trans,1732
Trans,1733
Trans,1725
Trans,1726
Trans,1895
Trans,1951
Trans,2124
Trans,2125
Trans,2429
Trans,2478
Trans,2635
Trans,2802
Trans,2803
Trans,2961
Trans,3124
Trans,3249
Trans,3250
Trans,3382
Trans,3458
Trans,3613
Trans,3706
Trans,3796
Trans,3860
Trans,3905
Trans,3939
Trans,4000
Trans,4113
Trans,4547
Trans,4885
Trans,5174
Trans,5345
Trans,5412
Trans,5414
Trans,5541
Trans,5833
Trans,5832
Trans,5906
Trans,5905
Trans,6025
Trans,6211
Trans,6295
Trans,6294
Trans,6149
Trans,6074
Trans,6073
Trans,5929
Trans,5910
Trans,5811
Trans,5667
Trans,5642
Trans,5532
Trans,5492
End,5493
Taxi,3504
Trans,3481
Trans,3469
Trans,3470
Trans,3450
Trans,3370
Trans,3369
Trans,3342
Trans,3343
Trans,3295
Trans,3296
Trans,3183
Trans,3146
Trans,3216
Trans,3379
Trans,3378
Trans,3821
Trans,3960
Trans,4070
Trans,4185
Trans,4323
Trans,4322
Trans,4704
Trans,4730
Trans,4843
Start,4843
Trans,4844
Trans,5148
Trans,5316
Trans,5527
Trans,5600
Trans,5601
Trans,5695
Trans,5709
Trans,5756
Trans,5817
Trans,5818
Trans,5908
Trans,6255
Trans,6254
Trans,6612
Trans,7030
Trans,6867
Trans,6602
Trans,6785
Trans,6786
Trans,6924
Trans,6925
Trans,6715
Trans,6643
Trans,6537
Trans,6505
Trans,6483
Trans,6428
Trans,6427
Trans,6599
Trans,6703
Trans,6704
Trans,6980
Trans,6979
Trans,7231
Trans,7355
Trans,7452
Trans,7475
Trans,7840
Trans,7839
Trans,7935
Trans,7997
Trans,8103
Trans,8188
Trans,8331
Trans,8378
Trans,8434
Trans,8494
Trans,8513
Trans,8679
Trans,8678
Trans,8696
Trans,8695
Trans,8704
Trans,8717
Trans,8554
Trans,8560
Trans,8562
Trans,8722
Trans,8733
Trans,8934
Trans,8932
Trans,8990
Trans,9157
Trans,9249
Trans,9300
Trans,9299
Trans,9335
Trans,9367
Trans,9405
Trans,9458
Trans,9483
Trans,9549
Trans,9550
Trans,9638
End,9639
Taxi,6606
Trans,6532
Trans,6533
Trans,6489
Trans,6443
Trans,6462
Trans,6659
Trans,6663
Trans,6668
Trans,6669
Trans,6670
Trans,6683
Trans,6733
Trans,6751
Trans,6847
Trans,6784
Trans,6708
Trans,6631
Trans,6571
Trans,6573
Trans,6990
Trans,7110
Trans,7157
Trans,7207
Trans,7266
Trans,7265
Trans,7406
Trans,7407
Trans,7371
Trans,7504
Trans,7454
Trans,7420
Trans,7419
Trans,7417
Trans,7702
Trans,7861
Trans,7886
Trans,7769
Trans,7783
Start,7783
Trans,7769
Trans,7887
Trans,7917
Trans,7941
Trans,8020
Trans,8037
Trans,8036
Trans,8054
Trans,8079
Trans,8080
Trans,8587
Trans,8586
Trans,8551
Trans,8466
Trans,8456
Trans,8370
Trans,8337
End,8316
Taxi,10339
Trans,10323
Trans,10335
Trans,10338
Trans,10364
Trans,10365
Trans,10366
Trans,10345
Trans,10312
Trans,10297
Trans,10269
Trans,10260
Trans,10201
Trans,10174
Trans,10103
Trans,10070
Trans,10078
Trans,10077
Trans,9992
Trans,9947
Trans,9758
Trans,9697
Trans,9696
Trans,9598
Trans,9569
Trans,9407
Trans,9308
Trans,9363
Trans,9413
Trans,9411
Trans,9094
Trans,8584
Trans,8585
Trans,8628
Trans,8627
Trans,8657
Trans,8655
Trans,8756
Trans,8761
Trans,8762
Trans,8765
Trans,8766
Trans,8813
Trans,8839
Trans,8864
Trans,8865
Trans,8904
Trans,8820
Trans,8821
Trans,8562
Trans,8560
Trans,8555
Trans,8450
Trans,8449
Trans,8437
Trans,8429
Trans,8318
Trans,8315
Trans,8311
Trans,8310
Trans,8227
Start,8227
Trans,8310
Trans,8311
Trans,8315
Trans,8318
Trans,8429
Trans,8437
Trans,8449
Trans,8450
Trans,8555
Trans,8560
Trans,8562
Trans,8821
Trans,8820
Trans,8904
Trans,8865
Trans,8864
Trans,8839
Trans,8813
Trans,8766
Trans,8765
Trans,8762
Trans,8761
Trans,8756
Trans,8655
Trans,8657
Trans,8627
Trans,8628
Trans,8585
Trans,8587
Trans,8080
Trans,8079
Trans,8054
Trans,8036
Trans,8037
Trans,8020
Trans,7941
Trans,7917
Trans,7887
Trans,7886
Trans,7861
Trans,7702
Trans,7417
Trans,7422
Trans,7298
Trans,7299
Trans,7161
Trans,7027
Trans,7028
Trans,6949
Trans,6816
Trans,6337
Trans,6305
Trans,6243
End,6156
Taxi,7524
Trans,7714
Trans,7926
Trans,8112
Trans,8114
Trans,8154
Trans,8267
Trans,8379
Trans,8473
Trans,8525
Trans,8598
Trans,8599
Trans,8690
Trans,8691
Trans,8683
Trans,8684
Trans,8608
Trans,8607
Trans,8532
Trans,8488
Trans,8515
Trans,8516
Trans,8675
Trans,8674
Trans,8716
Trans,8715
Trans,8643
Trans,8530
Trans,8528
Trans,8517
Trans,8566
Trans,8524
Trans,8526
Trans,8527
Trans,8573
Start,8623
Trans,8465
Trans,8292
Trans,8373
Trans,8273
Trans,8163
Trans,8164
Trans,8035
Trans,7984
Trans,7985
Trans,7943
Trans,7861
Trans,7702
Trans,7417
Trans,7422
Trans,7298
Trans,7299
Trans,7161
Trans,7027
Trans,7028
Trans,6949
Trans,6896
Trans,6953
Trans,6958
Trans,6984
Trans,6625
Trans,6624
Trans,6480
Trans,6268
Trans,6048
Trans,5348
Trans,5407
Trans,5433
Trans,5474
Trans,5529
Trans,5528
Trans,5615
End,5602
Taxi,2124
Trans,2125
Trans,2275
Trans,2364
Trans,2373
Trans,2374
Trans,2386
Trans,2401
Trans,2414
Trans,2413
Trans,2432
Trans,2447
Trans,2471
Trans,2514
Trans,2546
Trans,2547
Trans,2577
Trans,2705
Trans,2806
Trans,2835
Trans,3002
Trans,3001
Trans,2887
Trans,2576
Trans,2523
Trans,2484
Trans,2455
Trans,2489
Trans,2465
Trans,2463
Trans,2458
Trans,2312
Trans,2311
Trans,2256
Trans,2252
Trans,2277
Trans,2278
Trans,2177
Trans,2145
Trans,2143
Trans,2049
Trans,2481
Trans,2561
Trans,2636
Trans,2637
Trans,2942
Trans,2943
Trans,2974
Trans,3146
Trans,3216
Trans,3379
Trans,3415
Trans,3455
Trans,3445
Trans,3421
Trans,3419
Trans,3428
Trans,3395
Trans,3396
Trans,3263
Trans,3231
Trans,3185
Trans,3143
Trans,3063
Trans,2997
Trans,2994
Start,2994
Trans,2997
Trans,3063
Trans,3143
Trans,3185
Trans,3231
Trans,3263
Trans,3396
Trans,3395
Trans,3428
Trans,3419
Trans,3421
Trans,3445
Trans,3455
Trans,3415
Trans,3379
Trans,3216
Trans,3146
Trans,2974
Trans,2943
Trans,2942
Trans,2637
Trans,2636
Trans,2561
Trans,2481
Trans,2049
Trans,2143
Trans,2144
Trans,2076
Trans,2028
Trans,1950
Trans,1973
Trans,1974
Trans,1980
Trans,1975
Trans,1992
Trans,1897
Trans,1887
Trans,1850
Trans,1799
End,1737
Taxi,11017
Trans,10998
Trans,10951
Trans,10996
Trans,11010
Trans,11041
Trans,11042
Trans,11021
Trans,10995
Trans,10964
Trans,10930
Trans,10928
Trans,10904
Trans,10809
Trans,10804
Trans,10793
Trans,10717
Trans,10716
Trans,10656
Trans,10583
Trans,10484
Trans,10399
Trans,10371
Start,10370
Trans,10325
Trans,10067
Trans,10068
Trans,9902
Trans,9837
Trans,9802
Trans,9607
Trans,9606
Trans,9575
Trans,9494
Trans,9322
Trans,9142
Trans,9141
Trans,8862
Trans,8732
Trans,8594
Trans,8377
Trans,8139
Trans,7980
Trans,7746
Trans,7469
Trans,7165
Trans,7164
Trans,6548
Trans,6061
Trans,5876
Trans,5491
Trans,5275
Trans,4885
Trans,4547
Trans,4113
Trans,4000
Trans,3939
Trans,3905
Trans,3860
Trans,3796
Trans,3706
Trans,3613
Trans,3458
Trans,3382
Trans,3250
Trans,3249
Trans,3124
Trans,2961
Trans,2803
Trans,2802
Trans,2635
Trans,2478
Trans,2429
Trans,2266
Trans,2260
Trans,2258
Trans,2259
Trans,2213
Trans,2181
Trans,2171
Trans,2250
Trans,2249
End,2221
Taxi,10613
Trans,10556
Trans,10533
Trans,10438
Trans,10439
Trans,10391
Trans,10349
Trans,10327
Trans,10301
Trans,10300
Trans,10244
Trans,10174
Trans,10103
Trans,10070
Trans,10078
Trans,10077
Trans,9992
Trans,9947
Trans,9758
Trans,9697
Trans,9696
Trans,9598
Trans,9569
Trans,9407
Trans,9308
Trans,9363
Trans,9413
Trans,9411
Trans,9094
Trans,8584
Trans,8585
Trans,8628
Trans,8627
Trans,8657
Trans,8655
Trans,8756
Trans,8761
Trans,8762
Trans,8765
Trans,8766
Trans,8776
Trans,8724
Trans,8679
Trans,8513
Trans,8494
Trans,8434
Trans,8378
Trans,8331
Trans,8188
Trans,8103
Trans,7997
Trans,7935
Trans,7839
Trans,7840
Trans,7475
Trans,7452
Trans,7355
Trans,7231
Trans,6979
Trans,6980
Trans,6704
Trans,6703
Trans,6599
Trans,6427
Trans,6426
Trans,6222
Trans,6223
Trans,6122
Trans,6093
Trans,6032
Trans,5963
Trans,5915
Trans,5874
Trans,5840
Trans,5839
Trans,5769
Trans,5713
Trans,5678
Trans,5605
Trans,5467
Trans,5484
Trans,5379
Trans,5378
Trans,5209
Trans,5264
Trans,5239
Trans,5190
Trans,4910
Trans,4911
Start,4911
Trans,4910
Trans,5190
Trans,5239
Trans,5264
Trans,5209
Trans,5378
Trans,5379
Trans,5484
Trans,5467
Trans,5605
Trans,5678
Trans,5713
Trans,5769
Trans,5839
Trans,5840
Trans,5874
Trans,5915
Trans,5963
Trans,6032
Trans,6093
Trans,6122
Trans,6223
Trans,6222
Trans,6426
Trans,6427
Trans,6599
Trans,6703
Trans,6704
End,6980
Taxi,8271
Trans,8231
Trans,8190
Trans,8142
Trans,8141
Trans,8058
Trans,8026
Trans,8068
Trans,8066
Trans,8044
Trans,8045
Trans,8064
Trans,8158
Trans,8122
Trans,8031
Trans,7945
Trans,7901
Trans,7900
Trans,7858
Trans,7833
Trans,7765
Trans,7665
Trans,7503
Trans,7454
Trans,7420
Trans,7382
Trans,7387
Trans,7298
Trans,7299
Trans,7161
Trans,7027
Trans,7028
Trans,6949
Trans,6896
Trans,6953
Trans,6958
Trans,6984
Trans,6625
Trans,6624
Trans,6480
Trans,6268
Trans,6048
Trans,5786
Trans,5823
Start,5823
Trans,5786
Trans,6048
Trans,6268
Trans,6480
Trans,6624
Trans,6625
Trans,6984
Trans,6958
Trans,6953
Trans,6896
Trans,6949
Trans,7028
Trans,7027
Trans,7161
Trans,7299
Trans,7298
Trans,7387
Trans,7382
Trans,7420
Trans,7454
Trans,7503
Trans,7665
Trans,7765
Trans,7833
Trans,7858
Trans,7900
Trans,7901
Trans,7945
Trans,8031
Trans,8122
Trans,8159
Trans,8360
Trans,8362
Trans,8400
Trans,8367
Trans,8295
End,8261
Taxi,8133
Trans,8089
Trans,8088
Trans,8053
Trans,8001
Trans,7937
Trans,7898
Trans,7897
Trans,7879
Trans,7878
Trans,7868
Trans,7772
Trans,7672
Trans,7636
Trans,7515
Trans,7516
Trans,7483
Trans,7242
Trans,7241
Trans,7078
Trans,7077
Trans,7125
Trans,7191
Trans,7232
Trans,7231
Trans,6979
Trans,6980
Trans,6704
Trans,6703
Trans,6599
Trans,6427
Trans,6426
Trans,6222
Trans,6223
Trans,6122
Trans,6093
Trans,6032
Trans,5963
Start,5963
Trans,6032
Trans,6093
Trans,6122
Trans,6223
Trans,6222
Trans,6426
Trans,6427
Trans,6599
Trans,6703
Trans,6704
Trans,6980
Trans,6979
Trans,7231
Trans,7355
Trans,7452
Trans,7475
Trans,7840
Trans,7839
Trans,7935
Trans,7997
Trans,8103
Trans,8188
Trans,8331
Trans,8378
Trans,8434
Trans,8494
Trans,8513
Trans,8679
Trans,8724
Trans,8776
Trans,8766
Trans,8765
Trans,8762
Trans,8761
Trans,8756
Trans,8655
Trans,8657
Trans,8627
Trans,8628
Trans,8585
Trans,8584
Trans,9094
Trans,9411
Trans,9413
Trans,9363
Trans,9308
Trans,9407
Trans,9569
Trans,9598
Trans,9696
Trans,9697
Trans,9758
Trans,9947
Trans,9992
End,9814
Taxi,763
Trans,758
Trans,748
Trans,733
Trans,715
Trans,711
Trans,699
Trans,694
Trans,693
Trans,686
Trans,653
Trans,645
Trans,638
Trans,637
Trans,609
Trans,617
Trans,644
Trans,643
Trans,696
Trans,785
Trans,843
Trans,841
Trans,916
Trans,917
Trans,929
Trans,1068
Trans,1069
Trans,1157
Trans,1167
Trans,1172
Trans,1170
Start,1170
Trans,1173
Trans,1182
Trans,1196
Trans,1231
Trans,1239
Trans,1223
Trans,1224
Trans,1202
Trans,1193
Trans,1169
Trans,1161
Trans,1160
Trans,1132
Trans,970
Trans,969
Trans,1321
Trans,1322
Trans,1571
Trans,1695
Trans,1656
Trans,1652
Trans,1647
Trans,1648
Trans,1658
Trans,1698
Trans,1732
Trans,1733
Trans,1725
Trans,1726
Trans,1895
Trans,1951
Trans,2124
Trans,2125
Trans,2266
Trans,2260
Trans,2258
Trans,2454
Trans,2544
Trans,2545
Trans,2596
Trans,2798
Trans,2797
Trans,2869
Trans,2884
Trans,2885
Trans,2956
Trans,3033
Trans,3160
Trans,3407
Trans,3408
Trans,3544
Trans,3719
Trans,3717
Trans,3866
End,3958
