1,Taxi,NA,10339
1,Trans,NA,10323
1,Trans,NA,10335
1,Trans,NA,10338
1,Trans,NA,10364
1,Trans,NA,10365
1,Trans,NA,10366
1,Trans,NA,10345
1,Trans,NA,10312
1,Trans,NA,10297
1,Trans,NA,10269
1,Trans,NA,10260
1,Trans,NA,10201
1,Trans,NA,10174
1,Trans,NA,10103
1,Trans,NA,10070
1,Trans,NA,10078
1,Trans,NA,10077
1,Trans,NA,9992
1,Trans,NA,9947
1,Trans,NA,9758
1,Trans,NA,9697
1,Trans,NA,9696
1,Trans,NA,9598
1,Trans,NA,9569
1,Trans,NA,9407
1,Trans,NA,9308
1,Trans,NA,9363
1,Trans,NA,9413
1,Trans,NA,9411
1,Trans,NA,9094
1,Trans,NA,8584
1,Trans,NA,8587
1,Trans,NA,8080
1,Trans,NA,8079
1,Trans,NA,8054
1,Trans,NA,8036
1,Trans,NA,8037
1,Trans,NA,8020
1,Trans,NA,7941
1,Trans,NA,7917
1,Trans,NA,7887
1,Trans,NA,7886
1,Trans,NA,7861
1,Trans,NA,7702
1,Trans,NA,7417
1,Trans,NA,7422
1,Trans,NA,7298
1,Trans,NA,7299
1,Trans,NA,7161
1,Trans,NA,7027
1,Trans,NA,7028
1,Trans,NA,6949
1,Trans,NA,6896
1,Trans,NA,6953
1,Trans,NA,6958
1,Trans,NA,6984
1,Trans,NA,6625
1,Trans,NA,6624
1,Trans,NA,6480
1,Trans,NA,6268
1,Trans,NA,6048
1,Trans,NA,5348
1,Trans,NA,5347
1,Trans,NA,5152
1,Trans,NA,4947
1,Trans,NA,4538
1,Trans,NA,4362
1,Trans,NA,4235
1,Trans,NA,4173
1,Trans,NA,4155
1,Trans,NA,4025
1,Trans,NA,3804
1,Trans,NA,3640
1,Trans,NA,3491
1,Trans,NA,3385
1,Trans,NA,3314
1,Trans,NA,3001
1,Trans,NA,2887
1,Trans,NA,2576
1,Trans,NA,2523
1,Trans,NA,2524
1,Trans,NA,2525
1,Trans,NA,2563
1,Trans,NA,2677
1,Trans,NA,2689
1,Trans,NA,2726
1,Trans,NA,2727
1,Trans,NA,2755
1,Trans,NA,2761
1,Trans,NA,2763
1,Trans,NA,2764
1,Trans,NA,2768
1,Trans,NA,2776
1,Trans,NA,2774
1,Trans,NA,2856
1,Trans,NA,2861
1,Trans,NA,2820
1,Trans,NA,2842
1,Start,6,2842
1,Trans,NA,2820
1,Trans,NA,2861
1,Trans,NA,2856
1,Trans,NA,2774
1,Trans,NA,2776
1,Trans,NA,2768
1,Trans,NA,2764
1,Trans,NA,2763
1,Trans,NA,2761
1,Trans,NA,2755
1,Trans,NA,2727
1,Trans,NA,2726
1,Trans,NA,2689
1,Trans,NA,2677
1,Trans,NA,2563
1,Trans,NA,2525
1,Trans,NA,2524
1,Trans,NA,2523
1,Trans,NA,2576
1,Trans,NA,2887
1,Trans,NA,3001
1,Trans,NA,3314
1,Trans,NA,3385
1,Trans,NA,3491
1,Trans,NA,3640
1,Trans,NA,3804
1,Trans,NA,4025
1,Trans,NA,4155
1,Trans,NA,4173
1,Trans,NA,4235
1,Trans,NA,4362
1,Trans,NA,4538
1,Trans,NA,4947
1,Trans,NA,5152
1,Trans,NA,5347
1,Trans,NA,5348
1,Trans,NA,6048
1,Trans,NA,6268
1,Trans,NA,6480
1,Trans,NA,6624
1,Trans,NA,6625
1,Trans,NA,6984
1,Trans,NA,6958
1,Trans,NA,6953
1,Trans,NA,6896
1,Trans,NA,6949
1,Trans,NA,7028
1,Trans,NA,7027
1,Trans,NA,7161
1,Trans,NA,7299
1,Trans,NA,7298
1,Trans,NA,7422
1,Trans,NA,7417
1,Trans,NA,7702
1,Trans,NA,7861
1,Trans,NA,7886
1,Trans,NA,7887
1,Trans,NA,7917
1,Trans,NA,7941
1,Trans,NA,8020
1,Trans,NA,8037
1,Trans,NA,8036
1,Trans,NA,8054
1,Trans,NA,8079
1,Trans,NA,8080
1,Trans,NA,8587
1,Trans,NA,8585
1,Trans,NA,8628
1,Trans,NA,8627
1,Trans,NA,8657
1,Trans,NA,8655
1,Trans,NA,8756
1,Trans,NA,8754
1,Trans,NA,8800
1,Trans,NA,8863
1,Trans,NA,8913
1,Trans,NA,9011
1,Trans,NA,9022
1,Trans,NA,9021
1,Trans,NA,9004
1,Trans,NA,9051
1,Trans,NA,9049
1,Trans,NA,9211
1,Trans,NA,9240
1,Trans,NA,9241
1,Trans,NA,9277
1,Trans,NA,9301
1,Trans,NA,9336
1,Trans,NA,9343
1,End,NA,9347
2,Taxi,NA,11017
2,Trans,NA,10998
2,Trans,NA,10951
2,Trans,NA,10996
2,Trans,NA,11010
2,Trans,NA,11041
2,Trans,NA,11042
2,Trans,NA,11021
2,Trans,NA,10995
2,Trans,NA,10964
2,Trans,NA,10930
2,Trans,NA,10929
2,Trans,NA,10876
2,Trans,NA,10875
2,Trans,NA,10923
2,Trans,NA,10924
2,Trans,NA,10849
2,Trans,NA,10803
2,Trans,NA,10723
2,Trans,NA,10626
2,Trans,NA,10699
2,Trans,NA,10698
2,Trans,NA,10569
2,Trans,NA,10570
2,Start,54,10531
2,Trans,NA,10488
2,Trans,NA,10489
2,Trans,NA,10504
2,Trans,NA,10438
2,Trans,NA,10439
2,Trans,NA,10391
2,Trans,NA,10349
2,Trans,NA,10327
2,Trans,NA,10301
2,Trans,NA,10300
2,Trans,NA,10244
2,Trans,NA,10174
2,Trans,NA,10103
2,Trans,NA,10070
2,Trans,NA,10078
2,Trans,NA,10077
2,Trans,NA,9992
2,Trans,NA,9947
2,Trans,NA,9758
2,Trans,NA,9697
2,Trans,NA,9696
2,Trans,NA,9598
2,Trans,NA,9569
2,Trans,NA,9407
2,Trans,NA,9308
2,Trans,NA,9363
2,Trans,NA,9413
2,Trans,NA,9411
2,Trans,NA,9094
2,Trans,NA,8584
2,Trans,NA,8587
2,Trans,NA,8080
2,Trans,NA,8079
2,Trans,NA,8054
2,Trans,NA,8036
2,Trans,NA,8037
2,Trans,NA,8020
2,Trans,NA,7941
2,Trans,NA,7917
2,Trans,NA,7887
2,Trans,NA,7886
2,Trans,NA,7861
2,Trans,NA,7702
2,Trans,NA,7417
2,Trans,NA,7422
2,Trans,NA,7298
2,Trans,NA,7299
2,Trans,NA,7161
2,Trans,NA,7027
2,Trans,NA,7028
2,Trans,NA,6949
2,Trans,NA,6896
2,Trans,NA,6953
2,Trans,NA,6958
2,Trans,NA,6984
2,Trans,NA,6625
2,Trans,NA,6624
2,Trans,NA,6480
2,Trans,NA,6268
2,Trans,NA,6048
2,Trans,NA,5348
2,Trans,NA,5347
2,Trans,NA,5152
2,Trans,NA,4947
2,Trans,NA,4538
2,Trans,NA,4362
2,Trans,NA,4235
2,Trans,NA,4173
2,Trans,NA,4155
2,Trans,NA,4025
2,Trans,NA,3804
2,Trans,NA,3640
2,Trans,NA,3491
2,Trans,NA,3385
2,Trans,NA,3314
2,Trans,NA,3001
2,Trans,NA,2887
2,Trans,NA,2576
2,Trans,NA,2523
2,Trans,NA,2484
2,Trans,NA,2455
2,Trans,NA,2489
2,Trans,NA,2465
2,Trans,NA,2463
2,Trans,NA,2458
2,Trans,NA,2312
2,Trans,NA,2311
2,Trans,NA,2256
2,Trans,NA,2252
2,Trans,NA,2277
2,Trans,NA,2278
2,Trans,NA,2177
2,Trans,NA,2145
2,Trans,NA,2143
2,Trans,NA,2048
2,Trans,NA,1978
2,Trans,NA,2025
2,Trans,NA,2024
2,Trans,NA,2078
2,Trans,NA,2007
2,Trans,NA,1934
2,Trans,NA,1924
2,Trans,NA,1906
2,Trans,NA,1907
2,Trans,NA,1746
2,Trans,NA,1745
2,Trans,NA,1681
2,Trans,NA,1631
2,Trans,NA,1565
2,Trans,NA,1605
2,Trans,NA,1574
2,Trans,NA,1454
2,End,NA,1422
3,Taxi,NA,7523
3,Trans,NA,7342
3,Trans,NA,7344
3,Trans,NA,7238
3,Trans,NA,7181
3,Trans,NA,7180
3,Trans,NA,7072
3,Trans,NA,6657
3,Trans,NA,6659
3,Trans,NA,6461
3,Trans,NA,6186
3,Trans,NA,6187
3,Trans,NA,6115
3,Trans,NA,6060
3,Trans,NA,5705
3,Trans,NA,5415
3,Trans,NA,5412
3,Trans,NA,5345
3,Trans,NA,5174
3,Trans,NA,4885
3,Trans,NA,4547
3,Trans,NA,4113
3,Trans,NA,4000
3,Trans,NA,3939
3,Trans,NA,3905
3,Trans,NA,3860
3,Trans,NA,3796
3,Trans,NA,3706
3,Trans,NA,3613
3,Trans,NA,3458
3,Trans,NA,3382
3,Trans,NA,3250
3,Trans,NA,3249
3,Trans,NA,3124
3,Trans,NA,2961
3,Trans,NA,2803
3,Trans,NA,2802
3,Trans,NA,2635
3,Trans,NA,2478
3,Trans,NA,2429
3,Trans,NA,2125
3,Trans,NA,2124
3,Trans,NA,1951
3,Trans,NA,1895
3,Trans,NA,1726
3,Trans,NA,1725
3,Trans,NA,1733
3,Trans,NA,1732
3,Trans,NA,1698
3,Trans,NA,1658
3,Trans,NA,1648
3,Trans,NA,1647
3,Trans,NA,1652
3,Trans,NA,1656
3,Trans,NA,1695
3,Trans,NA,1571
3,Trans,NA,1322
3,Trans,NA,1321
3,Trans,NA,844
3,Trans,NA,696
3,Trans,NA,785
3,Trans,NA,843
3,Trans,NA,841
3,Trans,NA,916
3,Trans,NA,917
3,Trans,NA,929
3,Trans,NA,1029
3,Trans,NA,1039
3,Trans,NA,1057
3,Trans,NA,1091
3,Trans,NA,1092
3,Trans,NA,1099
3,Trans,NA,1136
3,Trans,NA,1144
3,Trans,NA,1143
3,Trans,NA,1153
3,Trans,NA,1164
3,Trans,NA,1166
3,Trans,NA,1175
3,Trans,NA,1179
3,Trans,NA,1185
3,Trans,NA,1188
3,Start,38,1188
3,Trans,NA,1185
3,Trans,NA,1179
3,Trans,NA,1175
3,Trans,NA,1166
3,Trans,NA,1164
3,Trans,NA,1153
3,Trans,NA,1143
3,Trans,NA,1144
3,Trans,NA,1136
3,Trans,NA,1099
3,Trans,NA,1092
3,Trans,NA,1091
3,Trans,NA,1057
3,Trans,NA,1039
3,Trans,NA,1029
3,Trans,NA,929
3,Trans,NA,917
3,Trans,NA,916
3,Trans,NA,841
3,Trans,NA,843
3,Trans,NA,785
3,Trans,NA,696
3,Trans,NA,844
3,Trans,NA,1321
3,Trans,NA,1322
3,Trans,NA,1571
3,Trans,NA,1695
3,Trans,NA,1656
3,Trans,NA,1652
3,Trans,NA,1647
3,Trans,NA,1648
3,Trans,NA,1658
3,Trans,NA,1698
3,Trans,NA,1732
3,Trans,NA,1733
3,Trans,NA,1725
3,Trans,NA,1726
3,Trans,NA,1895
3,Trans,NA,1951
3,Trans,NA,2124
3,Trans,NA,2125
3,Trans,NA,2429
3,Trans,NA,2478
3,Trans,NA,2635
3,Trans,NA,2802
3,Trans,NA,2803
3,Trans,NA,2961
3,Trans,NA,3124
3,Trans,NA,3249
3,Trans,NA,3250
3,Trans,NA,3382
3,Trans,NA,3458
3,Trans,NA,3613
3,Trans,NA,3706
3,Trans,NA,3796
3,Trans,NA,3860
3,Trans,NA,3905
3,Trans,NA,3939
3,Trans,NA,4000
3,Trans,NA,4113
3,Trans,NA,4547
3,Trans,NA,4885
3,Trans,NA,5275
3,Trans,NA,5491
3,Trans,NA,5876
3,Trans,NA,6061
3,Trans,NA,6548
3,Trans,NA,7164
3,Trans,NA,7165
3,Trans,NA,7469
3,Trans,NA,7746
3,Trans,NA,7980
3,Trans,NA,8139
3,Trans,NA,8377
3,Trans,NA,8594
3,Trans,NA,8732
3,Trans,NA,8862
3,Trans,NA,9141
3,Trans,NA,9142
3,Trans,NA,9322
3,Trans,NA,9494
3,Trans,NA,9575
3,Trans,NA,9606
3,Trans,NA,9607
3,Trans,NA,9699
3,Trans,NA,10090
3,Trans,NA,10166
3,Trans,NA,10246
3,Trans,NA,10245
3,Trans,NA,10296
3,Trans,NA,10324
3,Trans,NA,10523
3,Trans,NA,10486
3,Trans,NA,10487
3,Trans,NA,10409
3,Trans,NA,10410
3,Trans,NA,10411
3,Trans,NA,10447
3,Trans,NA,10522
3,Trans,NA,10679
3,End,NA,10779
4,Taxi,NA,8271
4,Trans,NA,8231
4,Trans,NA,8190
4,Trans,NA,8142
4,Trans,NA,8141
4,Trans,NA,8058
4,Trans,NA,8026
4,Trans,NA,8068
4,Trans,NA,8066
4,Trans,NA,8044
4,Trans,NA,8045
4,Trans,NA,8064
4,Trans,NA,8158
4,Trans,NA,8122
4,Trans,NA,8031
4,Trans,NA,7945
4,Trans,NA,7901
4,Trans,NA,7900
4,Trans,NA,7858
4,Trans,NA,7833
4,Trans,NA,7765
4,Trans,NA,7665
4,Trans,NA,7503
4,Trans,NA,7454
4,Trans,NA,7420
4,Trans,NA,7382
4,Trans,NA,7387
4,Trans,NA,7298
4,Trans,NA,7299
4,Trans,NA,7161
4,Trans,NA,7027
4,Trans,NA,7028
4,Trans,NA,6949
4,Trans,NA,6896
4,Trans,NA,6953
4,Trans,NA,6958
4,Trans,NA,6984
4,Trans,NA,6625
4,Trans,NA,6624
4,Trans,NA,6480
4,Trans,NA,6268
4,Trans,NA,6048
4,Trans,NA,5348
4,Trans,NA,5347
4,Trans,NA,5152
4,Trans,NA,4947
4,Trans,NA,4538
4,Trans,NA,4362
4,Trans,NA,4235
4,Trans,NA,4173
4,Trans,NA,4155
4,Trans,NA,4025
4,Trans,NA,3804
4,Trans,NA,3640
4,Trans,NA,3491
4,Trans,NA,3385
4,Trans,NA,3314
4,Trans,NA,3001
4,Trans,NA,2887
4,Trans,NA,2576
4,Trans,NA,2523
4,Trans,NA,2484
4,Trans,NA,2455
4,Trans,NA,2489
4,Trans,NA,2465
4,Trans,NA,2463
4,Trans,NA,2458
4,Trans,NA,2312
4,Trans,NA,2311
4,Trans,NA,2256
4,Trans,NA,2252
4,Trans,NA,2277
4,Trans,NA,2278
4,Trans,NA,2177
4,Trans,NA,2145
4,Trans,NA,2143
4,Trans,NA,1946
4,Trans,NA,1947
4,Trans,NA,1909
4,Trans,NA,1865
4,Trans,NA,1795
4,Trans,NA,1722
4,Trans,NA,1655
4,Trans,NA,1567
4,Trans,NA,1568
4,Trans,NA,1451
4,Trans,NA,1394
4,Trans,NA,1381
4,Trans,NA,1310
4,Trans,NA,1312
4,Trans,NA,1216
4,Trans,NA,1208
4,Trans,NA,1203
4,Trans,NA,1197
4,Trans,NA,1189
4,Trans,NA,1185
4,Trans,NA,1179
4,Trans,NA,1175
4,Trans,NA,1166
4,Trans,NA,1164
4,Trans,NA,1153
4,Trans,NA,1116
4,Trans,NA,1084
4,Trans,NA,1080
4,Trans,NA,1081
4,Trans,NA,1094
4,Trans,NA,1077
4,Trans,NA,996
4,Trans,NA,976
4,Trans,NA,956
4,Trans,NA,943
4,Trans,NA,919
4,Trans,NA,891
4,Trans,NA,812
4,Start,43,812
4,Trans,NA,891
4,Trans,NA,919
4,Trans,NA,943
4,Trans,NA,956
4,Trans,NA,976
4,Trans,NA,996
4,Trans,NA,1077
4,Trans,NA,1094
4,Trans,NA,1081
4,Trans,NA,1080
4,Trans,NA,1084
4,Trans,NA,1116
4,Trans,NA,1153
4,Trans,NA,1164
4,Trans,NA,1166
4,Trans,NA,1175
4,Trans,NA,1179
4,Trans,NA,1185
4,Trans,NA,1189
4,Trans,NA,1197
4,Trans,NA,1203
4,Trans,NA,1208
4,Trans,NA,1216
4,Trans,NA,1312
4,Trans,NA,1310
4,Trans,NA,1381
4,Trans,NA,1394
4,Trans,NA,1451
4,Trans,NA,1568
4,Trans,NA,1567
4,Trans,NA,1655
4,Trans,NA,1722
4,Trans,NA,1795
4,Trans,NA,1865
4,Trans,NA,1909
4,Trans,NA,1947
4,Trans,NA,1946
4,Trans,NA,2049
4,Trans,NA,2481
4,Trans,NA,2561
4,Trans,NA,2636
4,Trans,NA,2637
4,Trans,NA,2942
4,Trans,NA,2943
4,Trans,NA,2974
4,Trans,NA,3146
4,Trans,NA,3216
4,Trans,NA,3379
4,Trans,NA,3378
4,Trans,NA,3821
4,Trans,NA,3960
4,Trans,NA,4070
4,Trans,NA,4185
4,Trans,NA,4323
4,Trans,NA,4324
4,Trans,NA,4326
4,Trans,NA,4375
4,Trans,NA,4374
4,Trans,NA,4402
4,Trans,NA,4552
4,Trans,NA,4650
4,Trans,NA,4651
4,Trans,NA,4896
4,Trans,NA,4895
4,Trans,NA,4879
4,Trans,NA,4894
4,Trans,NA,4893
4,Trans,NA,4851
4,Trans,NA,4834
4,Trans,NA,4833
4,Trans,NA,4732
4,Trans,NA,4731
4,Trans,NA,4720
4,Trans,NA,4708
4,Trans,NA,4852
4,Trans,NA,4916
4,Trans,NA,4969
4,Trans,NA,5032
4,Trans,NA,5123
4,Trans,NA,5163
4,Trans,NA,5185
4,Trans,NA,5204
4,End,NA,5234
5,Taxi,NA,7825
5,Trans,NA,7846
5,Trans,NA,7879
5,Trans,NA,7878
5,Trans,NA,7868
5,Trans,NA,7772
5,Trans,NA,7672
5,Trans,NA,7636
5,Trans,NA,7515
5,Trans,NA,7516
5,Trans,NA,7483
5,Trans,NA,7242
5,Trans,NA,7241
5,Trans,NA,7078
5,Trans,NA,7077
5,Trans,NA,7125
5,Trans,NA,7191
5,Trans,NA,7232
5,Trans,NA,7231
5,Trans,NA,6979
5,Trans,NA,6980
5,Trans,NA,6704
5,Trans,NA,6703
5,Trans,NA,6599
5,Trans,NA,6427
5,Trans,NA,6428
5,Trans,NA,6483
5,Trans,NA,6505
5,Trans,NA,6537
5,Trans,NA,6643
5,Trans,NA,6715
5,Trans,NA,6925
5,Trans,NA,6924
5,Trans,NA,6786
5,Trans,NA,6785
5,Trans,NA,6602
5,Trans,NA,6867
5,Trans,NA,7030
5,Trans,NA,6612
5,Trans,NA,6254
5,Trans,NA,6255
5,Trans,NA,5908
5,Trans,NA,5818
5,Trans,NA,5817
5,Trans,NA,5756
5,Trans,NA,5709
5,Trans,NA,5695
5,Trans,NA,5601
5,Trans,NA,5600
5,Trans,NA,5527
5,Trans,NA,5316
5,Trans,NA,5148
5,Trans,NA,4844
5,Trans,NA,4730
5,Trans,NA,4704
5,Trans,NA,4322
5,Trans,NA,4323
5,Trans,NA,4185
5,Trans,NA,4070
5,Trans,NA,3960
5,Trans,NA,3821
5,Trans,NA,3378
5,Trans,NA,3379
5,Trans,NA,3216
5,Trans,NA,3146
5,Trans,NA,2974
5,Trans,NA,2943
5,Trans,NA,2942
5,Trans,NA,2637
5,Trans,NA,2636
5,Trans,NA,2561
5,Trans,NA,2481
5,Trans,NA,2049
5,Trans,NA,2048
5,Trans,NA,1978
5,Trans,NA,2025
5,Trans,NA,2024
5,Trans,NA,2078
5,Trans,NA,2007
5,Trans,NA,1957
5,Trans,NA,2062
5,Trans,NA,2116
5,Trans,NA,2228
5,Trans,NA,2227
5,Trans,NA,2451
5,Trans,NA,2452
5,Trans,NA,2474
5,Start,50,2474
5,Trans,NA,2452
5,Trans,NA,2451
5,Trans,NA,2227
5,Trans,NA,2228
5,Trans,NA,2116
5,Trans,NA,2062
5,Trans,NA,1957
5,Trans,NA,2007
5,Trans,NA,2078
5,Trans,NA,2024
5,Trans,NA,2025
5,Trans,NA,1978
5,Trans,NA,2048
5,Trans,NA,2049
5,Trans,NA,2481
5,Trans,NA,2561
5,Trans,NA,2636
5,Trans,NA,2637
5,Trans,NA,2942
5,Trans,NA,2943
5,Trans,NA,2974
5,Trans,NA,3146
5,Trans,NA,3216
5,Trans,NA,3379
5,Trans,NA,3378
5,Trans,NA,3821
5,Trans,NA,3960
5,Trans,NA,4070
5,Trans,NA,4185
5,Trans,NA,4323
5,Trans,NA,4322
5,Trans,NA,4704
5,Trans,NA,4730
5,Trans,NA,4844
5,Trans,NA,5148
5,Trans,NA,5316
5,Trans,NA,5527
5,Trans,NA,5600
5,Trans,NA,5601
5,Trans,NA,5695
5,Trans,NA,5709
5,Trans,NA,5756
5,Trans,NA,5817
5,Trans,NA,5818
5,Trans,NA,5908
5,Trans,NA,6255
5,Trans,NA,6254
5,Trans,NA,6612
5,Trans,NA,7030
5,Trans,NA,6867
5,Trans,NA,6602
5,Trans,NA,6785
5,Trans,NA,6786
5,Trans,NA,6924
5,Trans,NA,6925
5,Trans,NA,6715
5,Trans,NA,6643
5,Trans,NA,6537
5,Trans,NA,6505
5,Trans,NA,6483
5,Trans,NA,6428
5,Trans,NA,6427
5,Trans,NA,6599
5,Trans,NA,6703
5,Trans,NA,6704
5,Trans,NA,6980
5,Trans,NA,6979
5,Trans,NA,7231
5,Trans,NA,7355
5,Trans,NA,7452
5,Trans,NA,7475
5,Trans,NA,7840
5,Trans,NA,7839
5,Trans,NA,7935
5,Trans,NA,7997
5,Trans,NA,8103
5,Trans,NA,8188
5,Trans,NA,8331
5,Trans,NA,8378
5,Trans,NA,8434
5,Trans,NA,8494
5,Trans,NA,8513
5,Trans,NA,8679
5,Trans,NA,8724
5,Trans,NA,8776
5,Trans,NA,8883
5,Trans,NA,8969
5,Trans,NA,9121
5,Trans,NA,9212
5,Trans,NA,9240
5,Trans,NA,9241
5,Trans,NA,9326
5,Trans,NA,9328
5,Trans,NA,9243
5,Trans,NA,9318
5,Trans,NA,9317
5,Trans,NA,9330
5,Trans,NA,9356
5,Trans,NA,9433
5,Trans,NA,9527
5,Trans,NA,9528
5,Trans,NA,9562
5,Trans,NA,9642
5,Trans,NA,9641
5,End,NA,9729
6,Taxi,NA,250
6,Trans,NA,247
6,Trans,NA,268
6,Trans,NA,284
6,Trans,NA,305
6,Trans,NA,319
6,Trans,NA,331
6,Trans,NA,345
6,Trans,NA,358
6,Trans,NA,386
6,Trans,NA,426
6,Trans,NA,450
6,Trans,NA,466
6,Trans,NA,503
6,Trans,NA,520
6,Trans,NA,549
6,Trans,NA,577
6,Trans,NA,618
6,Trans,NA,669
6,Trans,NA,735
6,Trans,NA,778
6,Trans,NA,825
6,Trans,NA,903
6,Trans,NA,949
6,Trans,NA,997
6,Trans,NA,1082
6,Trans,NA,1127
6,Trans,NA,1165
6,Trans,NA,1166
6,Trans,NA,1175
6,Trans,NA,1179
6,Trans,NA,1185
6,Trans,NA,1189
6,Trans,NA,1197
6,Trans,NA,1203
6,Trans,NA,1208
6,Trans,NA,1216
6,Trans,NA,1312
6,Trans,NA,1310
6,Trans,NA,1381
6,Trans,NA,1394
6,Trans,NA,1451
6,Trans,NA,1568
6,Trans,NA,1567
6,Trans,NA,1655
6,Trans,NA,1722
6,Trans,NA,1795
6,Trans,NA,1865
6,Trans,NA,1909
6,Trans,NA,1947
6,Trans,NA,1946
6,Trans,NA,2143
6,Trans,NA,2145
6,Trans,NA,2177
6,Trans,NA,2278
6,Trans,NA,2277
6,Trans,NA,2252
6,Trans,NA,2256
6,Trans,NA,2311
6,Trans,NA,2312
6,Trans,NA,2458
6,Trans,NA,2463
6,Trans,NA,2465
6,Trans,NA,2489
6,Trans,NA,2455
6,Trans,NA,2484
6,Trans,NA,2523
6,Trans,NA,2576
6,Trans,NA,2887
6,Trans,NA,3001
6,Trans,NA,3314
6,Trans,NA,3385
6,Trans,NA,3491
6,Trans,NA,3640
6,Trans,NA,3804
6,Trans,NA,4025
6,Trans,NA,4155
6,Trans,NA,4173
6,Trans,NA,4235
6,Trans,NA,4362
6,Trans,NA,4538
6,Trans,NA,4947
6,Trans,NA,5152
6,Trans,NA,5347
6,Trans,NA,5348
6,Trans,NA,6048
6,Trans,NA,6268
6,Trans,NA,6480
6,Trans,NA,6624
6,Trans,NA,6625
6,Trans,NA,6984
6,Trans,NA,6958
6,Trans,NA,6953
6,Trans,NA,6896
6,Trans,NA,6949
6,Trans,NA,7028
6,Trans,NA,7027
6,Trans,NA,7161
6,Trans,NA,7299
6,Trans,NA,7298
6,Trans,NA,7387
6,Trans,NA,7382
6,Trans,NA,7420
6,Trans,NA,7454
6,Trans,NA,7503
6,Trans,NA,7665
6,Trans,NA,7765
6,Trans,NA,7833
6,Trans,NA,7858
6,Trans,NA,7900
6,Trans,NA,7901
6,Trans,NA,7945
6,Trans,NA,8031
6,Trans,NA,8122
6,Trans,NA,8158
6,Trans,NA,8064
6,Trans,NA,8045
6,Start,52,8045
6,Trans,NA,8064
6,Trans,NA,8158
6,Trans,NA,8122
6,Trans,NA,8031
6,Trans,NA,7945
6,Trans,NA,7901
6,Trans,NA,7900
6,Trans,NA,7858
6,Trans,NA,7833
6,Trans,NA,7765
6,Trans,NA,7665
6,Trans,NA,7503
6,Trans,NA,7454
6,Trans,NA,7420
6,Trans,NA,7382
6,Trans,NA,7387
6,Trans,NA,7298
6,Trans,NA,7299
6,Trans,NA,7161
6,Trans,NA,7027
6,Trans,NA,7028
6,Trans,NA,6949
6,Trans,NA,6896
6,Trans,NA,6953
6,Trans,NA,6958
6,Trans,NA,6984
6,Trans,NA,6625
6,Trans,NA,6624
6,Trans,NA,6480
6,Trans,NA,6268
6,Trans,NA,6048
6,Trans,NA,5348
6,Trans,NA,5347
6,Trans,NA,5152
6,Trans,NA,4947
6,Trans,NA,4538
6,Trans,NA,4362
6,Trans,NA,4235
6,Trans,NA,4173
6,Trans,NA,4155
6,Trans,NA,4025
6,Trans,NA,3804
6,Trans,NA,3640
6,Trans,NA,3491
6,Trans,NA,3385
6,Trans,NA,3314
6,Trans,NA,3002
6,Trans,NA,2835
6,Trans,NA,2806
6,Trans,NA,2705
6,Trans,NA,2577
6,Trans,NA,2547
6,Trans,NA,2546
6,Trans,NA,2514
6,Trans,NA,2471
6,Trans,NA,2447
6,Trans,NA,2354
6,Trans,NA,2283
6,Trans,NA,2223
6,Trans,NA,2222
6,Trans,NA,2195
6,Trans,NA,2059
6,Trans,NA,2060
6,Trans,NA,1999
6,Trans,NA,1966
6,Trans,NA,1927
6,Trans,NA,1870
6,Trans,NA,1869
6,Trans,NA,1809
6,Trans,NA,1695
6,Trans,NA,1571
6,Trans,NA,1322
6,Trans,NA,1321
6,Trans,NA,844
6,Trans,NA,697
6,Trans,NA,586
6,Trans,NA,596
6,Trans,NA,602
6,Trans,NA,576
6,Trans,NA,580
6,Trans,NA,600
6,Trans,NA,611
6,End,NA,612
7,Taxi,NA,10770
7,Trans,NA,10779
7,Trans,NA,10679
7,Trans,NA,10522
7,Trans,NA,10447
7,Trans,NA,10446
7,Trans,NA,10413
7,Trans,NA,10412
7,Trans,NA,10400
7,Start,12,10389
7,Trans,NA,10390
7,Trans,NA,10314
7,Trans,NA,10292
7,Trans,NA,10293
7,Trans,NA,10258
7,Trans,NA,10191
7,Trans,NA,10190
7,Trans,NA,10188
7,Trans,NA,10057
7,Trans,NA,10058
7,Trans,NA,9957
7,Trans,NA,9937
7,Trans,NA,9758
7,Trans,NA,9697
7,Trans,NA,9696
7,Trans,NA,9598
7,Trans,NA,9569
7,Trans,NA,9407
7,Trans,NA,9308
7,Trans,NA,9363
7,Trans,NA,9413
7,Trans,NA,9411
7,Trans,NA,9094
7,Trans,NA,8584
7,Trans,NA,8587
7,Trans,NA,8080
7,Trans,NA,8079
7,Trans,NA,8054
7,Trans,NA,8036
7,Trans,NA,8037
7,Trans,NA,8020
7,Trans,NA,7941
7,Trans,NA,7917
7,Trans,NA,7887
7,Trans,NA,7886
7,Trans,NA,7861
7,Trans,NA,7702
7,Trans,NA,7417
7,Trans,NA,7422
7,Trans,NA,7298
7,Trans,NA,7299
7,Trans,NA,7161
7,Trans,NA,7027
7,Trans,NA,7028
7,Trans,NA,6949
7,Trans,NA,6896
7,Trans,NA,6953
7,Trans,NA,6958
7,Trans,NA,6984
7,Trans,NA,6625
7,Trans,NA,6624
7,Trans,NA,6480
7,Trans,NA,6268
7,Trans,NA,6048
7,Trans,NA,5348
7,Trans,NA,5347
7,Trans,NA,5152
7,Trans,NA,4947
7,Trans,NA,4449
7,Trans,NA,4448
7,Trans,NA,4413
7,Trans,NA,4409
7,Trans,NA,4425
7,Trans,NA,4428
7,Trans,NA,4452
7,Trans,NA,4455
7,Trans,NA,4463
7,Trans,NA,4479
7,Trans,NA,4498
7,Trans,NA,4536
7,Trans,NA,4576
7,Trans,NA,4864
7,Trans,NA,4865
7,Trans,NA,4890
7,Trans,NA,5079
7,Trans,NA,5112
7,Trans,NA,5195
7,Trans,NA,5196
7,Trans,NA,5087
7,Trans,NA,5086
7,Trans,NA,5078
7,Trans,NA,4938
7,Trans,NA,4797
7,Trans,NA,4745
7,Trans,NA,4746
7,Trans,NA,4700
7,Trans,NA,4474
7,Trans,NA,4475
7,Trans,NA,4426
7,Trans,NA,4304
7,Trans,NA,4303
7,Trans,NA,4276
7,Trans,NA,4178
7,Trans,NA,4104
7,Trans,NA,4103
7,Trans,NA,4057
7,Trans,NA,4133
7,Trans,NA,4153
7,Trans,NA,4177
7,Trans,NA,4201
7,End,NA,4283
8,Taxi,NA,9375
8,Trans,NA,9320
8,Trans,NA,9321
8,Trans,NA,9261
8,Trans,NA,9207
8,Trans,NA,9198
8,Trans,NA,9191
8,Trans,NA,9131
8,Trans,NA,8976
8,Trans,NA,8943
8,Trans,NA,8941
8,Trans,NA,8778
8,Trans,NA,8665
8,Trans,NA,8618
8,Trans,NA,8540
8,Trans,NA,8541
8,Trans,NA,8525
8,Trans,NA,8598
8,Trans,NA,8599
8,Trans,NA,8690
8,Trans,NA,8691
8,Trans,NA,8683
8,Trans,NA,8684
8,Trans,NA,8608
8,Trans,NA,8607
8,Trans,NA,8532
8,Trans,NA,8488
8,Trans,NA,8515
8,Trans,NA,8516
8,Trans,NA,8582
8,Trans,NA,8514
8,Trans,NA,8399
8,Trans,NA,8362
8,Trans,NA,8360
8,Trans,NA,8159
8,Trans,NA,8122
8,Trans,NA,8031
8,Trans,NA,7945
8,Trans,NA,7901
8,Trans,NA,7900
8,Trans,NA,7858
8,Trans,NA,7833
8,Trans,NA,7765
8,Trans,NA,7665
8,Trans,NA,7503
8,Trans,NA,7454
8,Trans,NA,7420
8,Trans,NA,7382
8,Trans,NA,7387
8,Trans,NA,7298
8,Trans,NA,7299
8,Trans,NA,7161
8,Trans,NA,7027
8,Trans,NA,7028
8,Trans,NA,6949
8,Trans,NA,6896
8,Trans,NA,6953
8,Trans,NA,6958
8,Trans,NA,6984
8,Trans,NA,6625
8,Trans,NA,6624
8,Trans,NA,6480
8,Trans,NA,6268
8,Trans,NA,6048
8,Trans,NA,5348
8,Trans,NA,5407
8,Trans,NA,5406
8,Trans,NA,5303
8,Trans,NA,5129
8,Trans,NA,5130
8,Trans,NA,5094
8,Start,51,5094
8,Trans,NA,5130
8,Trans,NA,5129
8,Trans,NA,5303
8,Trans,NA,5406
8,Trans,NA,5407
8,Trans,NA,5348
8,Trans,NA,6048
8,Trans,NA,6268
8,Trans,NA,6480
8,Trans,NA,6624
8,Trans,NA,6625
8,Trans,NA,6984
8,Trans,NA,6958
8,Trans,NA,6953
8,Trans,NA,6896
8,Trans,NA,6949
8,Trans,NA,7028
8,Trans,NA,7027
8,Trans,NA,7161
8,Trans,NA,7299
8,Trans,NA,7298
8,Trans,NA,7422
8,Trans,NA,7417
8,Trans,NA,7399
8,Trans,NA,7398
8,Trans,NA,7370
8,Trans,NA,7339
8,Trans,NA,7304
8,Trans,NA,7305
8,End,NA,7276
9,Taxi,NA,10029
9,Trans,NA,10078
9,Trans,NA,10077
9,Trans,NA,9992
9,Trans,NA,9947
9,Trans,NA,9758
9,Trans,NA,9697
9,Trans,NA,9696
9,Trans,NA,9598
9,Trans,NA,9569
9,Trans,NA,9407
9,Trans,NA,9308
9,Trans,NA,9363
9,Trans,NA,9413
9,Trans,NA,9411
9,Trans,NA,9094
9,Trans,NA,8584
9,Trans,NA,8587
9,Trans,NA,8080
9,Trans,NA,8079
9,Trans,NA,8054
9,Trans,NA,8036
9,Trans,NA,8037
9,Trans,NA,8020
9,Trans,NA,7941
9,Trans,NA,7917
9,Trans,NA,7887
9,Trans,NA,7886
9,Trans,NA,7861
9,Trans,NA,7702
9,Trans,NA,7417
9,Trans,NA,7422
9,Trans,NA,7298
9,Trans,NA,7299
9,Trans,NA,7161
9,Trans,NA,7027
9,Trans,NA,7028
9,Trans,NA,6949
9,Trans,NA,6896
9,Trans,NA,6953
9,Trans,NA,6958
9,Trans,NA,6984
9,Trans,NA,6625
9,Trans,NA,6624
9,Trans,NA,6480
9,Trans,NA,6268
9,Trans,NA,6048
9,Trans,NA,5348
9,Trans,NA,5347
9,Trans,NA,5152
9,Trans,NA,4947
9,Trans,NA,4538
9,Trans,NA,4362
9,Trans,NA,4235
9,Trans,NA,4173
9,Trans,NA,4155
9,Trans,NA,4025
9,Trans,NA,3804
9,Trans,NA,3640
9,Trans,NA,3491
9,Trans,NA,3385
9,Trans,NA,3314
9,Trans,NA,3001
9,Trans,NA,2887
9,Trans,NA,2576
9,Trans,NA,2523
9,Trans,NA,2484
9,Trans,NA,2455
9,Trans,NA,2489
9,Trans,NA,2465
9,Trans,NA,2463
9,Trans,NA,2458
9,Trans,NA,2312
9,Trans,NA,2311
9,Trans,NA,2256
9,Trans,NA,2252
9,Trans,NA,2277
9,Trans,NA,2278
9,Trans,NA,2177
9,Trans,NA,2145
9,Trans,NA,2144
9,Trans,NA,2076
9,Trans,NA,2028
9,Trans,NA,1950
9,Trans,NA,1973
9,Trans,NA,1974
9,Trans,NA,1980
9,Trans,NA,1975
9,Trans,NA,1992
9,Trans,NA,1897
9,Trans,NA,1887
9,Trans,NA,1850
9,Trans,NA,1799
9,Trans,NA,1798
9,Trans,NA,1905
9,Trans,NA,1916
9,Trans,NA,2079
9,Trans,NA,2169
9,Trans,NA,2170
9,Start,48,2170
9,Trans,NA,2169
9,Trans,NA,2079
9,Trans,NA,1916
9,Trans,NA,1905
9,Trans,NA,1798
9,Trans,NA,1799
9,Trans,NA,1850
9,Trans,NA,1887
9,Trans,NA,1897
9,Trans,NA,1992
9,Trans,NA,1975
9,Trans,NA,1980
9,Trans,NA,1974
9,Trans,NA,1973
9,Trans,NA,1950
9,Trans,NA,2028
9,Trans,NA,2076
9,Trans,NA,2144
9,Trans,NA,2145
9,Trans,NA,2177
9,Trans,NA,2278
9,Trans,NA,2277
9,Trans,NA,2252
9,Trans,NA,2256
9,Trans,NA,2311
9,Trans,NA,2312
9,Trans,NA,2458
9,Trans,NA,2463
9,Trans,NA,2465
9,Trans,NA,2489
9,Trans,NA,2455
9,Trans,NA,2484
9,Trans,NA,2523
9,Trans,NA,2576
9,Trans,NA,2887
9,Trans,NA,3001
9,Trans,NA,3314
9,Trans,NA,3385
9,Trans,NA,3491
9,Trans,NA,3640
9,Trans,NA,3804
9,Trans,NA,4025
9,Trans,NA,4155
9,Trans,NA,4173
9,Trans,NA,4235
9,Trans,NA,4362
9,Trans,NA,4538
9,Trans,NA,4947
9,Trans,NA,5152
9,Trans,NA,5347
9,Trans,NA,5348
9,Trans,NA,6048
9,Trans,NA,6268
9,Trans,NA,6480
9,Trans,NA,6624
9,Trans,NA,6625
9,Trans,NA,6984
9,Trans,NA,6958
9,Trans,NA,6953
9,Trans,NA,6896
9,Trans,NA,6949
9,Trans,NA,7028
9,Trans,NA,7027
9,Trans,NA,7161
9,Trans,NA,7299
9,Trans,NA,7298
9,Trans,NA,7422
9,Trans,NA,7417
9,Trans,NA,7702
9,Trans,NA,7861
9,Trans,NA,7886
9,Trans,NA,7887
9,Trans,NA,7917
9,Trans,NA,7941
9,Trans,NA,8020
9,Trans,NA,8037
9,Trans,NA,8036
9,Trans,NA,8054
9,Trans,NA,8079
9,Trans,NA,8080
9,Trans,NA,8587
9,Trans,NA,8585
9,Trans,NA,8628
9,Trans,NA,8627
9,Trans,NA,8657
9,Trans,NA,8655
9,Trans,NA,8756
9,Trans,NA,8754
9,Trans,NA,8800
9,Trans,NA,8863
9,Trans,NA,8913
9,Trans,NA,9052
9,Trans,NA,9053
9,Trans,NA,9203
9,Trans,NA,9202
9,Trans,NA,9295
9,Trans,NA,9376
9,End,NA,9511
10,Taxi,NA,3504
10,Trans,NA,3481
10,Trans,NA,3482
10,Trans,NA,3693
10,Trans,NA,3725
10,Trans,NA,3790
10,Trans,NA,3907
10,Trans,NA,4012
10,Trans,NA,4011
10,Trans,NA,4114
10,Trans,NA,4178
10,Trans,NA,4276
10,Trans,NA,4303
10,Trans,NA,4304
10,Trans,NA,4426
10,Trans,NA,4475
10,Trans,NA,4474
10,Trans,NA,4700
10,Trans,NA,4746
10,Trans,NA,4745
10,Trans,NA,4797
10,Trans,NA,4938
10,Trans,NA,5078
10,Trans,NA,5086
10,Trans,NA,5087
10,Trans,NA,5196
10,Trans,NA,5265
10,Start,43,5265
10,Trans,NA,5195
10,Trans,NA,5112
10,Trans,NA,5079
10,Trans,NA,4890
10,Trans,NA,4865
10,Trans,NA,4864
10,Trans,NA,4576
10,Trans,NA,4536
10,Trans,NA,4498
10,Trans,NA,4479
10,Trans,NA,4463
10,Trans,NA,4455
10,Trans,NA,4452
10,Trans,NA,4428
10,Trans,NA,4425
10,Trans,NA,4409
10,Trans,NA,4413
10,Trans,NA,4448
10,Trans,NA,4449
10,Trans,NA,4947
10,Trans,NA,5152
10,Trans,NA,5347
10,Trans,NA,5348
10,Trans,NA,6048
10,Trans,NA,6268
10,Trans,NA,6480
10,Trans,NA,6624
10,Trans,NA,6625
10,Trans,NA,6984
10,Trans,NA,6958
10,Trans,NA,6953
10,Trans,NA,6896
10,Trans,NA,6949
10,Trans,NA,7028
10,Trans,NA,7027
10,Trans,NA,7161
10,Trans,NA,7299
10,Trans,NA,7298
10,Trans,NA,7387
10,Trans,NA,7382
10,Trans,NA,7420
10,Trans,NA,7454
10,Trans,NA,7504
10,Trans,NA,7371
10,Trans,NA,7407
10,Trans,NA,7406
10,Trans,NA,7265
10,Trans,NA,7266
10,Trans,NA,7207
10,Trans,NA,7157
10,Trans,NA,7110
10,Trans,NA,6990
10,Trans,NA,6573
10,Trans,NA,6572
10,Trans,NA,6447
10,Trans,NA,6234
10,Trans,NA,6294
10,Trans,NA,6295
10,Trans,NA,6211
10,Trans,NA,6025
10,Trans,NA,5905
10,Trans,NA,5906
10,Trans,NA,5674
10,End,NA,5652
11,Taxi,NA,1576
11,Trans,NA,1577
11,Trans,NA,1516
11,Trans,NA,1515
11,Trans,NA,1481
11,Trans,NA,1432
11,Trans,NA,1402
11,Trans,NA,1403
11,Trans,NA,1571
11,Trans,NA,1695
11,Trans,NA,1809
11,Trans,NA,1869
11,Trans,NA,1870
11,Trans,NA,1927
11,Trans,NA,1966
11,Trans,NA,1999
11,Trans,NA,2060
11,Trans,NA,2059
11,Trans,NA,2195
11,Trans,NA,2222
11,Trans,NA,2223
11,Trans,NA,2283
11,Trans,NA,2354
11,Trans,NA,2447
11,Trans,NA,2471
11,Trans,NA,2514
11,Trans,NA,2546
11,Trans,NA,2547
11,Trans,NA,2577
11,Trans,NA,2705
11,Trans,NA,2806
11,Trans,NA,2835
11,Trans,NA,3002
11,Trans,NA,3314
11,Trans,NA,3385
11,Trans,NA,3491
11,Trans,NA,3640
11,Trans,NA,3804
11,Trans,NA,4025
11,Trans,NA,4024
11,Trans,NA,3930
11,Trans,NA,3929
11,Trans,NA,3922
11,Start,2,3922
11,Trans,NA,3929
11,Trans,NA,3930
11,Trans,NA,4024
11,Trans,NA,4025
11,Trans,NA,3804
11,Trans,NA,3640
11,Trans,NA,3491
11,Trans,NA,3385
11,Trans,NA,3314
11,Trans,NA,3002
11,Trans,NA,2835
11,Trans,NA,2806
11,Trans,NA,2705
11,Trans,NA,2577
11,Trans,NA,2547
11,Trans,NA,2546
11,Trans,NA,2514
11,Trans,NA,2471
11,Trans,NA,2447
11,Trans,NA,2432
11,Trans,NA,2413
11,Trans,NA,2414
11,Trans,NA,2401
11,Trans,NA,2386
11,Trans,NA,2374
11,Trans,NA,2373
11,Trans,NA,2364
11,Trans,NA,2275
11,Trans,NA,2429
11,Trans,NA,2478
11,Trans,NA,2635
11,Trans,NA,2802
11,Trans,NA,2803
11,Trans,NA,2961
11,Trans,NA,3124
11,Trans,NA,3249
11,Trans,NA,3250
11,Trans,NA,3382
11,Trans,NA,3458
11,Trans,NA,3613
11,Trans,NA,3706
11,Trans,NA,3796
11,Trans,NA,3860
11,Trans,NA,3905
11,Trans,NA,3939
11,Trans,NA,4000
11,Trans,NA,4113
11,Trans,NA,4547
11,Trans,NA,4885
11,Trans,NA,4886
11,Trans,NA,4701
11,Trans,NA,4596
11,Trans,NA,4630
11,Trans,NA,4631
11,Trans,NA,4795
11,Trans,NA,4905
11,Trans,NA,4961
11,Trans,NA,4962
11,Trans,NA,4991
11,Trans,NA,5008
11,End,NA,5007
12,Taxi,NA,6105
12,Trans,NA,6081
12,Trans,NA,6137
12,Trans,NA,6201
12,Trans,NA,6252
12,Trans,NA,6319
12,Trans,NA,6378
12,Trans,NA,6458
12,Trans,NA,6457
12,Trans,NA,6584
12,Trans,NA,6643
12,Trans,NA,6715
12,Trans,NA,6925
12,Trans,NA,6924
12,Trans,NA,6786
12,Trans,NA,6785
12,Trans,NA,6602
12,Trans,NA,6867
12,Trans,NA,7030
12,Trans,NA,6612
12,Trans,NA,6254
12,Trans,NA,6255
12,Trans,NA,5908
12,Trans,NA,5818
12,Trans,NA,5817
12,Trans,NA,5756
12,Trans,NA,5709
12,Trans,NA,5695
12,Trans,NA,5601
12,Trans,NA,5600
12,Trans,NA,5527
12,Trans,NA,5316
12,Trans,NA,5148
12,Trans,NA,4844
12,Trans,NA,4730
12,Trans,NA,4704
12,Trans,NA,4322
12,Trans,NA,4323
12,Trans,NA,4185
12,Trans,NA,4070
12,Trans,NA,3960
12,Trans,NA,3821
12,Trans,NA,3378
12,Trans,NA,3379
12,Trans,NA,3216
12,Trans,NA,3146
12,Trans,NA,2974
12,Trans,NA,2943
12,Trans,NA,2942
12,Trans,NA,2637
12,Trans,NA,2636
12,Trans,NA,2561
12,Trans,NA,2481
12,Trans,NA,2049
12,Trans,NA,2143
12,Trans,NA,2144
12,Trans,NA,2076
12,Trans,NA,2028
12,Trans,NA,1950
12,Trans,NA,1949
12,Trans,NA,1926
12,Trans,NA,1918
12,Trans,NA,1765
12,Trans,NA,1620
12,Trans,NA,1619
12,Trans,NA,1456
12,Trans,NA,1370
12,Trans,NA,1307
12,Trans,NA,1259
12,Trans,NA,1233
12,Trans,NA,1231
12,Trans,NA,1239
12,Trans,NA,1223
12,Trans,NA,1224
12,Trans,NA,1202
12,Trans,NA,1193
12,Trans,NA,1169
12,Trans,NA,1161
12,Trans,NA,1160
12,Trans,NA,1132
12,Trans,NA,970
12,Trans,NA,969
12,Trans,NA,1321
12,Trans,NA,1322
12,Trans,NA,1571
12,Trans,NA,1695
12,Trans,NA,1656
12,Trans,NA,1652
12,Trans,NA,1647
12,Trans,NA,1648
12,Trans,NA,1658
12,Trans,NA,1697
12,Trans,NA,1684
12,Start,22,1684
12,Trans,NA,1697
12,Trans,NA,1698
12,Trans,NA,1732
12,Trans,NA,1733
12,Trans,NA,1725
12,Trans,NA,1726
12,Trans,NA,1895
12,Trans,NA,1951
12,Trans,NA,2124
12,Trans,NA,2125
12,Trans,NA,2429
12,Trans,NA,2478
12,Trans,NA,2635
12,Trans,NA,2802
12,Trans,NA,2803
12,Trans,NA,2961
12,Trans,NA,3124
12,Trans,NA,3249
12,Trans,NA,3250
12,Trans,NA,3382
12,Trans,NA,3458
12,Trans,NA,3613
12,Trans,NA,3706
12,Trans,NA,3796
12,Trans,NA,3860
12,Trans,NA,3905
12,Trans,NA,3939
12,Trans,NA,4000
12,Trans,NA,4113
12,Trans,NA,4547
12,Trans,NA,4885
12,Trans,NA,5174
12,Trans,NA,5345
12,Trans,NA,5412
12,Trans,NA,5414
12,Trans,NA,5541
12,Trans,NA,5833
12,Trans,NA,5832
12,Trans,NA,5906
12,Trans,NA,5905
12,Trans,NA,6025
12,Trans,NA,6211
12,Trans,NA,6295
12,Trans,NA,6294
12,Trans,NA,6234
12,Trans,NA,6447
12,Trans,NA,6572
12,Trans,NA,6573
12,Trans,NA,6990
12,Trans,NA,7110
12,Trans,NA,7157
12,Trans,NA,7207
12,Trans,NA,7266
12,Trans,NA,7265
12,Trans,NA,7406
12,Trans,NA,7407
12,Trans,NA,7371
12,Trans,NA,7504
12,Trans,NA,7454
12,Trans,NA,7420
12,Trans,NA,7419
12,Trans,NA,7417
12,Trans,NA,7702
12,Trans,NA,7861
12,Trans,NA,7886
12,Trans,NA,7887
12,Trans,NA,7917
12,Trans,NA,7941
12,Trans,NA,8020
12,Trans,NA,8037
12,Trans,NA,8036
12,Trans,NA,8054
12,Trans,NA,8079
12,Trans,NA,8080
12,Trans,NA,8587
12,Trans,NA,8585
12,Trans,NA,8628
12,Trans,NA,8627
12,Trans,NA,8657
12,Trans,NA,8655
12,Trans,NA,8756
12,Trans,NA,8754
12,Trans,NA,8800
12,Trans,NA,8863
12,Trans,NA,8913
12,Trans,NA,9052
12,Trans,NA,9053
12,Trans,NA,9203
12,Trans,NA,9202
12,Trans,NA,9295
12,Trans,NA,9369
12,Trans,NA,9383
12,End,NA,9384
13,Taxi,NA,8133
13,Trans,NA,8089
13,Trans,NA,8088
13,Trans,NA,8053
13,Trans,NA,8001
13,Trans,NA,7937
13,Trans,NA,7898
13,Trans,NA,7897
13,Trans,NA,7879
13,Trans,NA,7878
13,Trans,NA,7868
13,Trans,NA,7772
13,Trans,NA,7672
13,Trans,NA,7636
13,Trans,NA,7515
13,Trans,NA,7516
13,Trans,NA,7483
13,Trans,NA,7242
13,Trans,NA,7241
13,Trans,NA,7078
13,Trans,NA,7077
13,Trans,NA,7125
13,Trans,NA,7191
13,Trans,NA,7232
13,Trans,NA,7231
13,Trans,NA,6979
13,Trans,NA,6980
13,Trans,NA,6704
13,Trans,NA,6703
13,Trans,NA,6599
13,Trans,NA,6427
13,Trans,NA,6428
13,Trans,NA,6483
13,Trans,NA,6505
13,Trans,NA,6537
13,Trans,NA,6643
13,Trans,NA,6715
13,Trans,NA,6925
13,Trans,NA,6924
13,Trans,NA,6786
13,Trans,NA,6785
13,Trans,NA,6602
13,Trans,NA,6867
13,Trans,NA,7030
13,Trans,NA,6612
13,Trans,NA,6254
13,Trans,NA,6255
13,Trans,NA,5908
13,Trans,NA,5818
13,Trans,NA,5817
13,Trans,NA,5756
13,Trans,NA,5709
13,Trans,NA,5695
13,Trans,NA,5601
13,Trans,NA,5600
13,Trans,NA,5527
13,Trans,NA,5316
13,Trans,NA,5148
13,Trans,NA,4844
13,Trans,NA,4730
13,Trans,NA,4704
13,Trans,NA,4322
13,Trans,NA,4323
13,Trans,NA,4185
13,Trans,NA,4070
13,Trans,NA,3960
13,Trans,NA,3821
13,Trans,NA,3378
13,Trans,NA,3379
13,Trans,NA,3216
13,Trans,NA,3146
13,Trans,NA,3183
13,Trans,NA,3296
13,Trans,NA,3295
13,Trans,NA,3343
13,Trans,NA,3342
13,Trans,NA,3369
13,Trans,NA,3370
13,Trans,NA,3450
13,Trans,NA,3470
13,Trans,NA,3469
13,Trans,NA,3481
13,Trans,NA,3504
13,Trans,NA,3527
13,Trans,NA,3526
13,Trans,NA,3620
13,Trans,NA,3647
13,Start,52,3647
13,Trans,NA,3620
13,Trans,NA,3526
13,Trans,NA,3527
13,Trans,NA,3504
13,Trans,NA,3481
13,Trans,NA,3482
13,Trans,NA,3693
13,Trans,NA,3725
13,Trans,NA,3790
13,Trans,NA,3907
13,Trans,NA,4012
13,Trans,NA,4011
13,Trans,NA,4114
13,Trans,NA,4178
13,Trans,NA,4276
13,Trans,NA,4303
13,Trans,NA,4304
13,Trans,NA,4426
13,Trans,NA,4475
13,Trans,NA,4474
13,Trans,NA,4700
13,Trans,NA,4746
13,Trans,NA,4745
13,Trans,NA,4797
13,Trans,NA,4938
13,Trans,NA,5078
13,Trans,NA,5086
13,Trans,NA,5087
13,Trans,NA,5196
13,Trans,NA,5195
13,Trans,NA,5112
13,Trans,NA,5079
13,Trans,NA,4890
13,Trans,NA,4865
13,Trans,NA,4864
13,Trans,NA,4576
13,Trans,NA,4536
13,Trans,NA,4498
13,Trans,NA,4479
13,Trans,NA,4463
13,Trans,NA,4455
13,Trans,NA,4452
13,Trans,NA,4428
13,Trans,NA,4425
13,Trans,NA,4409
13,Trans,NA,4413
13,Trans,NA,4448
13,Trans,NA,4449
13,Trans,NA,4947
13,Trans,NA,5152
13,Trans,NA,5347
13,Trans,NA,5348
13,Trans,NA,6048
13,Trans,NA,6268
13,Trans,NA,6480
13,Trans,NA,6624
13,Trans,NA,6625
13,Trans,NA,6984
13,Trans,NA,6958
13,Trans,NA,6953
13,Trans,NA,6896
13,Trans,NA,6949
13,Trans,NA,7028
13,Trans,NA,7027
13,Trans,NA,7161
13,Trans,NA,7299
13,Trans,NA,7298
13,Trans,NA,7422
13,Trans,NA,7417
13,Trans,NA,7702
13,Trans,NA,7861
13,Trans,NA,7886
13,Trans,NA,7887
13,Trans,NA,7917
13,Trans,NA,7941
13,Trans,NA,8020
13,Trans,NA,8037
13,Trans,NA,8036
13,Trans,NA,8054
13,Trans,NA,8079
13,Trans,NA,8080
13,Trans,NA,8587
13,Trans,NA,8584
13,Trans,NA,9094
13,Trans,NA,9411
13,Trans,NA,9413
13,Trans,NA,9363
13,Trans,NA,9308
13,Trans,NA,9407
13,Trans,NA,9569
13,Trans,NA,9598
13,Trans,NA,9696
13,Trans,NA,9697
13,Trans,NA,9758
13,Trans,NA,9937
13,Trans,NA,9957
13,Trans,NA,10058
13,Trans,NA,10057
13,Trans,NA,10188
13,Trans,NA,10190
13,Trans,NA,10191
13,Trans,NA,10232
13,Trans,NA,10256
13,Trans,NA,10288
13,Trans,NA,10287
13,Trans,NA,10343
13,Trans,NA,10410
13,Trans,NA,10411
13,Trans,NA,10447
13,Trans,NA,10522
13,Trans,NA,10679
13,Trans,NA,10779
13,Trans,NA,10835
13,Trans,NA,10874
13,Trans,NA,10876
13,Trans,NA,10929
13,Trans,NA,10930
13,Trans,NA,10964
13,Trans,NA,10995
13,Trans,NA,11021
13,Trans,NA,11087
13,Trans,NA,11111
13,Trans,NA,11093
13,Trans,NA,11092
13,Trans,NA,11108
13,Trans,NA,11102
13,Trans,NA,11082
13,Trans,NA,11081
13,End,NA,11066
14,Taxi,NA,763
14,Trans,NA,758
14,Trans,NA,748
14,Trans,NA,733
14,Trans,NA,715
14,Trans,NA,711
14,Trans,NA,699
14,Trans,NA,694
14,Trans,NA,693
14,Trans,NA,686
14,Trans,NA,653
14,Trans,NA,645
14,Trans,NA,638
14,Trans,NA,637
14,Trans,NA,609
14,Trans,NA,617
14,Trans,NA,644
14,Trans,NA,643
14,Trans,NA,844
14,Trans,NA,1321
14,Trans,NA,1322
14,Trans,NA,1571
14,Trans,NA,1695
14,Trans,NA,1809
14,Trans,NA,1869
14,Trans,NA,1870
14,Trans,NA,1927
14,Trans,NA,1966
14,Trans,NA,1999
14,Trans,NA,2060
14,Trans,NA,2059
14,Trans,NA,2195
14,Trans,NA,2222
14,Trans,NA,2223
14,Trans,NA,2283
14,Trans,NA,2354
14,Trans,NA,2447
14,Trans,NA,2471
14,Trans,NA,2514
14,Trans,NA,2546
14,Trans,NA,2547
14,Trans,NA,2577
14,Trans,NA,2705
14,Trans,NA,2806
14,Trans,NA,2835
14,Trans,NA,3002
14,Trans,NA,3314
14,Trans,NA,3385
14,Trans,NA,3491
14,Trans,NA,3640
14,Trans,NA,3804
14,Trans,NA,4025
14,Trans,NA,4155
14,Trans,NA,4173
14,Trans,NA,4235
14,Trans,NA,4362
14,Trans,NA,4538
14,Trans,NA,4947
14,Trans,NA,5152
14,Trans,NA,5347
14,Trans,NA,5407
14,Trans,NA,5433
14,Trans,NA,5474
14,Trans,NA,5529
14,Trans,NA,5528
14,Trans,NA,5693
14,Trans,NA,5692
14,Trans,NA,5757
14,Trans,NA,5925
14,Trans,NA,6022
14,Trans,NA,6024
14,Trans,NA,6019
14,Trans,NA,5979
14,Trans,NA,5978
14,Trans,NA,5879
14,Trans,NA,5878
14,Trans,NA,5988
14,Start,46,5988
14,Trans,NA,5878
14,Trans,NA,5879
14,Trans,NA,5978
14,Trans,NA,5979
14,Trans,NA,6019
14,Trans,NA,6024
14,Trans,NA,6022
14,Trans,NA,5925
14,Trans,NA,5757
14,Trans,NA,5692
14,Trans,NA,5693
14,Trans,NA,5528
14,Trans,NA,5529
14,Trans,NA,5474
14,Trans,NA,5433
14,Trans,NA,5407
14,Trans,NA,5347
14,Trans,NA,5152
14,Trans,NA,4947
14,Trans,NA,4449
14,Trans,NA,4448
14,Trans,NA,4413
14,Trans,NA,4409
14,Trans,NA,4425
14,Trans,NA,4428
14,Trans,NA,4452
14,Trans,NA,4455
14,Trans,NA,4463
14,Trans,NA,4479
14,Trans,NA,4498
14,Trans,NA,4536
14,Trans,NA,4576
14,Trans,NA,4864
14,Trans,NA,4865
14,Trans,NA,4890
14,Trans,NA,5079
14,Trans,NA,5112
14,Trans,NA,5195
14,Trans,NA,5196
14,Trans,NA,5087
14,Trans,NA,5086
14,Trans,NA,5078
14,Trans,NA,4938
14,Trans,NA,4797
14,Trans,NA,4745
14,Trans,NA,4709
14,Trans,NA,4710
14,Trans,NA,4707
14,Trans,NA,4720
14,Trans,NA,4731
14,Trans,NA,4732
14,Trans,NA,4833
14,Trans,NA,4834
14,Trans,NA,4851
14,Trans,NA,4893
14,Trans,NA,4894
14,Trans,NA,4879
14,Trans,NA,4895
14,Trans,NA,4896
14,Trans,NA,4651
14,Trans,NA,4650
14,Trans,NA,4552
14,Trans,NA,4402
14,Trans,NA,4374
14,Trans,NA,4375
14,Trans,NA,4326
14,Trans,NA,4324
14,Trans,NA,4322
14,Trans,NA,4704
14,Trans,NA,4730
14,Trans,NA,4844
14,Trans,NA,5148
14,Trans,NA,5316
14,Trans,NA,5527
14,Trans,NA,5600
14,Trans,NA,5601
14,Trans,NA,5695
14,Trans,NA,5709
14,Trans,NA,5756
14,Trans,NA,5817
14,End,NA,5751
15,Taxi,NA,3484
15,Trans,NA,3578
15,Trans,NA,3577
15,Trans,NA,3618
15,Trans,NA,3564
15,Trans,NA,3776
15,Trans,NA,3856
15,Trans,NA,3893
15,Trans,NA,3892
15,Trans,NA,3873
15,Trans,NA,3865
15,Trans,NA,3855
15,Trans,NA,4008
15,Trans,NA,4073
15,Trans,NA,4225
15,Trans,NA,4285
15,Trans,NA,4492
15,Trans,NA,4500
15,Trans,NA,4499
15,Trans,NA,4697
15,Trans,NA,4698
15,Trans,NA,4882
15,Trans,NA,5007
15,Trans,NA,5008
15,Trans,NA,4991
15,Trans,NA,4962
15,Trans,NA,4961
15,Trans,NA,4905
15,Trans,NA,4795
15,Trans,NA,4631
15,Trans,NA,4630
15,Trans,NA,4596
15,Trans,NA,4701
15,Trans,NA,4886
15,Trans,NA,5174
15,Trans,NA,5345
15,Trans,NA,5412
15,Trans,NA,5414
15,Trans,NA,5541
15,Trans,NA,5833
15,Trans,NA,5832
15,Trans,NA,5906
15,Trans,NA,5905
15,Trans,NA,6231
15,Trans,NA,6232
15,Trans,NA,6476
15,Trans,NA,6475
15,Trans,NA,6846
15,Trans,NA,7069
15,Trans,NA,7068
15,Trans,NA,7200
15,Trans,NA,7307
15,Trans,NA,7461
15,Trans,NA,7756
15,Trans,NA,7955
15,Trans,NA,7996
15,Trans,NA,8140
15,Trans,NA,8381
15,Trans,NA,8515
15,Trans,NA,8516
15,Trans,NA,8675
15,Trans,NA,8674
15,Trans,NA,8716
15,Trans,NA,8715
15,Trans,NA,8643
15,Trans,NA,8530
15,Trans,NA,8528
15,Trans,NA,8517
15,Trans,NA,8501
15,Start,43,8501
15,Trans,NA,8566
15,Trans,NA,8524
15,Trans,NA,8526
15,Trans,NA,8527
15,Trans,NA,8573
15,Trans,NA,8623
15,Trans,NA,8465
15,Trans,NA,8292
15,Trans,NA,8373
15,Trans,NA,8273
15,Trans,NA,8163
15,Trans,NA,8164
15,Trans,NA,8035
15,Trans,NA,7984
15,Trans,NA,7985
15,Trans,NA,7943
15,Trans,NA,7861
15,Trans,NA,7702
15,Trans,NA,7417
15,Trans,NA,7422
15,Trans,NA,7298
15,Trans,NA,7299
15,Trans,NA,7161
15,Trans,NA,7027
15,Trans,NA,7028
15,Trans,NA,6949
15,Trans,NA,6896
15,Trans,NA,6953
15,Trans,NA,6958
15,Trans,NA,6984
15,Trans,NA,6625
15,Trans,NA,6624
15,Trans,NA,6480
15,Trans,NA,6268
15,Trans,NA,6048
15,Trans,NA,5348
15,Trans,NA,5347
15,Trans,NA,5152
15,Trans,NA,4947
15,Trans,NA,4538
15,Trans,NA,4362
15,Trans,NA,4235
15,Trans,NA,4173
15,Trans,NA,4155
15,Trans,NA,4025
15,Trans,NA,3804
15,Trans,NA,3640
15,Trans,NA,3491
15,Trans,NA,3385
15,Trans,NA,3314
15,Trans,NA,3001
15,Trans,NA,2887
15,Trans,NA,2576
15,Trans,NA,2523
15,Trans,NA,2484
15,Trans,NA,2455
15,Trans,NA,2489
15,Trans,NA,2465
15,Trans,NA,2463
15,Trans,NA,2458
15,Trans,NA,2312
15,Trans,NA,2311
15,Trans,NA,2256
15,Trans,NA,2252
15,Trans,NA,2277
15,Trans,NA,2278
15,Trans,NA,2177
15,Trans,NA,2145
15,Trans,NA,2143
15,Trans,NA,1946
15,Trans,NA,1947
15,Trans,NA,1909
15,Trans,NA,1865
15,Trans,NA,1795
15,Trans,NA,1722
15,Trans,NA,1655
15,Trans,NA,1567
15,Trans,NA,1568
15,Trans,NA,1451
15,Trans,NA,1394
15,Trans,NA,1381
15,Trans,NA,1310
15,Trans,NA,1312
15,Trans,NA,1216
15,Trans,NA,1208
15,Trans,NA,1203
15,Trans,NA,1197
15,Trans,NA,1189
15,Trans,NA,1185
15,Trans,NA,1179
15,Trans,NA,1175
15,Trans,NA,1166
15,Trans,NA,1164
15,Trans,NA,1153
15,Trans,NA,1116
15,Trans,NA,1084
15,Trans,NA,1080
15,Trans,NA,1081
15,End,NA,1096
16,Taxi,NA,1951
16,Trans,NA,1895
16,Trans,NA,1726
16,Trans,NA,1725
16,Trans,NA,1733
16,Trans,NA,1732
16,Trans,NA,1698
16,Trans,NA,1697
16,Trans,NA,1684
16,Trans,NA,1685
16,Trans,NA,1616
16,Trans,NA,1497
16,Trans,NA,1450
16,Trans,NA,1434
16,Trans,NA,1433
16,Trans,NA,1362
16,Trans,NA,1361
16,Trans,NA,1373
16,Trans,NA,1374
16,Trans,NA,1491
16,Trans,NA,1492
16,Trans,NA,1546
16,Trans,NA,1545
16,Trans,NA,1478
16,Trans,NA,1466
16,Trans,NA,1494
16,Trans,NA,1495
16,Trans,NA,1444
16,Trans,NA,1443
16,Trans,NA,1299
16,Trans,NA,1254
16,Trans,NA,1204
16,Trans,NA,1205
16,Trans,NA,1192
16,Trans,NA,1168
16,Trans,NA,1152
16,Trans,NA,1113
16,Trans,NA,1114
16,Trans,NA,1070
16,Trans,NA,1071
16,Trans,NA,981
16,Trans,NA,928
16,Trans,NA,927
16,Trans,NA,889
16,Trans,NA,833
16,Trans,NA,818
16,Trans,NA,840
16,Trans,NA,839
16,Trans,NA,858
16,Trans,NA,857
16,Trans,NA,852
16,Trans,NA,853
16,Trans,NA,887
16,Start,32,887
16,Trans,NA,853
16,Trans,NA,852
16,Trans,NA,857
16,Trans,NA,858
16,Trans,NA,839
16,Trans,NA,840
16,Trans,NA,818
16,Trans,NA,805
16,Trans,NA,804
16,Trans,NA,764
16,Trans,NA,743
16,Trans,NA,744
16,Trans,NA,763
16,Trans,NA,758
16,Trans,NA,748
16,Trans,NA,733
16,Trans,NA,715
16,Trans,NA,711
16,Trans,NA,699
16,Trans,NA,694
16,Trans,NA,693
16,Trans,NA,686
16,Trans,NA,653
16,Trans,NA,645
16,Trans,NA,638
16,Trans,NA,637
16,Trans,NA,609
16,Trans,NA,617
16,Trans,NA,644
16,Trans,NA,643
16,Trans,NA,844
16,Trans,NA,1321
16,Trans,NA,1322
16,Trans,NA,1571
16,Trans,NA,1695
16,Trans,NA,1809
16,Trans,NA,1869
16,Trans,NA,1870
16,Trans,NA,1927
16,Trans,NA,1966
16,Trans,NA,1999
16,Trans,NA,2060
16,Trans,NA,2059
16,Trans,NA,2195
16,Trans,NA,2222
16,Trans,NA,2223
16,Trans,NA,2283
16,Trans,NA,2354
16,Trans,NA,2447
16,Trans,NA,2471
16,Trans,NA,2514
16,Trans,NA,2546
16,Trans,NA,2547
16,Trans,NA,2577
16,Trans,NA,2705
16,Trans,NA,2806
16,Trans,NA,2835
16,Trans,NA,3002
16,Trans,NA,3314
16,Trans,NA,3385
16,Trans,NA,3491
16,Trans,NA,3640
16,Trans,NA,3804
16,Trans,NA,4025
16,Trans,NA,4155
16,Trans,NA,4173
16,Trans,NA,4235
16,Trans,NA,4362
16,Trans,NA,4538
16,Trans,NA,4947
16,Trans,NA,5152
16,Trans,NA,5347
16,Trans,NA,5348
16,Trans,NA,6048
16,Trans,NA,6268
16,Trans,NA,6480
16,Trans,NA,6624
16,Trans,NA,6625
16,Trans,NA,6984
16,Trans,NA,6958
16,Trans,NA,6953
16,Trans,NA,6896
16,Trans,NA,6949
16,Trans,NA,7028
16,Trans,NA,7027
16,Trans,NA,7161
16,Trans,NA,7299
16,Trans,NA,7298
16,Trans,NA,7422
16,Trans,NA,7417
16,Trans,NA,7702
16,Trans,NA,7861
16,Trans,NA,7886
16,Trans,NA,7887
16,Trans,NA,7917
16,Trans,NA,7941
16,Trans,NA,8020
16,Trans,NA,8037
16,Trans,NA,8036
16,Trans,NA,8054
16,Trans,NA,8079
16,Trans,NA,8080
16,Trans,NA,8587
16,Trans,NA,8585
16,Trans,NA,8628
16,Trans,NA,8627
16,Trans,NA,8657
16,Trans,NA,8655
16,Trans,NA,8756
16,Trans,NA,8754
16,Trans,NA,8800
16,Trans,NA,8863
16,Trans,NA,8913
16,Trans,NA,9052
16,Trans,NA,9053
16,Trans,NA,9203
16,Trans,NA,9202
16,Trans,NA,9295
16,Trans,NA,9377
16,Trans,NA,9403
16,Trans,NA,9426
16,Trans,NA,9425
16,Trans,NA,9432
16,Trans,NA,9441
16,Trans,NA,9472
16,Trans,NA,9505
16,Trans,NA,9503
16,Trans,NA,9548
16,Trans,NA,9663
16,Trans,NA,9704
16,Trans,NA,9721
16,Trans,NA,9807
16,End,NA,9833
17,Taxi,NA,697
17,Trans,NA,844
17,Trans,NA,1321
17,Trans,NA,1322
17,Trans,NA,1571
17,Trans,NA,1695
17,Trans,NA,1809
17,Trans,NA,1869
17,Trans,NA,1870
17,Trans,NA,1927
17,Trans,NA,1966
17,Start,51,1999
17,Trans,NA,2060
17,Trans,NA,2059
17,Trans,NA,2195
17,Trans,NA,2222
17,Trans,NA,2223
17,Trans,NA,2283
17,Trans,NA,2354
17,Trans,NA,2447
17,Trans,NA,2471
17,Trans,NA,2514
17,Trans,NA,2546
17,Trans,NA,2547
17,Trans,NA,2577
17,Trans,NA,2705
17,Trans,NA,2806
17,Trans,NA,2835
17,Trans,NA,3002
17,Trans,NA,3001
17,Trans,NA,2887
17,Trans,NA,2576
17,Trans,NA,2523
17,Trans,NA,2484
17,Trans,NA,2455
17,Trans,NA,2489
17,Trans,NA,2465
17,Trans,NA,2463
17,Trans,NA,2458
17,Trans,NA,2312
17,Trans,NA,2311
17,Trans,NA,2256
17,Trans,NA,2252
17,Trans,NA,2277
17,Trans,NA,2278
17,Trans,NA,2177
17,Trans,NA,2145
17,Trans,NA,2143
17,Trans,NA,2049
17,Trans,NA,2481
17,Trans,NA,2561
17,Trans,NA,2636
17,Trans,NA,2637
17,Trans,NA,2942
17,Trans,NA,2943
17,Trans,NA,2974
17,Trans,NA,3146
17,Trans,NA,3216
17,Trans,NA,3379
17,Trans,NA,3378
17,Trans,NA,3821
17,Trans,NA,3960
17,Trans,NA,4070
17,Trans,NA,4185
17,Trans,NA,4323
17,Trans,NA,4322
17,Trans,NA,4704
17,Trans,NA,4730
17,Trans,NA,4844
17,Trans,NA,5148
17,Trans,NA,5316
17,Trans,NA,5527
17,Trans,NA,5600
17,Trans,NA,5601
17,Trans,NA,5695
17,Trans,NA,5709
17,Trans,NA,5756
17,Trans,NA,5817
17,Trans,NA,5818
17,Trans,NA,5908
17,Trans,NA,6255
17,Trans,NA,6254
17,Trans,NA,6612
17,Trans,NA,7030
17,Trans,NA,6867
17,Trans,NA,6602
17,Trans,NA,6785
17,Trans,NA,6786
17,Trans,NA,6924
17,Trans,NA,6925
17,Trans,NA,6715
17,Trans,NA,6643
17,Trans,NA,6584
17,Trans,NA,6457
17,Trans,NA,6458
17,Trans,NA,6378
17,Trans,NA,6319
17,Trans,NA,6252
17,Trans,NA,6201
17,Trans,NA,6137
17,Trans,NA,6081
17,Trans,NA,6105
17,Trans,NA,6104
17,Trans,NA,6192
17,Trans,NA,6213
17,Trans,NA,6275
17,Trans,NA,6346
17,End,NA,6347
18,Taxi,NA,10613
18,Trans,NA,10556
18,Trans,NA,10533
18,Trans,NA,10438
18,Trans,NA,10439
18,Trans,NA,10391
18,Trans,NA,10349
18,Trans,NA,10327
18,Trans,NA,10301
18,Trans,NA,10300
18,Trans,NA,10244
18,Trans,NA,10175
18,Trans,NA,10065
18,Trans,NA,9965
18,Trans,NA,9925
18,Trans,NA,9924
18,Trans,NA,9840
18,Trans,NA,9854
18,Trans,NA,9890
18,Trans,NA,9891
18,Trans,NA,9862
18,Trans,NA,9863
18,Trans,NA,9893
18,Trans,NA,9936
18,Trans,NA,9959
18,Trans,NA,9938
18,Trans,NA,9866
18,Trans,NA,9867
18,Trans,NA,9901
18,Trans,NA,9915
18,Trans,NA,9930
18,Trans,NA,9850
18,Trans,NA,9851
18,Trans,NA,9833
18,Trans,NA,9806
18,Trans,NA,9818
18,Trans,NA,9783
18,Trans,NA,9751
18,Trans,NA,9898
18,Trans,NA,9897
18,Trans,NA,10013
18,Trans,NA,10059
18,Trans,NA,10127
18,Trans,NA,10126
18,Trans,NA,10099
18,Trans,NA,10071
18,Trans,NA,10063
18,Trans,NA,10055
18,Trans,NA,10082
18,Trans,NA,10083
18,Start,31,10083
18,Trans,NA,10082
18,Trans,NA,10055
18,Trans,NA,10063
18,Trans,NA,10071
18,Trans,NA,10099
18,Trans,NA,10126
18,Trans,NA,10127
18,Trans,NA,10059
18,Trans,NA,10013
18,Trans,NA,9897
18,Trans,NA,9898
18,Trans,NA,9750
18,Trans,NA,9653
18,Trans,NA,9557
18,Trans,NA,9538
18,Trans,NA,9447
18,Trans,NA,9437
18,Trans,NA,9379
18,Trans,NA,9366
18,Trans,NA,9335
18,Trans,NA,9299
18,Trans,NA,9300
18,Trans,NA,9249
18,Trans,NA,9157
18,Trans,NA,8990
18,Trans,NA,8932
18,Trans,NA,8934
18,Trans,NA,8733
18,Trans,NA,8722
18,Trans,NA,8562
18,Trans,NA,8560
18,Trans,NA,8554
18,Trans,NA,8717
18,Trans,NA,8704
18,Trans,NA,8695
18,Trans,NA,8696
18,Trans,NA,8678
18,Trans,NA,8679
18,Trans,NA,8513
18,Trans,NA,8494
18,Trans,NA,8434
18,Trans,NA,8378
18,Trans,NA,8331
18,Trans,NA,8188
18,Trans,NA,8103
18,Trans,NA,7997
18,Trans,NA,7935
18,Trans,NA,7839
18,Trans,NA,7840
18,Trans,NA,7475
18,Trans,NA,7452
18,Trans,NA,7355
18,Trans,NA,7231
18,Trans,NA,6979
18,Trans,NA,6980
18,Trans,NA,6704
18,Trans,NA,6703
18,Trans,NA,6599
18,Trans,NA,6427
18,Trans,NA,6426
18,Trans,NA,6222
18,Trans,NA,6223
18,Trans,NA,6122
18,Trans,NA,6093
18,Trans,NA,6032
18,Trans,NA,5963
18,Trans,NA,5915
18,Trans,NA,5874
18,Trans,NA,5840
18,Trans,NA,5839
18,Trans,NA,5769
18,Trans,NA,5713
18,Trans,NA,5678
18,Trans,NA,5605
18,Trans,NA,5467
18,Trans,NA,5484
18,Trans,NA,5379
18,Trans,NA,5378
18,Trans,NA,5210
18,Trans,NA,5095
18,Trans,NA,4975
18,Trans,NA,4879
18,Trans,NA,4894
18,Trans,NA,4893
18,Trans,NA,4851
18,Trans,NA,4834
18,Trans,NA,4833
18,Trans,NA,4732
18,Trans,NA,4731
18,Trans,NA,4720
18,Trans,NA,4706
18,Trans,NA,4640
18,Trans,NA,4431
18,Trans,NA,4379
18,Trans,NA,4439
18,Trans,NA,4476
18,Trans,NA,4539
18,Trans,NA,4540
18,End,NA,4614
19,Taxi,NA,6606
19,Trans,NA,6532
19,Trans,NA,6533
19,Trans,NA,6489
19,Trans,NA,6443
19,Trans,NA,6462
19,Trans,NA,6461
19,Trans,NA,6186
19,Trans,NA,6187
19,Trans,NA,6115
19,Trans,NA,6060
19,Trans,NA,5705
19,Trans,NA,5415
19,Trans,NA,5412
19,Trans,NA,5345
19,Trans,NA,5174
19,Trans,NA,4885
19,Trans,NA,4547
19,Trans,NA,4113
19,Trans,NA,4000
19,Trans,NA,3939
19,Trans,NA,3905
19,Trans,NA,3860
19,Trans,NA,3796
19,Trans,NA,3706
19,Trans,NA,3613
19,Trans,NA,3458
19,Trans,NA,3382
19,Trans,NA,3250
19,Trans,NA,3249
19,Trans,NA,3124
19,Trans,NA,2961
19,Trans,NA,2803
19,Trans,NA,2802
19,Trans,NA,2635
19,Trans,NA,2478
19,Trans,NA,2429
19,Trans,NA,2125
19,Trans,NA,2124
19,Trans,NA,1951
19,Trans,NA,1895
19,Trans,NA,1726
19,Trans,NA,1725
19,Trans,NA,1733
19,Trans,NA,1732
19,Trans,NA,1698
19,Trans,NA,1658
19,Trans,NA,1648
19,Trans,NA,1647
19,Trans,NA,1652
19,Trans,NA,1656
19,Trans,NA,1695
19,Trans,NA,1571
19,Trans,NA,1322
19,Trans,NA,1321
19,Trans,NA,969
19,Trans,NA,970
19,Trans,NA,1132
19,Trans,NA,1160
19,Trans,NA,1161
19,Trans,NA,1169
19,Trans,NA,1193
19,Trans,NA,1202
19,Trans,NA,1224
19,Trans,NA,1223
19,Trans,NA,1256
19,Trans,NA,1325
19,Trans,NA,1462
19,Trans,NA,1460
19,Trans,NA,1539
19,Trans,NA,1581
19,Trans,NA,1663
19,Trans,NA,1799
19,Trans,NA,1850
19,Trans,NA,1887
19,Trans,NA,1901
19,Trans,NA,1900
19,Trans,NA,1917
19,Trans,NA,1994
19,Trans,NA,1995
19,Trans,NA,2071
19,Trans,NA,2179
19,Trans,NA,2205
19,Trans,NA,2241
19,Trans,NA,2290
19,Trans,NA,2236
19,Trans,NA,2253
19,Trans,NA,2254
19,Trans,NA,2326
19,Trans,NA,2328
19,Trans,NA,2306
19,Start,20,2306
19,Trans,NA,2328
19,Trans,NA,2326
19,Trans,NA,2254
19,Trans,NA,2253
19,Trans,NA,2236
19,Trans,NA,2290
19,Trans,NA,2241
19,Trans,NA,2205
19,Trans,NA,2179
19,Trans,NA,2071
19,Trans,NA,1995
19,Trans,NA,1994
19,Trans,NA,1917
19,Trans,NA,1900
19,Trans,NA,1901
19,Trans,NA,1897
19,Trans,NA,1992
19,Trans,NA,1975
19,Trans,NA,1980
19,Trans,NA,1974
19,Trans,NA,1973
19,Trans,NA,1950
19,Trans,NA,2028
19,Trans,NA,2076
19,Trans,NA,2144
19,Trans,NA,2143
19,Trans,NA,2049
19,Trans,NA,2481
19,Trans,NA,2561
19,Trans,NA,2636
19,Trans,NA,2637
19,Trans,NA,2942
19,Trans,NA,2943
19,Trans,NA,2974
19,Trans,NA,3146
19,Trans,NA,3216
19,Trans,NA,3379
19,Trans,NA,3378
19,Trans,NA,3821
19,Trans,NA,3960
19,Trans,NA,4070
19,Trans,NA,4185
19,Trans,NA,4323
19,Trans,NA,4322
19,Trans,NA,4704
19,Trans,NA,4730
19,Trans,NA,4844
19,Trans,NA,5148
19,Trans,NA,5316
19,Trans,NA,5527
19,Trans,NA,5600
19,Trans,NA,5601
19,Trans,NA,5695
19,Trans,NA,5709
19,Trans,NA,5756
19,Trans,NA,5817
19,Trans,NA,5818
19,Trans,NA,5908
19,Trans,NA,6255
19,Trans,NA,6254
19,Trans,NA,6612
19,Trans,NA,7030
19,Trans,NA,6867
19,Trans,NA,6602
19,Trans,NA,6785
19,Trans,NA,6786
19,Trans,NA,6924
19,Trans,NA,6925
19,Trans,NA,6715
19,Trans,NA,6643
19,Trans,NA,6537
19,Trans,NA,6505
19,Trans,NA,6483
19,Trans,NA,6428
19,Trans,NA,6427
19,Trans,NA,6599
19,Trans,NA,6703
19,Trans,NA,6704
19,Trans,NA,6980
19,Trans,NA,6979
19,Trans,NA,7231
19,Trans,NA,7355
19,Trans,NA,7452
19,Trans,NA,7475
19,Trans,NA,7840
19,Trans,NA,7839
19,Trans,NA,7935
19,Trans,NA,7997
19,Trans,NA,8103
19,Trans,NA,8188
19,Trans,NA,8331
19,Trans,NA,8378
19,Trans,NA,8434
19,Trans,NA,8494
19,Trans,NA,8513
19,Trans,NA,8679
19,Trans,NA,8678
19,Trans,NA,8696
19,Trans,NA,8695
19,Trans,NA,8704
19,Trans,NA,8717
19,Trans,NA,8554
19,Trans,NA,8560
19,Trans,NA,8562
19,Trans,NA,8722
19,Trans,NA,8733
19,Trans,NA,8934
19,Trans,NA,8932
19,Trans,NA,8990
19,Trans,NA,9157
19,Trans,NA,9249
19,Trans,NA,9300
19,Trans,NA,9299
19,Trans,NA,9335
19,Trans,NA,9367
19,Trans,NA,9405
19,Trans,NA,9458
19,Trans,NA,9483
19,Trans,NA,9549
19,Trans,NA,9663
19,Trans,NA,9704
19,Trans,NA,9721
19,Trans,NA,9807
19,Trans,NA,9833
19,Trans,NA,9851
19,Trans,NA,9850
19,Trans,NA,9930
19,Trans,NA,9980
19,Trans,NA,9979
19,End,NA,9961
20,Taxi,NA,212
20,Trans,NA,170
20,Trans,NA,147
20,Trans,NA,146
20,Trans,NA,120
20,Trans,NA,68
20,Trans,NA,77
20,Trans,NA,79
20,Trans,NA,92
20,Trans,NA,91
20,Trans,NA,132
20,Trans,NA,133
20,Trans,NA,182
20,Trans,NA,181
20,Trans,NA,162
20,Trans,NA,204
20,Trans,NA,203
20,Trans,NA,232
20,Trans,NA,233
20,Trans,NA,252
20,Trans,NA,262
20,Trans,NA,270
20,Trans,NA,274
20,Trans,NA,289
20,Trans,NA,297
20,Trans,NA,310
20,Trans,NA,322
20,Trans,NA,332
20,Trans,NA,341
20,Trans,NA,384
20,Trans,NA,425
20,Trans,NA,424
20,Trans,NA,449
20,Trans,NA,471
20,Trans,NA,505
20,Trans,NA,523
20,Trans,NA,551
20,Trans,NA,582
20,Trans,NA,619
20,Trans,NA,672
20,Trans,NA,680
20,Trans,NA,674
20,Trans,NA,673
20,Trans,NA,675
20,Trans,NA,677
20,Trans,NA,662
20,Trans,NA,661
20,Trans,NA,650
20,Trans,NA,603
20,Trans,NA,602
20,Trans,NA,596
20,Trans,NA,586
20,Trans,NA,697
20,Trans,NA,844
20,Trans,NA,1321
20,Trans,NA,1322
20,Trans,NA,1571
20,Trans,NA,1695
20,Trans,NA,1809
20,Trans,NA,1869
20,Trans,NA,1870
20,Trans,NA,1927
20,Trans,NA,1966
20,Trans,NA,1999
20,Trans,NA,2060
20,Trans,NA,2137
20,Trans,NA,2189
20,Trans,NA,2190
20,Trans,NA,2284
20,Trans,NA,2285
20,Trans,NA,2351
20,Start,40,2351
20,Trans,NA,2285
20,Trans,NA,2284
20,Trans,NA,2229
20,Trans,NA,2283
20,Trans,NA,2354
20,Trans,NA,2432
20,Trans,NA,2413
20,Trans,NA,2414
20,Trans,NA,2401
20,Trans,NA,2386
20,Trans,NA,2374
20,Trans,NA,2373
20,Trans,NA,2364
20,Trans,NA,2275
20,Trans,NA,2429
20,Trans,NA,2478
20,Trans,NA,2635
20,Trans,NA,2802
20,Trans,NA,2803
20,Trans,NA,2961
20,Trans,NA,3124
20,Trans,NA,3249
20,Trans,NA,3250
20,Trans,NA,3382
20,Trans,NA,3458
20,Trans,NA,3613
20,Trans,NA,3706
20,Trans,NA,3796
20,Trans,NA,3860
20,Trans,NA,3905
20,Trans,NA,3939
20,Trans,NA,4000
20,Trans,NA,4113
20,Trans,NA,4547
20,Trans,NA,4885
20,Trans,NA,5174
20,Trans,NA,5345
20,Trans,NA,5412
20,Trans,NA,5413
20,Trans,NA,5355
20,Trans,NA,5298
20,Trans,NA,5247
20,Trans,NA,5228
20,Trans,NA,5217
20,Trans,NA,5181
20,Trans,NA,5117
20,Trans,NA,5116
20,End,NA,5042
1,Taxi,NA,9347
1,Trans,NA,9343
1,Trans,NA,9336
1,Trans,NA,9301
1,Trans,NA,9277
1,Trans,NA,9241
1,Trans,NA,9240
1,Trans,NA,9212
1,Trans,NA,9121
1,Trans,NA,8969
1,Trans,NA,8883
1,Trans,NA,8776
1,Trans,NA,8724
1,Trans,NA,8679
1,Trans,NA,8513
1,Trans,NA,8494
1,Trans,NA,8434
1,Trans,NA,8378
1,Trans,NA,8331
1,Trans,NA,8188
1,Trans,NA,8103
1,Trans,NA,7997
1,Trans,NA,7935
1,Trans,NA,7839
1,Trans,NA,7840
1,Trans,NA,7475
1,Trans,NA,7452
1,Trans,NA,7355
1,Trans,NA,7231
1,Trans,NA,6979
1,Trans,NA,6980
1,Trans,NA,6704
1,Trans,NA,6703
1,Trans,NA,6599
1,Trans,NA,6427
1,Trans,NA,6428
1,Trans,NA,6483
1,Trans,NA,6505
1,Trans,NA,6537
1,Trans,NA,6643
1,Trans,NA,6715
1,Trans,NA,6925
1,Trans,NA,6924
1,Trans,NA,6786
1,Trans,NA,6785
1,Trans,NA,6602
1,Trans,NA,6867
1,Trans,NA,7030
1,Trans,NA,6612
1,Trans,NA,6254
1,Trans,NA,6255
1,Trans,NA,5908
1,Trans,NA,5818
1,Trans,NA,5817
1,Trans,NA,5756
1,Trans,NA,5709
1,Trans,NA,5695
1,Trans,NA,5601
1,Trans,NA,5600
1,Trans,NA,5527
1,Trans,NA,5316
1,Trans,NA,5148
1,Trans,NA,4844
1,Trans,NA,4730
1,Trans,NA,4704
1,Trans,NA,4322
1,Trans,NA,4323
1,Trans,NA,4185
1,Trans,NA,4070
1,Trans,NA,3960
1,Trans,NA,3821
1,Trans,NA,3378
1,Trans,NA,3379
1,Trans,NA,3216
1,Trans,NA,3146
1,Trans,NA,2974
1,Trans,NA,2943
1,Trans,NA,2942
1,Trans,NA,2637
1,Trans,NA,2636
1,Trans,NA,2561
1,Trans,NA,2481
1,Trans,NA,2049
1,Trans,NA,1946
1,Trans,NA,1947
1,Trans,NA,1909
1,Trans,NA,1865
1,Trans,NA,1795
1,Trans,NA,1722
1,Trans,NA,1655
1,Trans,NA,1567
1,Trans,NA,1568
1,Trans,NA,1451
1,Trans,NA,1394
1,Trans,NA,1381
1,Trans,NA,1310
1,Trans,NA,1312
1,Trans,NA,1216
1,Trans,NA,1208
1,Trans,NA,1203
1,Trans,NA,1197
1,Trans,NA,1189
1,Trans,NA,1185
1,Trans,NA,1179
1,Trans,NA,1175
1,Trans,NA,1166
1,Trans,NA,1164
1,Trans,NA,1153
1,Trans,NA,1143
1,Trans,NA,1144
1,Trans,NA,1136
1,Trans,NA,1131
1,Trans,NA,1117
1,Trans,NA,1119
1,Start,33,1119
1,Trans,NA,1117
1,Trans,NA,1131
1,Trans,NA,1136
1,Trans,NA,1144
1,Trans,NA,1143
1,Trans,NA,1153
1,Trans,NA,1164
1,Trans,NA,1166
1,Trans,NA,1175
1,Trans,NA,1179
1,Trans,NA,1185
1,Trans,NA,1189
1,Trans,NA,1197
1,Trans,NA,1203
1,Trans,NA,1208
1,Trans,NA,1216
1,Trans,NA,1312
1,Trans,NA,1310
1,Trans,NA,1381
1,Trans,NA,1394
1,Trans,NA,1451
1,Trans,NA,1568
1,Trans,NA,1567
1,Trans,NA,1655
1,Trans,NA,1722
1,Trans,NA,1795
1,Trans,NA,1865
1,Trans,NA,1909
1,Trans,NA,1947
1,Trans,NA,1946
1,Trans,NA,2049
1,Trans,NA,2481
1,Trans,NA,2561
1,Trans,NA,2636
1,Trans,NA,2637
1,Trans,NA,2942
1,Trans,NA,2943
1,Trans,NA,2974
1,Trans,NA,3146
1,Trans,NA,3216
1,Trans,NA,3379
1,Trans,NA,3378
1,Trans,NA,3821
1,Trans,NA,3960
1,Trans,NA,4070
1,Trans,NA,4185
1,Trans,NA,4323
1,Trans,NA,4322
1,Trans,NA,4704
1,Trans,NA,4730
1,Trans,NA,4844
1,Trans,NA,5148
1,Trans,NA,5316
1,Trans,NA,5527
1,Trans,NA,5600
1,Trans,NA,5601
1,Trans,NA,5695
1,Trans,NA,5709
1,Trans,NA,5756
1,Trans,NA,5817
1,Trans,NA,5818
1,Trans,NA,5908
1,Trans,NA,6255
1,Trans,NA,6254
1,Trans,NA,6612
1,Trans,NA,7030
1,Trans,NA,6867
1,Trans,NA,6602
1,Trans,NA,6785
1,Trans,NA,6786
1,Trans,NA,6924
1,Trans,NA,6925
1,Trans,NA,6715
1,Trans,NA,6643
1,Trans,NA,6537
1,Trans,NA,6505
1,Trans,NA,6483
1,Trans,NA,6428
1,Trans,NA,6427
1,Trans,NA,6599
1,Trans,NA,6703
1,Trans,NA,6704
1,Trans,NA,6980
1,Trans,NA,6979
1,Trans,NA,7231
1,Trans,NA,7355
1,Trans,NA,7452
1,Trans,NA,7475
1,Trans,NA,7840
1,Trans,NA,7839
1,Trans,NA,7935
1,Trans,NA,7997
1,Trans,NA,8103
1,Trans,NA,8188
1,Trans,NA,8331
1,Trans,NA,8378
1,Trans,NA,8434
1,Trans,NA,8494
1,Trans,NA,8513
1,Trans,NA,8679
1,Trans,NA,8678
1,Trans,NA,8696
1,Trans,NA,8695
1,Trans,NA,8704
1,Trans,NA,8717
1,Trans,NA,8554
1,Trans,NA,8555
1,Trans,NA,8450
1,Trans,NA,8449
1,Trans,NA,8437
1,Trans,NA,8429
1,Trans,NA,8318
1,Trans,NA,8315
1,Trans,NA,8311
1,Trans,NA,8312
1,Trans,NA,8309
1,End,NA,7704
2,Taxi,NA,1422
2,Trans,NA,1454
2,Trans,NA,1574
2,Trans,NA,1605
2,Trans,NA,1565
2,Trans,NA,1631
2,Trans,NA,1681
2,Trans,NA,1745
2,Trans,NA,1746
2,Trans,NA,1907
2,Trans,NA,1906
2,Trans,NA,1924
2,Trans,NA,1934
2,Trans,NA,2007
2,Trans,NA,2078
2,Trans,NA,2024
2,Trans,NA,2025
2,Trans,NA,1978
2,Trans,NA,2048
2,Trans,NA,2049
2,Trans,NA,2481
2,Trans,NA,2561
2,Trans,NA,2636
2,Trans,NA,2637
2,Trans,NA,2942
2,Trans,NA,2943
2,Trans,NA,2974
2,Trans,NA,3146
2,Trans,NA,3216
2,Trans,NA,3379
2,Trans,NA,3378
2,Trans,NA,3821
2,Trans,NA,3960
2,Trans,NA,4070
2,Trans,NA,4185
2,Trans,NA,4323
2,Trans,NA,4322
2,Trans,NA,4704
2,Trans,NA,4730
2,Trans,NA,4844
2,Trans,NA,5148
2,Trans,NA,5316
2,Trans,NA,5527
2,Trans,NA,5600
2,Trans,NA,5601
2,Trans,NA,5695
2,Trans,NA,5709
2,Trans,NA,5756
2,Trans,NA,5817
2,Trans,NA,5818
2,Trans,NA,5908
2,Trans,NA,6255
2,Trans,NA,6254
2,Start,28,6254
2,Trans,NA,6255
2,Trans,NA,5851
2,Trans,NA,5852
2,Trans,NA,5738
2,Trans,NA,5739
2,Trans,NA,5608
2,Trans,NA,5609
2,Trans,NA,5578
2,Trans,NA,5498
2,End,NA,5497
3,Taxi,NA,10779
3,Trans,NA,10679
3,Trans,NA,10522
3,Trans,NA,10447
3,Trans,NA,10411
3,Trans,NA,10410
3,Trans,NA,10409
3,Trans,NA,10487
3,Trans,NA,10486
3,Trans,NA,10523
3,Trans,NA,10324
3,Trans,NA,10296
3,Trans,NA,10245
3,Trans,NA,10246
3,Trans,NA,10166
3,Trans,NA,10090
3,Trans,NA,9699
3,Trans,NA,9607
3,Trans,NA,9606
3,Trans,NA,9575
3,Trans,NA,9494
3,Trans,NA,9322
3,Trans,NA,9142
3,Trans,NA,9141
3,Trans,NA,8862
3,Trans,NA,8732
3,Trans,NA,8594
3,Trans,NA,8377
3,Trans,NA,8139
3,Trans,NA,7980
3,Trans,NA,7746
3,Trans,NA,7469
3,Trans,NA,7165
3,Trans,NA,7164
3,Trans,NA,6548
3,Trans,NA,6061
3,Trans,NA,5876
3,Trans,NA,5491
3,Trans,NA,5275
3,Trans,NA,4885
3,Trans,NA,4547
3,Trans,NA,4113
3,Trans,NA,4000
3,Trans,NA,3939
3,Trans,NA,3905
3,Trans,NA,3860
3,Trans,NA,3796
3,Trans,NA,3706
3,Trans,NA,3613
3,Trans,NA,3458
3,Trans,NA,3382
3,Trans,NA,3250
3,Trans,NA,3249
3,Trans,NA,3124
3,Trans,NA,2961
3,Trans,NA,2803
3,Trans,NA,2802
3,Trans,NA,2635
3,Trans,NA,2478
3,Trans,NA,2429
3,Trans,NA,2125
3,Trans,NA,2124
3,Trans,NA,1951
3,Trans,NA,1895
3,Trans,NA,1726
3,Trans,NA,1725
3,Trans,NA,1733
3,Trans,NA,1732
3,Trans,NA,1698
3,Trans,NA,1658
3,Trans,NA,1648
3,Trans,NA,1647
3,Trans,NA,1652
3,Trans,NA,1656
3,Trans,NA,1695
3,Trans,NA,1571
3,Trans,NA,1322
3,Trans,NA,1321
3,Trans,NA,969
3,Trans,NA,970
3,Trans,NA,1132
3,Trans,NA,1160
3,Trans,NA,1161
3,Trans,NA,1169
3,Trans,NA,1193
3,Trans,NA,1202
3,Trans,NA,1224
3,Trans,NA,1223
3,Trans,NA,1256
3,Trans,NA,1325
3,Trans,NA,1462
3,Trans,NA,1463
3,Trans,NA,1493
3,Trans,NA,1507
3,Trans,NA,1508
3,Trans,NA,1550
3,Start,45,1550
3,Trans,NA,1508
3,Trans,NA,1507
3,Trans,NA,1493
3,Trans,NA,1463
3,Trans,NA,1462
3,Trans,NA,1407
3,Trans,NA,1333
3,Trans,NA,1332
3,Trans,NA,1307
3,Trans,NA,1370
3,Trans,NA,1456
3,Trans,NA,1619
3,Trans,NA,1620
3,Trans,NA,1765
3,Trans,NA,1918
3,Trans,NA,1926
3,Trans,NA,1949
3,Trans,NA,1950
3,Trans,NA,2028
3,Trans,NA,2076
3,Trans,NA,2144
3,Trans,NA,2145
3,Trans,NA,2177
3,Trans,NA,2278
3,Trans,NA,2277
3,Trans,NA,2252
3,Trans,NA,2256
3,Trans,NA,2311
3,Trans,NA,2312
3,Trans,NA,2458
3,Trans,NA,2463
3,Trans,NA,2465
3,Trans,NA,2489
3,Trans,NA,2455
3,Trans,NA,2484
3,Trans,NA,2523
3,Trans,NA,2576
3,Trans,NA,2887
3,Trans,NA,3001
3,Trans,NA,3314
3,Trans,NA,3385
3,Trans,NA,3491
3,Trans,NA,3640
3,Trans,NA,3804
3,Trans,NA,4025
3,Trans,NA,4155
3,Trans,NA,4173
3,Trans,NA,4235
3,Trans,NA,4362
3,Trans,NA,4538
3,Trans,NA,4947
3,Trans,NA,5152
3,Trans,NA,5347
3,Trans,NA,5348
3,Trans,NA,6048
3,Trans,NA,6268
3,Trans,NA,6480
3,Trans,NA,6624
3,Trans,NA,6625
3,Trans,NA,6984
3,Trans,NA,6958
3,Trans,NA,6953
3,Trans,NA,6896
3,Trans,NA,6949
3,Trans,NA,7028
3,Trans,NA,7027
3,Trans,NA,7161
3,Trans,NA,7299
3,Trans,NA,7298
3,Trans,NA,7387
3,Trans,NA,7382
3,Trans,NA,7420
3,Trans,NA,7454
3,Trans,NA,7504
3,Trans,NA,7371
3,Trans,NA,7407
3,Trans,NA,7406
3,Trans,NA,7265
3,Trans,NA,7264
3,Trans,NA,7282
3,Trans,NA,7306
3,Trans,NA,7310
3,Trans,NA,7294
3,Trans,NA,7293
3,Trans,NA,7269
3,Trans,NA,7226
3,Trans,NA,7227
3,End,NA,7229
4,Taxi,NA,5234
4,Trans,NA,5204
4,Trans,NA,5185
4,Trans,NA,5163
4,Trans,NA,5123
4,Trans,NA,5032
4,Trans,NA,4969
4,Trans,NA,4916
4,Trans,NA,4852
4,Trans,NA,4708
4,Trans,NA,4720
4,Trans,NA,4731
4,Trans,NA,4732
4,Trans,NA,4833
4,Trans,NA,4834
4,Trans,NA,4851
4,Trans,NA,4893
4,Trans,NA,4894
4,Trans,NA,4879
4,Trans,NA,4895
4,Trans,NA,4896
4,Trans,NA,4651
4,Trans,NA,4650
4,Trans,NA,4552
4,Trans,NA,4402
4,Trans,NA,4374
4,Trans,NA,4375
4,Trans,NA,4326
4,Trans,NA,4324
4,Trans,NA,4323
4,Trans,NA,4185
4,Trans,NA,4070
4,Trans,NA,3960
4,Trans,NA,3821
4,Trans,NA,3378
4,Trans,NA,3379
4,Trans,NA,3216
4,Trans,NA,3146
4,Trans,NA,2974
4,Trans,NA,2943
4,Trans,NA,2942
4,Trans,NA,2637
4,Trans,NA,2636
4,Trans,NA,2561
4,Trans,NA,2481
4,Trans,NA,2049
4,Trans,NA,2143
4,Trans,NA,2144
4,Trans,NA,2076
4,Trans,NA,2028
4,Trans,NA,2002
4,Trans,NA,2098
4,Start,7,2098
4,Trans,NA,2002
4,Trans,NA,2028
4,Trans,NA,2076
4,Trans,NA,2144
4,Trans,NA,2143
4,Trans,NA,2049
4,Trans,NA,2481
4,Trans,NA,2561
4,Trans,NA,2636
4,Trans,NA,2637
4,Trans,NA,2942
4,Trans,NA,2943
4,Trans,NA,2974
4,Trans,NA,3146
4,Trans,NA,3216
4,Trans,NA,3379
4,Trans,NA,3378
4,Trans,NA,3821
4,Trans,NA,3960
4,Trans,NA,4070
4,Trans,NA,4185
4,Trans,NA,4323
4,Trans,NA,4322
4,Trans,NA,4704
4,Trans,NA,4730
4,Trans,NA,4844
4,Trans,NA,5148
4,Trans,NA,5316
4,Trans,NA,5527
4,Trans,NA,5600
4,Trans,NA,5601
4,Trans,NA,5695
4,Trans,NA,5709
4,Trans,NA,5756
4,Trans,NA,5817
4,Trans,NA,5818
4,Trans,NA,5908
4,Trans,NA,5909
4,Trans,NA,6026
4,Trans,NA,6118
4,Trans,NA,6152
4,Trans,NA,6154
4,End,NA,6313
5,Taxi,NA,9729
5,Trans,NA,9641
5,Trans,NA,9642
5,Trans,NA,9562
5,Trans,NA,9528
5,Trans,NA,9527
5,Trans,NA,9425
5,Trans,NA,9426
5,Trans,NA,9403
5,Trans,NA,9377
5,Trans,NA,9295
5,Trans,NA,9202
5,Trans,NA,9203
5,Trans,NA,9053
5,Trans,NA,9052
5,Trans,NA,8913
5,Trans,NA,8863
5,Trans,NA,8800
5,Trans,NA,8754
5,Trans,NA,8756
5,Trans,NA,8655
5,Trans,NA,8657
5,Trans,NA,8627
5,Trans,NA,8628
5,Trans,NA,8585
5,Trans,NA,8584
5,Trans,NA,9094
5,Trans,NA,9411
5,Trans,NA,9413
5,Trans,NA,9363
5,Trans,NA,9257
5,Trans,NA,9067
5,Trans,NA,8748
5,Start,7,8750
5,Trans,NA,8673
5,Trans,NA,8483
5,Trans,NA,8385
5,Trans,NA,8345
5,Trans,NA,8199
5,Trans,NA,8200
5,Trans,NA,8125
5,Trans,NA,7918
5,Trans,NA,7887
5,Trans,NA,7886
5,Trans,NA,7861
5,Trans,NA,7702
5,Trans,NA,7417
5,Trans,NA,7422
5,Trans,NA,7298
5,Trans,NA,7299
5,Trans,NA,7161
5,Trans,NA,7027
5,Trans,NA,7028
5,Trans,NA,6949
5,Trans,NA,6896
5,Trans,NA,6953
5,Trans,NA,6958
5,Trans,NA,6984
5,Trans,NA,6625
5,Trans,NA,6624
5,Trans,NA,6480
5,Trans,NA,6268
5,Trans,NA,6048
5,Trans,NA,5348
5,Trans,NA,5347
5,Trans,NA,5152
5,Trans,NA,4947
5,Trans,NA,4538
5,Trans,NA,4362
5,Trans,NA,4235
5,Trans,NA,4173
5,Trans,NA,4155
5,Trans,NA,4025
5,Trans,NA,3804
5,Trans,NA,3640
5,Trans,NA,3491
5,Trans,NA,3385
5,Trans,NA,3314
5,Trans,NA,3002
5,Trans,NA,2835
5,Trans,NA,2806
5,Trans,NA,2705
5,Trans,NA,2577
5,Trans,NA,2547
5,Trans,NA,2546
5,Trans,NA,2514
5,Trans,NA,2471
5,Trans,NA,2447
5,Trans,NA,2354
5,Trans,NA,2283
5,Trans,NA,2223
5,Trans,NA,2222
5,Trans,NA,2195
5,Trans,NA,2059
5,Trans,NA,2060
5,Trans,NA,1999
5,Trans,NA,1966
5,Trans,NA,1927
5,Trans,NA,1870
5,Trans,NA,1869
5,Trans,NA,1809
5,Trans,NA,1695
5,Trans,NA,1571
5,Trans,NA,1403
5,Trans,NA,1509
5,Trans,NA,1499
5,Trans,NA,1504
5,End,NA,1503
